postcode,region,location_count,total_tiv,avg_risk_score
WS84 7EU,West Midlands,1,158570266.38,113.29
RH7 6BA,South East,1,147940367.39,56.437
WS5 4YT,West Midlands,1,136041014.24,28.093
PO1 7DT,South East,1,107099076.75,27.734
W4 5UJ,Greater London,1,100437948.67,27.638
E30 6XA,Greater London,1,94049239.09,110.156
W59 8GN,Greater London,1,84284377.04,27.375
NP48 3BH,Wales,1,75861414.64,81.65
LU82 6KT,East of England,1,75345998.21,54.413
OX59 5WA,South East,1,74487324.6,54.378
,South East,18,73129541.67,40.10461111111111
LS30 4VW,Yorkshire and the Humber,1,72880435.88,81.469
WA53 4JH,North West,1,71975880.85,27.138
CO63 4RP,East of England,1,70205159.37,27.1
E44 3YP,Greater London,1,70073000.92,54.195
PO11 5GN,South East,1,69294690.04,81.242
BS47 5BB,South West,1,68401686.08,54.123
BN51 2SG,South East,1,63595325.99,26.952
HU89 7AA,Yorkshire and the Humber,1,62447562.63,80.774
,East of England,12,62272360.34,41.224583333333335
WC91 5PN,Greater London,1,60955301.77,107.554
,Greater London,21,59054025.73,32.24995238095238
W9 5JZ,Greater London,1,57407119.59,53.597
SW63 4ZX,Greater London,1,56518092.63,26.775
DD24 2ZT,Scotland,1,55628757.01,53.503
NR55 8WP,East of England,1,53501428.6,80.078
CM19 3DK,East of England,1,53000335.39,53.357
NR96 4VA,East of England,1,52904312.66,26.676
S21 8SN,Yorkshire and the Humber,1,52891516.07,80.027
GU48 1VY,South East,1,52506733.75,26.665
PL56 2DV,South West,1,50132978.1,53.191
GU6 2ET,South East,1,50087632.72,53.188
NW49 6YX,Greater London,1,47966749.69,26.529
LU73 3WR,East of England,1,47824918.14,79.574
HD66 3FC,Yorkshire and the Humber,1,47767241.89,26.523
HU29 6SH,Yorkshire and the Humber,1,46765648.94,52.982
NG70 8MJ,East Midlands,1,46563569.51,26.484
CM38 5CC,East of England,1,45550959.39,26.452
WV4 3WF,West Midlands,1,45467009.15,79.346
WN74 8KW,North West,1,45153898.11,26.438
WC26 7MG,Greater London,1,43892190.74,52.792
HD33 1DM,Yorkshire and the Humber,1,43638900.34,26.387
CM91 5CA,East of England,1,43207213.65,52.745
B32 5XE,West Midlands,1,43051967.48,52.734
LS36 8SV,Yorkshire and the Humber,1,41964013.43,78.985
,North West,14,41950015.68,28.568214285714284
LE34 1HB,East Midlands,1,40920622.85,105.163
BS82 5UT,South West,1,40490082.0,52.55
BL73 1DR,North West,1,40329422.73,26.269
WN76 5KR,North West,1,40222337.53,52.53
SW70 6DM,Greater London,1,40037135.27,52.516
PR18 6ZR,North West,1,39948411.1,26.255
BT87 5RK,Northern Ireland,1,39919483.17,26.254
CM8 6KR,East of England,1,39900181.65,52.506
BD63 2YW,Yorkshire and the Humber,1,39852369.49,52.502
DY35 3ZF,West Midlands,1,39795326.55,26.249
CV6 7DH,West Midlands,1,39716818.28,26.246
PL60 1SB,South West,1,38341176.07,78.579
WV44 8MW,West Midlands,1,37842879.2,38.388
W93 7MY,Greater London,1,37821129.6,78.518
DY18 2WX,West Midlands,1,37729871.46,78.507
CM48 3XA,East of England,1,37524985.42,52.322
BT48 5GC,Northern Ireland,1,37487693.39,52.319
GU84 4BY,South East,1,37432016.97,78.471
G21 1WA,Scotland,1,36855457.14,104.535
BB97 8EE,North West,1,36445075.63,20.894
N96 7HK,Greater London,1,36323436.53,26.112
W4 1NN,Greater London,1,36265412.37,104.438
OX19 6RB,South East,1,36037034.57,26.1
WC13 5JR,Greater London,1,36034706.17,104.4
RG24 2MD,South East,1,35691105.55,26.086
LD13 6FY,Wales,1,35386959.69,26.073
NN28 1AY,East Midlands,1,35148188.59,52.125
ST54 4FT,West Midlands,1,35140475.99,52.125
WS73 8RY,West Midlands,1,35090188.26,52.12
G96 8TX,Scotland,1,34896211.78,104.207
BH90 5NA,South West,1,34849262.63,26.05
BL3 5RS,North West,1,34039425.25,78.044
NW96 1BH,Greater London,1,33886976.59,52.016
WS60 2JM,West Midlands,1,33791270.9,26.004
SA94 1YG,Wales,1,33684994.63,25.999
SE97 6MR,Greater London,1,33462289.58,103.956
LS11 3XD,Yorkshire and the Humber,1,33332126.83,51.966
BL37 5PS,North West,1,33279826.6,51.961
WV20 2DA,West Midlands,1,33146618.05,25.975
DD43 1JF,Scotland,1,32457892.06,51.886
HD75 8BE,Yorkshire and the Humber,1,32146748.97,25.929
SW83 8BM,Greater London,1,31783376.8,51.823
,South West,9,31757734.82,26.16422222222222
SW48 7PB,Greater London,1,31755487.44,51.821
S88 2ZA,Yorkshire and the Humber,1,31721788.33,103.635
BT44 2KH,Northern Ireland,1,31706522.53,77.724
GU53 7EP,South East,1,31616739.11,25.904
EX8 3SZ,South West,1,31492226.8,51.796
RG76 8HS,South East,1,31377267.52,25.892
E97 3DT,Greater London,1,31229168.88,103.541
EC45 1WK,Greater London,1,31158141.61,51.764
BS30 3MV,South West,1,31049564.23,51.753
BH59 1YE,South West,1,30856011.82,77.602
EC91 6HT,Greater London,1,30830431.09,25.866
LN32 4TB,East Midlands,1,30522632.31,103.404
NG78 6MK,East Midlands,1,30415972.63,25.846
,Wales,7,30215299.12,35.62
LE31 6GA,East Midlands,1,30128524.06,25.831
CM1 5AU,East of England,1,30093379.3,25.83
EX45 2KB,South West,1,29940656.2,25.822
WS96 6SJ,West Midlands,1,29934599.96,77.465
PO35 3PF,South East,1,29906709.15,51.641
ST70 6ZS,West Midlands,1,29817216.4,25.816
N25 5CK,Greater London,1,29773802.01,25.814
EX70 1PG,South West,1,29629682.81,25.806
CF45 2VV,Wales,1,29590788.67,25.804
ST77 3FP,West Midlands,1,29510937.89,25.8
NE30 2WJ,North East,1,29292902.07,25.789
RG49 8XZ,South East,1,29274862.76,77.365
NN29 2PP,East Midlands,1,29211502.65,77.355
LS59 7FN,Yorkshire and the Humber,1,29028520.2,77.327
GU43 4XY,South East,1,28983266.2,51.547
HU53 1ND,Yorkshire and the Humber,1,28779031.29,77.288
G52 3SH,Scotland,1,28541156.56,51.501
SW17 2AE,Greater London,1,28357094.0,25.741
OX9 5PE,South East,1,28348518.46,25.74
RG91 2PD,South East,1,28309429.67,77.214
BL96 5YE,North West,1,28236193.25,51.468
N62 7JE,Greater London,1,28222371.31,25.733
M51 1TF,North West,1,27855371.64,51.428
B28 4ZE,West Midlands,1,27725723.75,25.707
HG1 7ZF,Yorkshire and the Humber,1,27578131.03,51.398
NW22 8ER,Greater London,1,27562716.82,51.396
GL63 6EG,South West,1,27379367.81,25.688
SE48 2EG,Greater London,1,27205728.74,25.678
WA76 8UC,North West,1,27132431.64,77.023
WC41 3GR,Greater London,1,27056775.99,25.67
HD70 7DD,Yorkshire and the Humber,1,26653733.28,51.295
LU94 8PR,East of England,1,26617788.88,51.291
NW83 7JB,Greater London,1,26430952.81,25.635
DE8 4GE,East Midlands,1,26196004.19,25.622
NR87 5YW,East of England,1,26155411.64,102.477
HU24 2RT,Yorkshire and the Humber,1,26085225.04,25.615
ST39 7MM,West Midlands,1,26015463.69,25.611
N69 6XK,Greater London,1,25839743.09,51.202
SO19 6HR,South East,1,25781283.79,51.195
M70 7XT,North West,1,25727475.89,25.595
CO85 7WA,East of England,1,25717909.43,25.594
PO9 1BE,South East,1,25706615.27,51.187
NR74 6GU,East of England,1,25678191.14,25.592
L4 1FS,North West,1,25514993.39,37.521
EC11 8VK,Greater London,1,25248822.44,51.133
BS86 1YU,South West,1,24795876.71,25.539
SW16 4SS,Greater London,1,24698035.61,51.067
DD14 1RZ,Scotland,1,24661037.16,51.062
SW63 2XA,Greater London,1,24628252.31,51.058
LU11 7RG,East of England,1,24483698.36,25.52
LD51 7TE,Wales,1,24460950.81,25.519
DD28 2VR,Scotland,1,24432241.61,25.517
EC93 8WC,Greater London,1,24368509.39,25.513
IV81 1HR,Scotland,1,24367615.71,25.513
EC7 2PH,Greater London,1,24325582.93,25.511
PO59 8HC,South East,1,24306425.22,25.509
BN69 7AA,South East,1,24199031.29,25.503
RG54 8DH,South East,1,24061238.67,25.494
OX20 8ZG,South East,1,24018105.73,50.983
B25 7KX,West Midlands,1,23860142.36,25.482
SO70 3TR,South East,1,23778030.86,50.953
EH90 3GT,Scotland,1,23606228.81,76.397
NR66 6GZ,East of England,1,23536948.35,50.922
WC36 6GX,Greater London,1,23459792.42,50.912
SE43 5YV,Greater London,1,23357129.24,50.899
BA35 5HF,South West,1,23346224.3,50.898
WC57 3EU,Greater London,1,23296843.75,20.357
CM36 1NZ,East of England,1,23288567.64,101.781
BT72 3KA,Northern Ireland,1,23240834.86,76.326
PO18 6XZ,South East,1,23208698.01,25.44
NW77 8KA,Greater London,1,23098670.24,25.433
RG77 5SJ,South East,1,23098665.58,76.299
WC36 5KB,Greater London,1,23063967.07,50.861
EX20 2SF,South West,1,22963764.07,25.424
LS59 1DR,Yorkshire and the Humber,1,22799307.76,76.24
PL55 5HB,South West,1,22776387.31,76.236
HU35 7JY,Yorkshire and the Humber,1,22694253.5,25.406
BL69 4TJ,North West,1,22669229.65,25.405
EC37 7KD,Greater London,1,22637563.88,50.805
NR91 8SP,East of England,1,22499698.22,76.181
CO34 8YE,East of England,1,22479877.13,25.392
NW89 6ER,Greater London,1,22423406.91,25.388
NG44 8CY,East Midlands,1,22402484.89,25.387
GU24 4BK,South East,1,22392725.13,25.386
DN26 7VM,Yorkshire and the Humber,1,22360813.78,25.384
LD74 6DJ,Wales,1,22348714.82,76.15
LD77 4JW,Wales,1,22236643.44,25.376
,Yorkshire and the Humber,11,22222726.74,29.153
RG28 8PR,South East,1,22121384.78,25.368
M83 8JV,North West,1,22070316.87,25.365
W43 1ZR,Greater London,1,22055976.37,76.091
N73 7TA,Greater London,1,22035030.58,50.724
BT81 8CH,Northern Ireland,1,21898992.51,25.353
NR47 3FH,East of England,1,21891111.63,25.352
NW70 3XW,Greater London,1,21880122.79,76.055
NN95 8NF,East Midlands,1,21848938.8,25.349
N60 6AM,Greater London,1,21716704.56,25.34
SA71 1ZC,Wales,1,21561879.87,25.33
SY54 6ZN,Wales,1,21535080.79,50.656
WV19 6NM,West Midlands,1,21524378.36,25.327
BS75 4JT,South West,1,21476445.1,50.647
DE28 1HY,East Midlands,1,21474009.36,50.647
SW87 6HS,Greater London,1,21454465.46,25.322
SE61 8DM,Greater London,1,21338594.15,25.314
WN35 7KX,North West,1,21304696.4,50.623
WV98 5VY,West Midlands,1,21103055.99,75.892
BT82 8PK,Northern Ireland,1,21065524.45,101.179
WN90 5MV,North West,1,21048584.74,25.294
LL13 8EU,Wales,1,21036085.27,25.293
WV82 2YM,West Midlands,1,21033765.03,25.292
CV79 8DS,West Midlands,1,20950099.17,25.286
YO64 4PN,Yorkshire and the Humber,1,20942583.17,101.144
G62 8GU,Scotland,1,20935595.09,25.285
BS90 7GK,South West,1,20901445.8,25.283
SE95 3KX,Greater London,1,20893696.53,101.13
NR24 7TW,East of England,1,20890291.68,75.847
W93 4RH,Greater London,1,20881935.29,50.563
WN35 3AB,North West,1,20813522.92,50.553
DD79 7AJ,Scotland,1,20796109.96,25.275
W56 3WK,Greater London,1,20780957.18,75.823
LS9 6BK,Yorkshire and the Humber,1,20758742.71,25.273
S30 1JG,Yorkshire and the Humber,1,20722219.92,75.81
NN82 1FG,East Midlands,1,20668692.38,25.266
ST42 1PR,West Midlands,1,20665074.03,25.266
WA20 1SM,North West,1,20581468.72,50.52
LE4 3EM,East Midlands,1,20560989.24,25.258
EX94 4VV,South West,1,20560680.17,50.517
CH63 5FF,North West,1,20485185.18,101.011
SA35 8MJ,Wales,1,20406497.63,75.741
PR87 8WE,North West,1,20362613.91,25.244
WC73 1DF,Greater London,1,20275313.57,50.475
WS80 8CY,West Midlands,1,20273865.51,50.475
EX66 8NZ,South West,1,20271863.45,25.237
CO54 6XN,East of England,1,20248665.12,50.471
DD29 6CP,Scotland,1,20248071.75,25.235
PR3 1PY,North West,1,20232771.12,50.468
DY85 5DR,West Midlands,1,20202789.25,50.464
IV87 2ZW,Scotland,1,20175094.88,60.552
DE43 8GJ,East Midlands,1,20145908.17,25.228
WC77 4XR,Greater London,1,20132031.03,50.453
SW72 2PH,Greater London,1,20083347.44,50.446
L81 5XY,North West,1,20048033.94,75.661
BN98 5GX,South East,1,20020264.37,50.437
PA18 3KM,Scotland,1,19955278.02,25.214
DE69 5BB,East Midlands,1,19899372.14,75.628
WN83 4KP,North West,1,19795573.56,50.403
N43 8YG,Greater London,1,19626812.06,75.566
BB55 7RZ,North West,1,19513386.59,25.18
NW91 4CK,Greater London,1,19392495.1,25.171
BB94 5PN,North West,1,19284785.04,25.162
EH18 2WY,Scotland,1,19233209.49,25.158
B34 6XU,West Midlands,1,19227304.63,50.316
IV38 7NU,Scotland,1,19171049.08,73.783
DH93 1WA,North East,1,19128270.71,25.15
NN2 1YW,East Midlands,1,19127849.19,25.15
E75 6NK,Greater London,1,19099507.73,50.296
SW67 4WB,Greater London,1,19099042.65,75.443
LD20 5WP,Wales,1,19073822.1,50.291
W10 5ZS,Greater London,1,19033678.83,25.143
SE27 6TR,Greater London,1,19014686.16,50.282
DD16 8TA,Scotland,1,18994936.97,50.279
G34 1TC,Scotland,1,18939838.97,25.135
WA45 4WD,North West,1,18908960.47,75.398
N90 2NN,Greater London,1,18901857.24,50.264
OX86 8CW,South East,1,18892895.75,25.131
EX94 7FC,South West,1,18870468.49,20.104
DY91 7AT,West Midlands,1,18862615.29,25.129
RG15 8FU,South East,1,18858342.2,100.515
E86 7KF,Greater London,1,18844970.12,50.255
E3 5US,Greater London,1,18812816.71,50.25
LL1 1DJ,Wales,1,18685493.82,75.345
LL11 2AE,Wales,1,18643320.81,75.334
NN57 8WN,East Midlands,1,18554271.98,20.083
AL10 8DA,East of England,1,18540634.18,60.248
NE24 6SP,North East,1,18494394.86,25.099
CM37 2HD,East of England,1,18357867.29,75.265
SW68 2RT,Greater London,1,18327721.35,75.258
EC90 6TY,Greater London,1,18261702.7,75.241
HU36 8KB,Yorkshire and the Humber,1,18191920.48,25.075
GU94 3NM,South East,1,18171781.9,25.073
OX19 2CM,South East,1,18141732.91,50.141
BT41 3HV,Northern Ireland,1,18048518.27,50.126
NW26 3GN,Greater London,1,18016620.79,75.181
HD76 6RB,Yorkshire and the Humber,1,17967996.36,25.056
LN64 3TR,East Midlands,1,17910022.47,25.051
BT93 2EP,Northern Ireland,1,17850588.07,50.093
L90 2FJ,North West,1,17835494.95,25.045
WV30 3ZZ,West Midlands,1,17778072.47,25.04
SE20 6GZ,Greater London,1,17768155.59,40.063
IP69 3AD,East of England,1,17750824.47,75.114
SO33 8JC,South East,1,17730727.49,40.058
ST82 2WM,West Midlands,1,17693723.56,40.053
M78 6HE,North West,1,17688732.32,50.065
EC30 5ZC,Greater London,1,17683652.12,25.032
WC64 3RY,Greater London,1,17624048.43,25.027
AL70 3AN,East of England,1,17500411.1,75.05
DY75 3UY,West Midlands,1,17439252.55,25.011
SR29 1GP,North East,1,17351771.02,25.004
E10 4KN,Greater London,1,17326656.34,50.003
RG11 7KH,South East,1,17325334.26,100.006
EC23 3ZU,Greater London,1,17309829.5,25.0
G10 5ZM,Scotland,1,17309789.06,25.0
BB25 2TP,North West,1,17250328.44,24.995
CH39 5HU,North West,1,17246120.99,24.995
CH44 5JK,North West,1,17201914.41,39.985
W60 3MV,Greater London,1,17163927.67,49.975
BH54 3RE,South West,1,17156169.31,24.987
RG63 2XE,South East,1,17144067.96,49.971
WN51 6MC,North West,1,17129256.83,24.984
CO72 1ER,East of England,1,17104765.5,24.982
WC10 5UW,Greater London,1,17085299.62,49.961
G74 5SN,Scotland,1,17084579.24,24.981
BT76 3UP,Northern Ireland,1,17080224.18,74.94
BT74 2CZ,Northern Ireland,1,17080201.46,49.96
DY10 2JT,West Midlands,1,17078603.07,24.98
CV28 7YA,West Midlands,1,17073980.04,74.939
TS8 6HT,North East,1,17028693.97,99.902
PA11 8VK,Scotland,1,17016000.89,24.974
GL12 7BN,South West,1,16915097.12,49.931
LN80 8NN,East Midlands,1,16907116.76,49.93
OX50 6KY,South East,1,16840101.25,74.877
CB69 1RR,East of England,1,16826991.95,74.873
GL13 8JE,South West,1,16788791.76,24.954
NG35 4YR,East Midlands,1,16784821.44,74.862
W49 7KH,Greater London,1,16779582.25,24.954
CF89 3MA,Wales,1,16738625.64,24.95
RH31 1YD,South East,1,16706476.04,24.947
DN95 4AU,Yorkshire and the Humber,1,16684492.18,74.835
CV93 7XW,West Midlands,1,16655293.9,24.942
G26 1RJ,Scotland,1,16645472.07,24.941
NG50 2VF,East Midlands,1,16624647.92,24.94
WC29 5JW,Greater London,1,16612896.68,74.816
N26 3ZW,Greater London,1,16524514.39,24.931
BH22 2XC,South West,1,16511245.29,19.943
W23 1CC,Greater London,1,16507755.03,24.929
CO48 3ZZ,East of England,1,16487262.14,24.927
NW60 6NX,Greater London,1,16486156.52,24.927
BT70 3WB,Northern Ireland,1,16423025.0,18.276
SO42 6UF,South East,1,16392746.94,49.837
W94 2XA,Greater London,1,16349303.76,49.829
WS21 7GV,West Midlands,1,16324997.83,49.825
NP41 3HS,Wales,1,16318481.71,74.735
WV73 6CJ,West Midlands,1,16267136.94,49.814
PO15 6RZ,South East,1,16177922.11,24.899
AL52 6BA,East of England,1,16164760.33,24.898
B75 2HB,West Midlands,1,16162149.66,59.753
E45 7ZW,Greater London,1,16154012.68,74.69
SO52 6YV,South East,1,16137663.42,74.685
TR41 6HA,South West,1,16091900.24,49.781
CO35 5WU,East of England,1,16089205.34,49.781
EC43 8ZG,Greater London,1,16052612.61,49.774
DY44 3BS,West Midlands,1,15988153.46,74.643
CO20 1HF,East of England,1,15944004.77,24.877
NW97 7AH,Greater London,1,15940341.71,49.753
WV54 4NT,West Midlands,1,15899669.1,74.618
M29 6XD,North West,1,15867713.66,49.739
NR57 8EF,East of England,1,15856651.61,49.737
M53 1TH,North West,1,15834671.59,49.733
L55 7WA,North West,1,15829952.35,99.464
WN14 4UN,North West,1,15722192.28,99.424
LN79 8DW,East Midlands,1,15679230.8,24.852
BT30 6JA,Northern Ireland,1,15669568.11,99.403
G49 8HM,Scotland,1,15664211.68,49.701
W60 2FZ,Greater London,1,15649803.29,49.698
EC59 8GU,Greater London,1,15642077.73,39.757
,Scotland,11,15639764.620000001,24.548272727272728
NW2 3CK,Greater London,1,15637611.43,74.543
EC72 1SD,Greater London,1,15609883.3,49.69
TR60 7XT,South West,1,15595194.02,74.531
E42 7SP,Greater London,1,15581507.83,49.685
WA22 3YN,North West,1,15577151.12,24.842
BH18 2WB,South West,1,15572833.51,24.842
DN31 2CR,Yorkshire and the Humber,1,15475407.08,49.664
BT24 3SW,Northern Ireland,1,15475217.15,74.496
PO6 3DE,South East,1,15463523.56,49.662
DE19 8PK,East Midlands,1,15446819.01,24.829
BT90 5ZM,Northern Ireland,1,15442759.67,74.487
B35 5FB,West Midlands,1,15395135.16,24.824
BB94 6ZJ,North West,1,15378199.22,49.645
NW95 6RJ,Greater London,1,15357868.29,49.641
M15 3WB,North West,1,15354667.91,24.82
BB53 8AF,North West,1,15351390.78,24.82
DY68 8ZA,West Midlands,1,15320147.79,24.817
PO61 1MJ,South East,1,15317627.43,24.817
SW77 4TU,Greater London,1,15279210.04,24.813
SY19 3DX,Wales,1,15275357.6,49.625
CV81 8RJ,West Midlands,1,15268636.57,49.624
CH36 8AU,North West,1,15264033.41,74.435
NW88 2HT,Greater London,1,15225053.98,24.808
CV92 3PA,West Midlands,1,15198520.91,74.415
CO28 2RS,East of England,1,15145871.97,59.52
RH86 5AB,South East,1,15139981.27,74.398
AL59 2SM,East of England,1,15062318.92,74.375
PO75 6UK,South East,1,15060359.45,49.583
SE67 5RJ,Greater London,1,15057876.95,24.791
GU8 4YP,South East,1,15052322.85,24.791
WC54 8RC,Greater London,1,15049091.96,49.58
OX94 8UN,South East,1,15026719.58,19.83
CB58 8CG,East of England,1,15021899.57,36.355
ST19 8XS,West Midlands,1,15003439.55,49.571
EC27 5GA,Greater London,1,15000640.89,39.657
PO34 3JD,South East,1,14988389.75,49.568
DN21 7AB,Yorkshire and the Humber,1,14972329.65,36.348
LS57 6MK,Yorkshire and the Humber,1,14946649.29,24.78
SR3 8RS,North East,1,14943302.85,39.647
NW38 3MK,Greater London,1,14919246.34,49.554
CM57 3CE,East of England,1,14908178.89,49.552
EC82 7NN,Greater London,1,14897172.61,49.55
PO48 2UT,South East,1,14806881.06,99.064
LS28 7YB,Yorkshire and the Humber,1,14794077.25,49.529
L50 7MH,North West,1,14787746.89,24.764
E27 7GU,Greater London,1,14781301.09,74.29
DE64 2NE,East Midlands,1,14772985.94,24.762
WA83 7GV,North West,1,14759564.36,74.283
N54 7XZ,Greater London,1,14747487.59,74.28
W8 2ZN,Greater London,1,14738090.42,24.759
G53 6GU,Scotland,1,14733202.48,39.613
IP53 3AX,East of England,1,14716605.57,24.757
W15 5GE,Greater London,1,14706651.03,74.267
GU45 3TD,South East,1,14683676.86,24.753
W30 1ZA,Greater London,1,14661277.11,24.751
SE42 5TE,Greater London,1,14614354.99,24.746
E30 5RS,Greater London,1,14613098.56,24.746
WS28 4MR,West Midlands,1,14599465.81,24.745
RH17 6YF,South East,1,14559665.85,74.222
N58 3DZ,Greater London,1,14535314.75,24.738
BN67 6DX,South East,1,14531855.74,74.213
SO85 1AY,South East,1,14514887.21,19.789
WV21 4WW,West Midlands,1,14431641.41,24.727
SY6 5VS,Wales,1,14423200.1,24.727
WS69 1FN,West Midlands,1,14419012.26,49.452
M51 3PH,North West,1,14361440.74,19.776
NE52 3CR,North East,1,14356614.86,24.72
N79 8UR,Greater London,1,14332684.4,74.151
HD50 8UG,Yorkshire and the Humber,1,14292327.29,19.77
SW82 6PE,Greater London,1,14288010.49,49.425
SO57 3BS,South East,1,14273882.22,18.121
E75 4SD,Greater London,1,14197625.32,49.406
EC86 2DX,Greater London,1,14183393.1,49.403
GU75 1AP,South East,1,14169971.31,19.76
E62 4AN,Greater London,1,14158375.58,24.699
RH23 4GD,South East,1,14131988.65,24.696
BS86 7ZB,South West,1,14103014.56,74.079
SW88 6EP,Greater London,1,14087662.58,24.691
LE89 7NE,East Midlands,1,14075590.7,49.38
BN32 3DP,South East,1,14058559.29,24.688
S94 4PX,Yorkshire and the Humber,1,14043619.79,24.687
SW92 4RG,Greater London,1,13998473.06,98.727
OX77 4NR,South East,1,13977035.67,19.744
RG56 4SB,South East,1,13963678.75,39.485
PL43 4NT,South West,1,13952703.34,24.677
SE13 5VT,Greater London,1,13942305.02,74.027
GU26 1RX,South East,1,13931227.56,49.349
SA23 3XT,Wales,1,13918436.38,39.477
BS2 3JM,South West,1,13869568.06,98.671
BN63 3MM,South East,1,13857451.07,19.733
GL49 7SZ,South West,1,13855705.83,24.666
RH15 1PU,South East,1,13824412.5,39.461
W64 4SS,Greater London,1,13805361.61,49.322
E8 6BM,Greater London,1,13773181.62,24.657
BT77 7NM,Northern Ireland,1,13719113.34,24.651
SA76 4FM,Wales,1,13715877.3,49.302
GU64 1TD,South East,1,13713353.95,24.651
EC25 8FW,Greater London,1,13691628.18,49.297
DY12 2GC,West Midlands,1,13674635.35,49.293
N64 7NK,Greater London,1,13648309.53,32.858
NW10 8VG,Greater London,1,13629804.51,24.642
N40 4HE,Greater London,1,13626194.58,73.924
HD56 6WT,Yorkshire and the Humber,1,13619456.45,49.281
YO18 5VS,Yorkshire and the Humber,1,13599112.2,98.553
SW91 2HS,Greater London,1,13526876.8,49.261
SE73 7CU,Greater London,1,13516718.33,73.887
M8 5RE,North West,1,13505462.91,24.628
NW4 5RT,Greater London,1,13502867.94,49.255
W54 1FV,Greater London,1,13497324.94,73.881
BA79 5FM,South West,1,13491138.51,49.253
CM62 6AN,East of England,1,13460462.78,39.397
B69 6VS,West Midlands,1,13460066.82,24.623
BB27 2RT,North West,1,13444320.17,19.697
SA39 7YA,Wales,1,13437941.98,73.861
WS3 5YU,West Midlands,1,13418801.71,49.237
EC11 3NS,Greater London,1,13356385.62,24.611
BD91 2KJ,Yorkshire and the Humber,1,13345963.75,19.688
RG61 7HN,South East,1,13309681.54,98.424
LU16 1MA,East of England,1,13301193.75,49.21
EC63 5RD,Greater London,1,13286297.58,49.207
PA25 4YS,Scotland,1,13283822.28,49.206
TS17 1KZ,North East,1,13272659.72,59.044
SE59 8CF,Greater London,1,13267227.77,24.601
,North East,6,13255735.65,23.877166666666668
DL75 8FU,North East,1,13237770.11,19.678
OX44 1WT,South East,1,13219391.73,19.677
BT6 2PG,Northern Ireland,1,13200873.36,49.187
L12 8VD,North West,1,13194795.83,24.593
DH5 3YC,North East,1,13178562.58,24.591
TR5 2AN,South West,1,13162498.0,73.768
SE3 1MZ,Greater London,1,13154199.87,24.588
RH28 7YG,South East,1,13150813.16,19.67
WC98 3MM,Greater London,1,13145367.34,24.587
SE20 2VF,Greater London,1,13094384.25,49.163
AL31 4ZA,East of England,1,13084137.52,24.58
WA73 8EH,North West,1,13082805.38,24.58
BL46 6MB,North West,1,13063278.13,49.156
BN18 8EF,South East,1,13052670.05,36.046
TR79 6NC,South West,1,13038521.39,73.725
LE19 5RD,East Midlands,1,13015827.03,39.316
BT85 8RK,Northern Ireland,1,13002289.02,39.314
DY92 4ZY,West Midlands,1,12999480.82,73.712
WN64 4HV,North West,1,12979027.96,73.705
SO3 5TY,South East,1,12905371.79,24.56
NW52 7KW,Greater London,1,12888089.94,24.558
DY88 4HU,West Midlands,1,12863243.53,24.555
E25 2XM,Greater London,1,12833363.29,73.654
L38 5UA,North West,1,12823096.8,49.1
PO66 7XJ,South East,1,12792377.98,19.637
DD62 8UP,Scotland,1,12765455.16,24.543
BS8 1AB,South West,1,12755805.79,24.542
NN15 7RX,East Midlands,1,12744594.98,98.164
IP4 1VJ,East of England,1,12735767.27,49.08
CO71 3GE,East of England,1,12731868.56,24.539
PR24 5ZZ,North West,1,12689004.41,24.534
BN5 2EW,South East,1,12645618.66,24.529
NW23 1MM,Greater London,1,12641675.41,24.529
WS93 1FB,West Midlands,1,12637527.24,39.245
SE91 2ZV,Greater London,1,12620737.76,98.105
N34 3EA,Greater London,1,12587679.48,24.522
M59 6UD,North West,1,12579596.21,24.521
NW10 8MX,Greater London,1,12571612.47,49.041
PR23 2UD,North West,1,12534328.04,98.064
SO16 4RW,South East,1,12525405.34,73.545
SE91 8WB,Greater London,1,12507470.92,58.831
OX78 2GR,South East,1,12475893.77,73.527
RG24 5BX,South East,1,12461237.14,24.507
G20 4SR,Scotland,1,12460212.16,19.606
BA4 6BK,South West,1,12459576.62,49.014
CH28 4PB,North West,1,12457038.07,49.013
SO15 2BV,South East,1,12438118.3,49.009
BH64 2KR,South West,1,12415232.51,49.003
LS48 7KS,Yorkshire and the Humber,1,12390670.04,24.499
SW91 4XT,Greater London,1,12379653.86,24.497
HG28 6ZU,Yorkshire and the Humber,1,12371650.17,24.496
CO29 7BM,East of England,1,12336578.13,97.968
DN74 3EW,Yorkshire and the Humber,1,12316943.14,19.592
EC30 6TV,Greater London,1,12307389.89,24.489
EC65 2EZ,Greater London,1,12305997.41,48.977
SW84 3AR,Greater London,1,12264247.22,48.967
YO5 6HH,Yorkshire and the Humber,1,12261217.16,24.483
LS2 8XM,Yorkshire and the Humber,1,12255078.99,19.586
EX49 1DK,South West,1,12250108.62,24.482
NG42 1PH,East Midlands,1,12248044.71,24.481
TR50 5DS,South West,1,12239470.84,73.441
BT64 1PP,Northern Ireland,1,12219390.09,24.478
WV62 3CJ,West Midlands,1,12202253.81,24.476
NR24 3FH,East of England,1,12194076.15,24.475
L18 7XN,North West,1,12183899.76,19.579
IP96 3WE,East of England,1,12159682.59,19.576
LS90 2GK,Yorkshire and the Humber,1,12157097.49,48.94
BL97 3PT,North West,1,12133830.22,24.467
SW74 3ZG,Greater London,1,12126975.86,24.466
CH41 3JH,North West,1,12102417.96,24.463
IV51 2YU,Scotland,1,12093622.95,48.925
SE50 7CK,Greater London,1,12074101.1,48.92
LD10 5ZC,Wales,1,12059845.87,48.916
GU40 5ND,South East,1,12056065.58,24.458
PR69 7PJ,North West,1,12020360.36,24.453
PA71 3DD,Scotland,1,11995028.12,78.24
NG96 5TG,East Midlands,1,11979845.95,48.896
DL81 8FE,North East,1,11970959.08,24.447
WA28 8MR,North West,1,11938636.17,73.329
ST40 3YH,West Midlands,1,11919731.51,48.881
E23 2ZJ,Greater London,1,11906015.72,48.878
M46 5WJ,North West,1,11904159.48,17.922
LL52 4SA,Wales,1,11889300.08,53.761
DN59 8VS,Yorkshire and the Humber,1,11888690.76,35.84
WN55 2GK,North West,1,11886477.31,19.549
GU80 4WZ,South East,1,11878761.27,24.435
LE69 1AB,East Midlands,1,11872562.05,24.435
PA25 3HZ,Scotland,1,11871811.67,24.435
W93 5DX,Greater London,1,11869303.79,48.868
BT67 6EK,Northern Ireland,1,11823973.94,24.428
BT20 1VP,Northern Ireland,1,11817328.43,73.283
SW11 3GB,Greater London,1,11800888.48,39.081
LN10 2PH,East Midlands,1,11796662.51,24.425
WS91 2AA,West Midlands,1,11793657.23,73.274
BT45 5UU,Northern Ireland,1,11780165.47,35.82
WC98 4RP,Greater London,1,11776777.44,63.498
DN14 2JC,Yorkshire and the Humber,1,11775350.1,48.845
WV89 3JG,West Midlands,1,11756482.11,24.42
LE52 6YZ,East Midlands,1,11755760.98,24.42
BA85 2VZ,South West,1,11755196.8,24.42
WN27 5GG,North West,1,11740475.07,97.671
AB93 7MS,Scotland,1,11734560.78,24.417
NR77 3AY,East of England,1,11723336.03,48.831
CM57 4NW,East of England,1,11713970.83,39.063
W82 4PX,Greater London,1,11703671.25,24.413
SW60 1JM,Greater London,1,11658120.79,24.407
HD22 2TX,Yorkshire and the Humber,1,11653335.48,39.051
DY39 4WF,West Midlands,1,11629129.15,48.807
W66 1BD,Greater London,1,11616917.46,48.804
NP18 3TH,Wales,1,11610800.84,24.401
NP24 1SR,Wales,1,11589712.48,48.797
LU89 4CM,East of England,1,11577935.85,19.518
BH2 1YM,South West,1,11534462.66,73.174
M49 1PG,North West,1,11527480.32,24.39
DY83 7UN,West Midlands,1,11526734.09,24.39
IP22 7KZ,East of England,1,11522334.57,24.39
NW89 6RN,Greater London,1,11506811.5,24.388
S21 2CA,Yorkshire and the Humber,1,11506477.51,48.775
LD40 2HU,Wales,1,11491656.1,24.386
OX48 4AT,South East,1,11489655.43,39.017
NG68 4ZZ,East Midlands,1,11465593.9,48.765
LE28 3BY,East Midlands,1,11402832.02,24.374
BD50 2JU,Yorkshire and the Humber,1,11396266.01,24.373
RG90 5ES,South East,1,11373590.99,73.111
EC11 4FJ,Greater London,1,11365209.36,24.369
BN87 1XN,South East,1,11359673.51,48.737
CO88 8DZ,East of England,1,11348918.97,48.734
GL81 2PV,South West,1,11348425.65,97.468
SE2 1HN,Greater London,1,11346101.58,48.733
BB26 1YM,North West,1,11317956.6,77.961
EH38 6XU,Scotland,1,11310752.98,48.724
BN40 8HX,South East,1,11296897.94,24.36
M86 7ZE,North West,1,11284099.05,73.075
N64 2AN,Greater London,1,11281040.54,38.973
PL88 1AS,South West,1,11260786.04,58.453
CV19 8CJ,West Midlands,1,11241370.07,24.353
DE54 5ZH,East Midlands,1,11235030.69,73.055
HD75 4BG,Yorkshire and the Humber,1,11229735.6,73.053
SW84 3VX,Greater London,1,11227087.44,73.052
BT80 6YZ,Northern Ireland,1,11188642.41,19.476
S2 6BN,Yorkshire and the Humber,1,11188623.82,24.346
DY37 6FW,West Midlands,1,11141983.02,19.471
EC90 1TU,Greater London,1,11140986.91,24.339
SW73 4TC,Greater London,1,11137034.31,24.339
LU69 7GU,East of England,1,11135396.96,73.015
NE37 7DG,North East,1,11129826.73,48.675
NN23 1EJ,East Midlands,1,11128270.18,24.337
SE50 3YM,Greater London,1,11112266.49,48.671
AL87 5UA,East of England,1,11110884.34,48.67
L72 1FB,North West,1,11105151.35,24.334
HD32 6FB,Yorkshire and the Humber,1,11093272.78,48.666
PA23 8RA,Scotland,1,11088770.45,48.664
NN18 1XZ,East Midlands,1,11087802.33,24.332
BT41 4WD,Northern Ireland,1,11086122.81,48.664
PO9 2DA,South East,1,11072827.62,48.66
LE6 3RN,East Midlands,1,11058853.67,77.85
WC82 5UW,Greater London,1,11055173.08,97.31
WC34 5JW,Greater London,1,11041622.37,19.461
LD47 3TT,Wales,1,11037013.95,48.65
WV15 3JN,West Midlands,1,11033073.68,48.649
BD27 3FX,Yorkshire and the Humber,1,11032270.95,58.379
BL63 3UU,North West,1,11023239.59,19.459
LD3 5GU,Wales,1,11008487.95,24.321
M22 2AH,North West,1,11000090.01,48.64
M72 4UN,North West,1,10979716.69,35.665
G49 6SG,Scotland,1,10963669.55,72.945
SW84 5XG,Greater London,1,10955715.66,48.628
DH71 8RE,North East,1,10939470.88,48.624
E69 1NM,Greater London,1,10894208.46,24.306
EC17 8PY,Greater London,1,10888641.49,24.305
CF10 6PG,Wales,1,10878770.55,38.886
WC34 7CD,Greater London,1,10877196.37,48.607
OX76 6CV,South East,1,10853618.54,24.3
CB2 4ZY,East of England,1,10834943.42,24.297
RH73 5XU,South East,1,10823200.92,72.887
E49 4GK,Greater London,1,10806724.91,48.587
BT78 8NE,Northern Ireland,1,10801965.62,38.869
AB96 4VH,Scotland,1,10790830.55,19.433
N51 2PN,Greater London,1,10770764.01,48.577
EH22 7WX,Scotland,1,10761888.51,24.287
N72 3AP,Greater London,1,10750933.93,48.572
BT28 5AD,Northern Ireland,1,10731043.56,72.849
SA83 6WV,Wales,1,10725808.14,42.089
DD95 4ZP,Scotland,1,10721657.55,48.563
DE2 7FU,East Midlands,1,10704910.81,48.559
BA88 1WM,South West,1,10679329.99,24.276
RH89 5DT,South East,1,10675265.51,48.55
N10 7JK,Greater London,1,10657020.05,48.545
HD7 1PW,Yorkshire and the Humber,1,10655303.48,24.272
BH14 2PA,South West,1,10621911.78,24.268
WC75 2TZ,Greater London,1,10618120.65,72.801
BD26 5TN,Yorkshire and the Humber,1,10617645.16,38.827
NW42 2HX,Greater London,1,10612758.61,97.065
LD2 5PY,Wales,1,10610512.92,24.266
GL78 7RW,South West,1,10610052.32,19.413
WN57 7AU,North West,1,10609323.52,24.266
SE68 5FA,Greater London,1,10605558.99,24.265
PL26 8MD,South West,1,10589286.21,38.821
WC67 5XN,Greater London,1,10586076.23,24.263
SO61 3BS,South East,1,10555742.31,48.517
SE54 4JB,Greater London,1,10544369.22,48.513
PR45 2PA,North West,1,10542150.49,48.513
BN9 6ND,South East,1,10538842.03,48.512
L96 8VD,North West,1,10527830.2,24.254
EC23 6FZ,Greater London,1,10512107.88,38.803
CO95 8KX,East of England,1,10507928.23,19.401
LL62 6VM,Wales,1,10498353.37,24.25
B82 2JE,West Midlands,1,10488774.83,72.746
ST5 6RY,West Midlands,1,10481407.69,48.495
DE49 1DC,East Midlands,1,10479657.39,24.247
DD12 4VM,Scotland,1,10479258.02,24.247
DH41 8PV,North East,1,10476777.43,48.494
DY84 3BC,West Midlands,1,10456357.29,48.488
NP85 8HZ,Wales,1,10440062.39,35.555
CB70 6EF,East of England,1,10416684.3,48.477
DN49 8NM,Yorkshire and the Humber,1,10416398.38,24.238
BB59 2BW,North West,1,10392319.43,58.164
S39 7UF,Yorkshire and the Humber,1,10379876.55,35.542
B86 1MV,West Midlands,1,10378105.38,24.233
N61 3BB,Greater London,1,10355780.8,19.384
EX34 8MH,South West,1,10352885.5,48.458
SW5 4FR,Greater London,1,10346307.92,48.456
BT50 6UG,Northern Ireland,1,10334465.61,19.381
CH82 5FT,North West,1,10333931.1,24.226
GL54 5SF,South West,1,10331514.63,48.452
IV26 1TU,Scotland,1,10329387.31,72.677
B7 6AA,West Midlands,1,10327429.51,48.451
W51 1WJ,Greater London,1,10315104.77,48.447
NW93 2ZD,Greater London,1,10290396.4,24.22
IP82 2MG,East of England,1,10287989.16,24.22
LE50 1VT,East Midlands,1,10277380.47,48.436
BD60 2TC,Yorkshire and the Humber,1,10275407.36,58.123
HU51 1CC,Yorkshire and the Humber,1,10273947.19,48.435
DN4 1SR,Yorkshire and the Humber,1,10273701.32,72.653
CM8 7EM,East of England,1,10267582.03,96.867
SW74 6FA,Greater London,1,10266519.48,24.217
EC78 2RU,Greater London,1,10252243.25,24.215
CO83 3VJ,East of England,1,10246194.58,62.955
W31 3ED,Greater London,1,10228067.4,24.211
W55 1PC,Greater London,1,10226759.48,24.211
GU75 6JD,South East,1,10225405.72,35.509
BS84 8PE,South West,1,10220925.04,24.21
SA68 5NA,Wales,1,10215987.19,48.418
CO19 8SA,East of England,1,10210956.86,48.417
EC81 7US,Greater London,1,10208746.84,48.416
CH69 6AV,North West,1,10189006.11,62.934
LE80 1GP,East Midlands,1,10179251.2,24.204
IP84 8MH,East of England,1,10172548.78,96.811
OX31 6ZN,South East,1,10170715.12,38.724
PR46 1RA,North West,1,10138441.01,48.396
LN11 6KY,East Midlands,1,10138125.51,72.593
SW17 4VM,Greater London,1,10132462.31,48.394
CB20 6RP,East of England,1,10128635.32,48.393
PO29 6XZ,South East,1,10124578.18,24.196
PA3 5GK,Scotland,1,10123310.92,72.587
BS56 7US,South West,1,10111516.41,96.775
PO29 3AG,South East,1,10107102.52,24.193
WV97 1JE,West Midlands,1,10100612.15,96.769
EX61 8DD,South West,1,10098068.65,24.192
NW18 5WM,Greater London,1,10067472.7,19.35
NP65 1MH,Wales,1,10066965.04,58.049
NN8 7RZ,East Midlands,1,10059154.91,24.186
BN92 3TR,South East,1,10043521.02,24.184
WA61 4PD,North West,1,10035027.55,19.346
DY92 1BD,West Midlands,1,10034215.84,19.346
WC71 3RP,Greater London,1,10013520.47,72.538
ST86 7GN,West Midlands,1,10010272.53,24.179
N32 4TW,Greater London,1,10008756.2,48.357
NG35 1KK,East Midlands,1,10006873.19,41.909
RG29 8FR,South East,1,9995185.14,96.706
NW28 6VX,Greater London,1,9986959.35,24.175
SA44 3JU,Wales,1,9984559.0,24.175
LE45 3AB,East Midlands,1,9980932.82,24.174
ST86 5KD,West Midlands,1,9977198.15,48.347
W18 6CW,Greater London,1,9958410.2,48.342
EC69 4VD,Greater London,1,9929445.31,38.666
EC38 1DS,Greater London,1,9921750.11,53.164
YO64 8MP,Yorkshire and the Humber,1,9900352.28,35.438
WA24 7BZ,North West,1,9893525.33,24.161
N85 4CM,Greater London,1,9880662.51,19.327
IP15 3ZZ,East of England,1,9877336.03,48.317
M76 1XS,North West,1,9857411.18,19.324
WV12 5GM,West Midlands,1,9848165.92,53.139
AB18 3HT,Scotland,1,9831734.73,24.152
YO76 3SV,Yorkshire and the Humber,1,9817971.88,19.32
BL78 5MZ,North West,1,9813413.69,19.319
WA68 8AC,North West,1,9811048.94,19.319
N62 4TC,Greater London,1,9801845.85,48.294
SA43 6WJ,Wales,1,9800693.26,48.294
B12 2RM,West Midlands,1,9795642.85,24.146
BH48 8FM,South West,1,9787039.93,48.29
W8 5DD,Greater London,1,9784443.25,24.144
WC50 6SN,Greater London,2,9783518.43,24.1435
WA12 8DD,North West,1,9743726.29,72.415
CH12 1MD,North West,1,9742765.0,48.276
SE60 7UH,Greater London,1,9706968.04,19.306
BN49 1WW,South East,1,9706848.39,48.265
LE44 8NV,East Midlands,1,9699049.87,19.305
GU93 5TW,South East,1,9685587.99,24.129
BT95 8UK,Northern Ireland,1,9685255.7,19.303
BL29 7CR,North West,1,9682216.59,38.606
SO71 3NU,South East,1,9672391.32,24.127
B31 3ME,West Midlands,1,9657177.29,48.25
PA7 8RJ,Scotland,1,9646427.15,24.123
NG53 3WY,East Midlands,1,9636541.84,17.689
DD54 2AW,Scotland,1,9615008.71,48.237
WA34 4VT,North West,1,9601085.42,24.116
NE87 2ZZ,North East,1,9597024.66,72.346
SO86 8KE,South East,1,9594397.43,24.115
E20 6FG,Greater London,1,9594142.73,77.168
E42 1ZS,Greater London,1,9592490.08,48.229
CV4 6VT,West Midlands,1,9591793.96,48.229
HG75 8ZU,Yorkshire and the Humber,1,9586420.84,48.228
GL94 3NJ,South West,1,9579819.1,38.58
IV28 5VY,Scotland,1,9577504.05,38.58
LN79 5HF,East Midlands,1,9567233.33,48.222
EH57 1ZA,Scotland,1,9549896.83,24.108
IP26 4MT,East of England,1,9516465.35,72.308
EC93 8ZS,Greater London,1,9500699.95,19.28
IP71 1TJ,East of England,1,9496903.39,72.299
EC20 8BB,Greater London,1,9476331.51,48.193
PA5 7WH,Scotland,1,9465144.69,24.095
BA19 8HV,South West,1,9460224.5,48.188
WC96 4BD,Greater London,1,9414938.05,72.26
BD85 6KZ,Yorkshire and the Humber,1,9396764.27,19.267
CO85 2HM,East of England,1,9392294.64,24.083
IP83 5AU,East of England,1,9392176.74,48.166
CM52 6UV,East of England,1,9390280.6,96.331
BT14 5ZK,Northern Ireland,1,9376578.13,24.081
YO46 1ME,Yorkshire and the Humber,1,9370479.6,24.08
BD92 8PV,Yorkshire and the Humber,1,9366378.54,24.079
EC17 3UX,Greater London,1,9360037.13,72.234
EH98 4CH,Scotland,1,9355834.51,19.262
BN14 5CJ,South East,1,9338139.58,19.26
CF34 4AR,Wales,1,9335497.89,62.592
SW1 4WV,Greater London,1,9310710.99,19.256
WA11 3BY,North West,1,9304289.86,24.069
IV56 1DX,Scotland,1,9300323.26,48.137
RG80 6WV,South East,1,9296615.26,48.135
BH24 7WC,South West,1,9291394.85,17.649
SE93 1FH,Greater London,1,9290101.59,57.76
SR45 3ZR,North East,1,9289413.17,24.067
PR76 6UK,North West,1,9289407.99,57.76
NE75 3SW,North East,1,9279087.03,24.065
NR82 2HD,East of England,1,9273836.26,48.128
TR13 4PZ,South West,1,9249906.08,72.181
BB36 8TU,North West,1,9248374.2,20.852
PO34 4JA,South East,1,9247578.95,48.12
PL58 7YA,South West,1,9246695.66,70.575
IP85 6BU,East of England,1,9245907.05,24.06
CV42 8BS,West Midlands,1,9241696.83,24.059
W92 4AT,Greater London,1,9230183.51,38.491
BL6 7MJ,North West,1,9224901.1,48.112
GU35 5GV,South East,1,9224239.53,57.734
RH39 5FV,South East,1,9215114.98,24.055
SY62 5HS,Wales,1,9211706.35,19.243
SY49 3CU,Wales,1,9207742.2,24.053
EH18 6EJ,Scotland,1,9206838.43,24.053
DN33 8VP,Yorkshire and the Humber,1,9199317.03,32.069
SO74 6YE,South East,1,9186881.44,24.05
PL62 7UF,South West,1,9173481.23,24.048
NW26 2PE,Greater London,1,9162263.68,48.092
WC1 4AA,Greater London,1,9162136.92,19.237
SE68 3XG,Greater London,1,9151927.67,24.044
PO24 1GB,South East,1,9144800.93,48.086
YO45 6MM,Yorkshire and the Humber,1,9138045.77,24.042
W22 6PM,Greater London,1,9137127.69,48.084
NG76 1WD,East Midlands,1,9136555.41,24.042
W54 7KW,Greater London,1,9113578.22,38.461
DD6 4WH,Scotland,1,9113447.66,19.23
BS88 3NY,South West,1,9110746.13,24.037
BB78 4RT,North West,1,9081750.5,19.226
SO11 3SS,South East,1,9073604.58,48.063
BN18 2RM,South East,1,9072949.42,72.094
SE49 7AV,Greater London,1,9072102.15,48.062
WA18 7WN,North West,1,9067649.68,57.673
IP17 8CU,East of England,1,9065561.91,38.448
GU38 5AV,South East,1,9063241.28,19.224
M33 2YV,North West,1,9061178.04,48.059
DL82 1GR,North East,1,9055952.46,24.028
YO6 1PA,Yorkshire and the Humber,1,9041445.22,72.078
PO92 3SU,South East,1,9039275.86,57.662
N6 2UP,Greater London,1,9026103.23,72.07
PA96 4HN,Scotland,1,9023124.62,24.023
SR92 2TU,North East,1,9019643.37,41.639
SE53 3EX,Greater London,1,9014945.7,72.065
TR73 6MZ,South West,1,9013166.04,24.021
LS83 7AW,Yorkshire and the Humber,1,9006324.09,48.04
NP21 4FV,Wales,1,9003469.55,57.647
S55 7NT,Yorkshire and the Humber,1,8996576.29,48.037
BL27 5AA,North West,1,8990524.03,48.035
EC84 7XU,Greater London,1,8981909.86,24.016
PR67 3KH,North West,1,8972722.76,24.015
PR77 6GM,North West,1,8967872.25,48.027
BN78 7MF,South East,1,8953955.84,57.627
E56 2YJ,Greater London,1,8953645.21,24.011
BH94 1PU,South West,1,8952065.65,48.022
BB30 3KN,North West,1,8951739.45,72.033
WC13 7NM,Greater London,1,8946322.12,19.208
CM83 3KT,East of England,1,8938111.82,17.606
SA93 3FV,Wales,1,8934448.84,24.008
DD79 8MA,Scotland,1,8931347.77,24.008
BH59 2KD,South West,1,8924351.04,48.013
HG17 1RU,Yorkshire and the Humber,1,8909116.18,48.008
N49 5FN,Greater London,1,8882170.18,47.999
LE35 8JF,East Midlands,1,8867659.59,23.997
NP40 5CN,Wales,1,8866791.31,41.594
GL96 5XJ,South West,1,8855382.88,23.995
BL62 3JW,North West,1,8849020.38,23.994
N52 8EM,Greater London,1,8846833.91,71.98
WC9 8AH,Greater London,1,8843037.03,19.194
LE37 5KR,East Midlands,1,8833323.36,47.982
GU94 7RA,South East,1,8831091.83,47.981
E81 6HV,Greater London,1,8829412.61,76.769
DD23 6YX,Scotland,1,8827553.75,23.99
HU27 4RX,Yorkshire and the Humber,1,8809583.54,57.569
TS41 5PE,North East,1,8783718.85,23.983
BT2 3BW,Northern Ireland,1,8776025.01,19.185
NG73 3EM,East Midlands,1,8763560.22,19.183
SW48 7CK,Greater London,1,8760197.45,23.979
CF12 4DJ,Wales,1,8753266.53,23.977
SA32 3FU,Wales,1,8729465.87,23.973
WV61 5RN,West Midlands,1,8715484.18,41.55
SW55 2DH,Greater London,1,8704500.65,71.907
WA44 3HK,North West,1,8703822.75,38.35
NW97 5TS,Greater London,1,8700787.5,47.937
SW31 1PW,Greater London,1,8697761.92,38.349
EH4 2NT,Scotland,1,8683813.57,20.77
WC23 5PP,Greater London,1,8662612.21,38.339
LL23 2JE,Wales,1,8660350.18,71.884
EC12 5XE,Greater London,1,8660347.65,47.923
CM59 4WB,East of England,1,8649585.22,23.96
TR88 8BU,South West,1,8642856.3,38.333
BD31 4GY,Yorkshire and the Humber,1,8637317.68,23.957
W75 8ST,Greater London,1,8625690.19,23.955
EH58 8FM,Scotland,1,8624521.82,57.492
E1 4PT,Greater London,1,8616850.68,19.163
B23 4KZ,West Midlands,1,8615669.5,71.861
DN19 6GY,Yorkshire and the Humber,1,8613208.98,71.86
L77 7VK,North West,1,8595490.17,23.95
CM79 3DS,East of England,1,8594659.05,95.8
WA97 3UN,North West,1,8588161.98,47.898
GU28 1HJ,South East,1,8587754.0,52.687
DE93 5XW,East Midlands,1,8585804.13,23.948
RG92 4CE,South East,1,8573930.05,17.561
LS63 2CW,Yorkshire and the Humber,1,8571214.57,23.946
SE69 6BD,Greater London,1,8554761.8,19.154
LN37 4YK,East Midlands,1,8550678.97,47.885
RH4 4NP,South East,1,8548568.47,38.307
NW11 8DA,Greater London,1,8547242.28,23.942
B2 3ST,West Midlands,1,8533319.72,47.878
BA71 5FX,South West,1,8533313.72,19.151
SE63 3HJ,Greater London,1,8532702.77,23.939
PO33 3NN,South East,1,8530199.05,57.453
WA16 4UR,North West,1,8508143.25,20.743
DE8 1NY,East Midlands,1,8505116.75,38.295
LN75 7AH,East Midlands,1,8494707.25,95.73
CB34 1AP,East of England,1,8484947.36,19.145
PO36 1EP,South East,1,8484687.98,23.931
W66 5UR,Greater London,1,8483565.14,47.861
BN1 7CU,South East,1,8481634.56,62.218
IV78 5EE,Scotland,1,8478045.1,20.739
DN92 2BN,Yorkshire and the Humber,1,8439784.61,35.087
N73 5BC,Greater London,1,8434769.79,23.922
LD66 4UY,Wales,1,8433109.78,71.765
SA45 4ES,Wales,1,8423618.57,71.759
NG78 5EM,East Midlands,1,8421150.75,23.919
E65 5ET,Greater London,1,8410476.94,47.835
PA50 2BW,Scotland,1,8404387.78,47.833
N57 7VN,Greater London,1,8395990.49,38.264
AL72 4GM,East of England,1,8395972.19,23.915
CM77 8FE,East of England,1,8378814.3,57.388
M76 3FR,North West,1,8377320.16,38.258
DE49 1VR,East Midlands,1,8376587.19,23.911
GL69 3VX,South West,1,8360644.33,23.909
LU71 2WY,East of England,1,8357158.61,71.724
EH69 2RZ,Scotland,1,8354909.14,38.252
WC51 1YE,Greater London,1,8344382.67,52.592
CV20 8DX,West Midlands,1,8343418.41,23.905
OX45 3CF,South East,1,8318683.46,71.703
RG41 7CH,South East,1,8316849.45,57.362
BN46 5CR,South East,1,8314097.77,23.9
M20 2VA,North West,1,8300086.88,23.898
ST21 1HZ,West Midlands,1,8294226.71,17.524
WN71 5PV,North West,1,8291427.69,47.792
SW13 6CE,Greater London,1,8288894.76,38.233
HG18 5PM,Yorkshire and the Humber,1,8286278.61,95.581
W62 1BZ,Greater London,1,8274517.99,47.786
WS47 6XS,West Midlands,1,8263729.38,71.673
PO74 2CT,South East,1,8260844.01,76.45
IP45 7FH,East of England,1,8257757.13,71.67
M49 3VU,North West,1,8256734.85,35.038
OX91 4AA,South East,1,8242208.41,17.517
SE50 1DV,Greater London,1,8240280.76,47.774
IP19 3NT,East of England,1,8235610.77,23.886
NG13 3TG,East Midlands,1,8231727.91,19.108
BA77 2TH,South West,1,8225316.36,71.652
NE49 3TG,North East,1,8224966.83,31.845
SY31 7BX,Wales,1,8220121.21,76.426
PA33 1AM,Scotland,1,8219494.87,19.106
LD47 8UG,Wales,1,8212061.8,19.105
CO1 4MZ,East of England,1,8207762.48,57.314
BT62 5WD,Northern Ireland,1,8206630.19,19.105
DL86 8JU,North East,1,8201494.29,23.88
LS90 7SY,Yorkshire and the Humber,1,8200898.9,35.023
TR57 2KN,South West,1,8187054.91,19.102
NG74 1VZ,East Midlands,1,8177290.62,19.1
CB6 5WN,East of England,1,8166869.53,20.69
RH48 6ZK,South East,1,8162550.63,47.745
NW56 4MK,Greater London,1,8161965.78,52.519
IP96 2CA,East of England,1,8159217.73,57.293
CF26 1TV,Wales,1,8158914.11,19.098
AL18 2CB,East of England,1,8149187.5,17.505
DD62 2XH,Scotland,1,8147128.2,23.87
SA46 6VJ,Wales,1,8123019.96,47.731
LD58 2BR,Wales,1,8122559.17,23.865
NW12 7DM,Greater London,1,8107084.6,52.497
NG91 5NM,East Midlands,1,8098937.84,47.722
SW47 6MC,Greater London,1,8080455.28,20.676
LU87 3CW,East of England,1,8078351.2,47.714
EH43 5EE,Scotland,1,8058365.63,19.083
SW91 2RA,Greater London,1,8046931.29,47.702
E50 2SP,Greater London,1,8046694.89,19.081
ST50 3NH,West Midlands,1,8033821.67,71.546
YO8 2MG,Yorkshire and the Humber,1,8031597.3,76.315
DH52 1MB,North East,1,8022990.29,20.667
SO14 1YU,South East,1,8011376.77,47.689
LE76 6GM,East Midlands,1,8005860.83,19.075
B70 8SU,West Midlands,1,8005513.42,76.299
G61 5BU,Scotland,1,8003674.59,47.686
SY81 3VC,Wales,1,8000350.69,19.074
N13 5SU,Greater London,1,7999038.73,19.074
WC92 6FR,Greater London,1,7993808.81,23.841
PA22 1AG,Scotland,1,7987095.55,57.216
BT69 8YJ,Northern Ireland,1,7965953.88,47.672
E98 3PJ,Greater London,1,7952957.12,23.834
ST32 7CN,West Midlands,1,7952303.13,47.667
NG19 8DD,East Midlands,1,7933333.26,47.66
CV80 5NU,West Midlands,1,7927470.3,23.829
W51 4YP,Greater London,1,7896793.88,71.469
LU19 6CE,East of England,1,7896639.41,23.823
YO67 6ZS,Yorkshire and the Humber,1,7889633.45,47.643
L84 3MB,North West,1,7889421.8,47.643
IV86 3RJ,Scotland,1,7876252.2,57.166
PL18 3GG,South West,1,7862021.98,47.633
BT5 5UB,Northern Ireland,1,7850443.82,19.051
LL4 2SG,Wales,1,7847200.26,23.814
HG78 6FP,Yorkshire and the Humber,1,7841506.25,23.812
TR24 6DK,South West,1,7834214.49,47.622
CO11 7AX,East of England,1,7828482.89,57.144
RG19 8RR,South East,1,7827048.17,19.048
B6 2VF,West Midlands,1,7814409.15,57.137
RH22 1YW,South East,1,7812993.64,71.421
B66 5AN,West Midlands,1,7812099.56,19.045
EH33 3SU,Scotland,1,7807734.83,47.612
BB36 1PN,North West,1,7801181.22,23.805
RG64 8PS,South East,1,7791694.37,57.127
ST55 2DZ,West Midlands,1,7790563.93,23.803
G35 3JG,Scotland,1,7784086.86,95.206
EC58 1NK,Greater London,1,7778788.89,47.601
WC56 6BD,Greater London,1,7770140.17,47.597
SE10 7DE,Greater London,1,7765500.71,38.076
BA38 4PY,South West,1,7764605.67,19.038
E40 2GY,Greater London,1,7764335.12,47.595
WV71 4EE,West Midlands,1,7761832.17,23.797
SY13 3UX,Wales,1,7761320.81,23.797
HU78 1DC,Yorkshire and the Humber,1,7761303.01,71.391
OX20 6SE,South East,1,7758261.98,19.037
W36 2RD,Greater London,1,7750305.63,95.179
TR23 7CW,South West,1,7750054.73,76.143
NW63 1CK,Greater London,1,7746839.91,57.106
WS68 1JS,West Midlands,1,7743266.19,57.104
CH46 6MW,North West,1,7742899.81,38.069
CF8 7PZ,Wales,1,7733989.69,71.375
S36 1KY,Yorkshire and the Humber,1,7730074.11,17.447
BT8 1VF,Northern Ireland,1,7728801.44,19.033
NG53 5JM,East Midlands,1,7717823.31,23.789
EH48 5NE,Scotland,1,7709858.34,19.03
B6 3BG,West Midlands,1,7706807.25,19.029
AL36 7BF,East of England,1,7706417.32,95.145
LE13 5JR,East Midlands,1,7691607.44,23.783
SO64 7XU,South East,1,7688348.05,19.026
CH26 4NF,North West,1,7683547.15,47.564
NP37 8EW,Wales,1,7674219.48,23.78
IP83 8SE,East of England,1,7644408.6,76.078
M51 3AW,North West,1,7640064.26,34.868
W36 3CA,Greater London,1,7632840.45,47.544
EC46 4JG,Greater London,1,7620284.9,20.6
HD70 1YA,Yorkshire and the Humber,1,7619172.6,23.769
N94 2UZ,Greater London,1,7618094.57,23.769
ST90 7VN,West Midlands,1,7600619.55,47.531
NW16 4VE,Greater London,1,7589636.5,47.527
HU36 6EE,Yorkshire and the Humber,1,7560627.62,47.515
B88 2XA,West Midlands,1,7551989.64,23.756
LN18 5TM,East Midlands,1,7549708.75,23.756
ST11 5SN,West Midlands,1,7544723.05,23.755
BT10 8KF,Northern Ireland,1,7542661.62,19.003
RH46 5RB,South East,1,7538683.79,47.507
W95 3PS,Greater London,1,7537593.63,47.506
SE58 1WP,Greater London,1,7533540.47,47.505
NR11 5ZX,East of England,1,7530248.58,38.003
IP17 8PE,East of England,1,7520377.04,71.249
AB86 1NP,Scotland,1,7517815.48,17.416
DH53 1DH,North East,1,7516503.99,18.999
DD54 6ZE,Scotland,1,7510083.92,23.748
GU37 7BW,South East,1,7498335.52,71.236
GL27 2GK,South West,1,7495125.02,47.489
SY29 1JH,Wales,1,7490352.88,18.995
WN68 3GE,North West,1,7489882.74,23.744
BS38 4DX,South West,1,7488693.57,71.23
BT18 4XE,Northern Ireland,1,7465998.29,47.478
E70 4ZP,Greater London,1,7460456.69,71.213
LE65 1RM,East Midlands,1,7459974.53,56.97
DD56 8PR,Scotland,1,7458534.75,18.99
WA68 6BA,North West,1,7443168.84,47.468
OX51 3CH,South East,1,7441368.34,71.202
NP15 4DH,Wales,1,7434173.09,23.732
LD53 8RN,Wales,1,7428153.7,23.731
N19 1MP,Greater London,1,7426758.7,56.954
L4 7CP,North West,1,7424158.05,56.953
E5 5GS,Greater London,1,7417060.92,37.966
LS5 4CG,Yorkshire and the Humber,1,7413416.81,18.983
GU18 6CY,South East,1,7401443.51,18.981
BT60 6RJ,Northern Ireland,1,7392204.15,18.979
W67 6HE,Greater London,1,7387496.36,37.957
BH51 5HH,South West,1,7380676.27,56.932
WA25 2VK,North West,1,7377787.73,18.977
GU79 1HA,South East,1,7371893.21,56.927
SE43 8RZ,Greater London,1,7360299.02,23.717
SE95 1PK,Greater London,1,7359064.13,56.921
DE61 3UH,East Midlands,1,7357013.09,23.717
BN85 3MM,South East,1,7356036.57,47.433
NW5 2CN,Greater London,1,7352866.34,47.432
WN47 7AY,North West,1,7344630.03,18.971
N16 8ST,Greater London,1,7339103.43,37.941
PA21 5UW,Scotland,1,7335608.45,71.137
HG77 3ZK,Yorkshire and the Humber,1,7330428.25,34.777
L70 7WP,North West,1,7329683.44,37.938
HD50 2VU,Yorkshire and the Humber,1,7325276.56,47.421
OX18 4EB,South East,1,7317401.3,23.709
NP80 1BZ,Wales,1,7276864.26,47.401
YO6 5UC,Yorkshire and the Humber,1,7272873.48,20.54
GL70 4FK,South West,1,7269425.08,94.795
EH95 3XP,Scotland,1,7267118.72,52.136
CH3 4NJ,North West,1,7265627.29,75.834
TS68 5CC,North East,1,7251440.28,34.753
HG74 5RG,Yorkshire and the Humber,1,7236166.99,18.954
EC6 5XA,Greater London,1,7217965.94,71.064
BB34 2ER,North West,1,7211922.55,94.747
PR59 5FN,North West,1,7208233.26,18.949
LE43 4EJ,East Midlands,1,7196072.86,23.684
BD63 4SP,Yorkshire and the Humber,1,7190047.57,56.838
DD73 2BF,Scotland,1,7176569.25,18.944
NP28 5PF,Wales,1,7173256.98,23.679
SE12 1PK,Greater London,1,7172186.55,23.679
RH86 1NC,South East,1,7169761.95,47.356
LS93 6GH,Yorkshire and the Humber,1,7166450.33,47.355
E43 6KG,Greater London,1,7154558.53,56.82
SE7 7CV,Greater London,1,7153555.53,47.349
IP36 7JV,East of England,1,7149367.06,71.021
HG40 4KK,Yorkshire and the Humber,1,7146658.19,34.721
LE6 2TR,East Midlands,1,7142932.83,18.938
S3 1FJ,Yorkshire and the Humber,1,7139983.74,18.937
YO97 2DR,Yorkshire and the Humber,1,7130448.92,18.936
DD75 4VX,Scotland,1,7111774.07,18.933
OX72 6MT,South East,1,7105687.68,37.863
WV48 6VE,West Midlands,1,7104812.42,18.932
GU40 3WK,South East,1,7103155.84,23.664
BL24 1RZ,North West,1,7101378.01,23.664
BT47 4KT,Northern Ireland,1,7093699.35,70.986
L1 4HW,North West,1,7091394.24,70.985
HG10 8UX,Yorkshire and the Humber,1,7089334.54,37.858
CV75 4FK,West Midlands,1,7078569.49,20.504
SE97 2BZ,Greater London,1,7076496.11,37.853
IP65 3BK,East of England,1,7075116.63,61.511
LN29 2AX,East Midlands,1,7069875.21,23.657
IV42 8ZJ,Scotland,1,7067082.16,23.656
B93 2AX,West Midlands,1,7066676.01,18.925
M11 7FH,North West,1,7059175.44,23.655
LS18 8GU,Yorkshire and the Humber,1,7053682.45,18.923
NN77 4TF,East Midlands,1,7052531.54,23.653
IP76 5HH,East of England,1,7052177.99,47.307
NP64 7GC,Wales,1,7048105.95,23.652
N34 7WR,Greater London,1,7046181.73,23.652
CB32 7AT,East of England,1,7040225.7,47.301
EC49 7ZJ,Greater London,1,7036186.22,20.497
B89 8SC,West Midlands,1,7034724.17,61.489
PR7 3NH,North West,1,7025881.11,37.836
EH43 1BC,Scotland,1,7022581.33,94.588
NN76 3PX,East Midlands,1,7022402.5,17.341
SE12 7GG,Greater London,1,7017548.84,34.681
BN45 4FJ,South East,1,7013924.35,56.748
PR29 8CN,North West,1,7002895.2,94.571
WV54 3GE,West Midlands,1,6990224.76,23.64
DH42 8MG,North East,1,6989973.73,23.64
L46 7RJ,North West,1,6988539.02,47.279
RG11 1UD,South East,1,6976866.14,37.819
BT82 3YJ,Northern Ireland,1,6967971.79,61.452
BL34 6KE,North West,1,6959822.34,23.633
OX75 3EU,South East,1,6950892.39,37.811
TR33 7VR,South West,1,6949455.74,94.525
NN27 8BE,East Midlands,1,6948646.37,56.715
BH29 4TA,South West,1,6937619.67,34.655
L72 4BC,North West,1,6931310.43,23.627
NE47 2NY,North East,1,6925846.27,23.626
BT57 2CC,Northern Ireland,1,6920100.86,94.5
NW92 5DK,Greater London,1,6919423.59,47.25
EH10 6CR,Scotland,1,6918313.13,23.625
TR50 6CW,South West,1,6908363.52,94.489
CB90 6SF,East of England,1,6907060.28,23.622
SW87 5GS,Greater London,1,6904903.44,56.692
WV45 7XE,West Midlands,1,6904765.45,56.692
RG66 6SJ,South East,1,6902593.39,23.621
SO30 1GG,South East,1,6900037.18,70.862
S42 1BJ,Yorkshire and the Humber,1,6899899.5,18.896
SA50 3EJ,Wales,1,6896157.69,23.62
BT10 8ZU,Northern Ireland,1,6892800.98,18.895
BB22 6NR,North West,1,6892367.55,23.619
E23 5TP,Greater London,1,6879937.74,47.232
WA66 5SC,North West,1,6878113.2,17.318
PA21 8PS,Scotland,1,6874642.87,37.784
BB92 4VP,North West,1,6874124.58,23.615
WA64 3UX,North West,1,6872848.26,34.635
N30 3XZ,Greater London,1,6863842.11,20.464
EC85 1AD,Greater London,1,6863452.55,20.464
SO37 1GZ,South East,1,6861914.73,56.669
CH81 2JR,North West,1,6859183.05,37.779
DH40 7ZN,North East,1,6856023.84,23.611
M85 2BW,North West,1,6850760.74,34.628
BN98 5GA,South East,1,6849125.77,18.888
E76 1MG,Greater London,1,6848914.75,18.888
IP90 2BS,East of England,1,6848278.3,47.219
LN59 1WP,East Midlands,1,6846372.22,23.609
CO76 1GP,East of England,1,6843621.17,23.608
AB32 2WE,Scotland,1,6843297.19,40.921
WA94 4AT,North West,1,6838210.55,23.607
HG20 6XV,Yorkshire and the Humber,1,6833667.19,18.885
W97 8XJ,Greater London,1,6829990.01,40.916
AB23 7VG,Scotland,1,6819177.42,23.603
WC17 2GW,Greater London,1,6810533.0,23.601
BN64 8MY,South East,1,6794133.69,37.756
HG81 4MX,Yorkshire and the Humber,1,6793288.16,70.792
NG1 2CP,East Midlands,1,6792312.44,47.194
NN3 5VS,East Midlands,1,6787429.06,23.596
B57 3RM,West Midlands,1,6779463.31,56.626
WV30 5EZ,West Midlands,1,6778079.79,17.302
WC58 1SJ,Greater London,1,6777141.21,17.302
CM7 7DS,East of England,1,6764613.11,17.3
NP88 3TD,Wales,1,6763657.39,47.181
PR10 4PN,North West,1,6761342.0,37.744
BB27 3PM,North West,1,6752846.51,18.871
CV47 6DB,West Midlands,1,6749787.47,37.74
IV1 8SM,Scotland,1,6745044.13,56.608
RH15 7ZK,South East,1,6738668.97,47.17
DH4 1PS,North East,1,6731324.85,17.295
B33 7ZB,West Midlands,1,6729581.45,23.583
WV87 6PT,West Midlands,1,6715501.01,23.58
RH73 6NR,South East,1,6709201.52,51.873
HD56 2BZ,Yorkshire and the Humber,1,6707976.59,56.588
N13 3RC,Greater London,1,6706033.22,23.578
E80 3AZ,Greater London,1,6702729.38,70.731
EC40 3DV,Greater London,1,6694837.59,23.575
BN51 1UG,South East,1,6691825.59,23.575
PR62 1KU,North West,1,6690506.46,37.719
WA37 1WX,North West,1,6688496.18,56.577
EC75 5UN,Greater London,1,6685276.1,23.573
NW9 8TR,Greater London,1,6679619.39,94.287
NE21 1WA,North East,1,6678280.31,23.572
PR82 8XT,North West,1,6673679.85,23.571
BB81 7XK,North West,1,6672761.75,23.57
DD59 3RT,Scotland,1,6655904.0,47.133
CF54 7WX,Wales,1,6653271.66,70.698
E58 7UH,Greater London,1,6648060.03,37.704
SE46 2GH,Greater London,1,6647856.99,56.555
ST10 1AA,West Midlands,1,6645446.41,47.128
DD67 5UC,Scotland,1,6644520.42,40.844
NR35 7PU,East of England,1,6641446.7,51.839
PA80 1MC,Scotland,1,6635385.79,47.124
WC50 5KJ,Greater London,1,6624796.19,70.678
BB87 3TW,North West,1,6622068.7,18.847
EC78 5FJ,Greater London,1,6616414.88,34.551
GL27 5KN,South West,1,6614689.12,23.557
NW66 1BV,Greater London,1,6613692.68,23.557
PO48 8SZ,South East,1,6611367.83,94.226
HU23 8RD,Yorkshire and the Humber,1,6610220.2,47.112
WC2 7RV,Greater London,1,6607412.92,47.111
W75 3CA,Greater London,1,6605327.9,18.844
EC34 5NV,Greater London,1,6588142.31,37.682
WS60 6GB,West Midlands,1,6580143.68,18.839
N21 1SR,Greater London,1,6576208.93,34.538
B74 3AZ,West Midlands,1,6573370.95,18.838
N33 4YP,Greater London,1,6565749.54,37.674
EC31 2KM,Greater London,1,6560535.89,40.811
LU87 2UX,East of England,1,6557779.07,20.405
SO10 3EN,South East,1,6557099.23,18.835
AB94 4CG,Scotland,1,6553690.32,34.53
PO95 5US,South East,1,6552062.68,23.543
EH85 3SX,Scotland,1,6551130.41,47.085
GU89 5PN,South East,1,6549583.3,23.542
B98 1UD,West Midlands,1,6537314.43,37.663
BH10 6MJ,South West,1,6536606.64,47.079
N2 8CU,Greater London,1,6533818.42,70.616
NR30 2GY,East of England,1,6526179.75,94.148
SO56 8ZR,South East,1,6502099.05,18.825
AB82 6UT,Scotland,1,6496446.97,40.786
SE25 4HV,Greater London,1,6493653.72,47.059
TR6 1VG,South West,1,6490737.2,70.586
W40 8MS,Greater London,1,6487214.93,47.056
BB72 1MK,North West,1,6485540.1,56.466
BB34 7VK,North West,1,6483395.55,17.253
BT8 1AB,Northern Ireland,1,6480336.92,18.821
WN25 7KX,North West,1,6477399.37,23.526
WA39 7YM,North West,1,6475265.5,34.504
RG61 8KA,South East,1,6473003.19,20.388
RG40 6TR,South East,1,6471911.38,18.82
PO61 4MT,South East,1,6462468.55,17.25
CV3 8MB,West Midlands,1,6457906.27,17.249
ST32 7NG,West Midlands,1,6456580.34,23.521
BN80 1BY,South East,1,6455002.51,37.633
CO42 7CZ,East of England,1,6445175.06,37.629
PR93 3NA,North West,1,6439493.59,18.814
M31 6UU,North West,1,6438281.67,18.813
IV87 3XD,Scotland,1,6434396.49,23.516
LL38 5DE,Wales,1,6433890.65,18.813
SW22 1NP,Greater London,1,6427258.36,23.514
S34 3VV,Yorkshire and the Humber,1,6426483.36,23.514
BA29 1TC,South West,1,6418617.6,34.484
EH49 6MS,Scotland,1,6414435.3,20.376
NW55 1GG,Greater London,1,6408735.13,70.529
EC53 6WU,Greater London,1,6408294.93,47.019
W86 4CE,Greater London,1,6398923.05,51.716
OX84 3XY,South East,1,6395165.9,37.611
N59 2XX,Greater London,1,6394918.54,70.52
W80 7JP,Greater London,1,6394665.58,37.61
GU46 8MR,South East,1,6384865.46,75.213
BH91 6GU,South West,1,6378659.87,18.802
SO34 1ZB,South East,1,6378058.04,23.503
W62 2BJ,Greater London,1,6369709.06,23.501
DL16 8NP,North East,1,6365145.96,37.599
BT37 7NS,Northern Ireland,1,6364440.45,37.599
EC79 8SN,Greater London,1,6363692.19,46.998
L96 1NP,North West,1,6360217.12,31.331
EX55 7FJ,South West,1,6351767.77,23.496
EH79 2VU,Scotland,1,6349463.14,75.187
SE37 7WD,Greater London,1,6345430.06,37.592
E36 6VZ,Greater London,1,6343362.82,56.387
ST24 8RY,West Midlands,1,6337143.06,46.986
TR51 6FR,South West,1,6332354.43,23.492
SW87 5EX,Greater London,1,6330606.74,46.983
LS82 8JY,Yorkshire and the Humber,1,6329949.94,70.474
GU34 2EK,South East,1,6325412.49,18.792
NW87 4TF,Greater London,1,6325327.73,23.49
DE64 5PT,East Midlands,1,6321024.63,23.489
CB52 7ZJ,East of England,1,6319780.23,37.582
CF12 6FZ,Wales,1,6315154.06,23.488
CF45 3CA,Wales,1,6312638.36,20.355
LL11 2JS,Wales,1,6304135.07,51.667
SW52 3MH,Greater London,1,6302917.68,34.444
E65 4PA,Greater London,1,6297694.55,46.967
NW60 4FP,Greater London,1,6297029.33,70.45
E1 2HV,Greater London,1,6291168.99,70.446
NW55 8BK,Greater London,1,6290073.08,75.142
NN61 7GY,East Midlands,1,6285075.57,56.353
BB47 7VN,North West,1,6281152.85,46.959
SO30 8SR,South East,1,6279306.06,18.783
LN38 8ZR,East Midlands,1,6276573.61,40.696
E16 2BK,Greater London,1,6274651.26,18.782
EC20 4FK,Greater London,1,6272498.24,46.955
RH69 8FP,South East,1,6271947.22,23.477
IV28 1HB,Scotland,1,6270782.54,37.563
LN82 8FV,East Midlands,1,6267739.43,37.562
RG97 6BX,South East,1,6265687.96,37.561
W21 2UU,Greater London,1,6263386.66,46.951
IV60 6RF,Scotland,1,6258589.88,70.423
CB33 7EF,East of England,1,6256185.18,70.421
SW81 3CV,Greater London,1,6254307.38,20.343
NR76 3PM,East of England,1,6246332.49,18.777
CM71 8ZN,East of England,1,6242847.88,18.776
CB90 5NX,East of England,1,6241247.87,20.341
EH61 1PC,Scotland,1,6241247.87,18.776
NE70 2BV,North East,1,6235511.02,93.875
W25 3SA,Greater London,1,6232580.59,23.468
BB27 3HP,North West,1,6227231.99,34.418
LE31 6UU,East Midlands,1,6222597.45,46.931
HG52 5TV,Yorkshire and the Humber,1,6220467.77,23.465
CO41 6NV,East of England,1,6212874.96,18.771
SE40 4XB,Greater London,1,6210710.34,93.851
E46 5SW,Greater London,1,6209668.75,51.617
EC70 1ED,Greater London,1,6201041.52,18.768
DN65 4KF,Yorkshire and the Humber,1,6186492.53,40.658
NW81 4WC,Greater London,1,6185274.42,46.913
IV9 4AD,Scotland,1,6163679.93,56.283
NE94 7PB,North East,1,6158898.96,17.197
CM48 6NR,East of England,1,6156849.4,46.899
HG18 7ME,Yorkshire and the Humber,1,6154197.68,70.347
NP72 3NG,Wales,1,6153510.28,23.449
AB79 2MS,Scotland,1,6150912.5,23.448
BT31 3TP,Northern Ireland,1,6146440.69,34.389
TS35 5MR,North East,1,6142026.6,18.757
SA97 1YW,Wales,1,6141192.85,23.446
WS32 6YA,West Midlands,1,6129046.9,70.328
N3 2BM,Greater London,1,6101792.28,37.498
WC44 5NE,Greater London,1,6099843.38,46.871
SW51 6DC,Greater London,1,6099154.41,37.497
SW82 4AX,Greater London,1,6098536.36,46.871
BL23 8UF,North West,1,6097977.67,23.435
GL68 2KS,South West,1,6094314.15,74.99
GU25 5CK,South East,1,6093831.33,60.929
W22 2KJ,Greater London,1,6093181.17,23.434
OX48 6JJ,South East,1,6092926.48,23.434
YO13 2TH,Yorkshire and the Humber,1,6089726.75,56.24
BD41 5HA,Yorkshire and the Humber,1,6085717.6,51.551
L11 1WE,North West,1,6084162.4,46.864
NE86 8UE,North East,1,6079064.24,23.431
PO29 3SG,South East,1,6078136.06,18.744
SO40 4BM,South East,1,6075437.69,18.744
G84 8BH,Scotland,1,6073020.48,46.858
RH61 4VV,South East,1,6069614.0,37.485
CO21 8XF,East of England,1,6065651.73,18.742
GU85 3GF,South East,1,6051345.48,37.478
WS37 8DP,West Midlands,1,6049262.98,18.739
BH52 3CM,South West,1,6043744.16,18.737
CF34 4NT,Wales,1,6043068.29,37.475
EC75 4ET,Greater London,1,6041005.16,56.211
BD39 8XD,Yorkshire and the Humber,1,6038307.81,23.42
WA40 3BC,North West,1,6038229.1,18.736
AB18 4ER,Scotland,1,6036500.24,18.736
EC57 8YW,Greater London,1,6036261.61,37.472
GU1 7EX,South East,1,6032047.99,18.735
LN8 7PS,East Midlands,1,6031656.18,56.205
G91 3VY,Scotland,1,6030365.92,46.837
HD49 1GA,Yorkshire and the Humber,1,6024749.73,18.734
NG61 7SY,East Midlands,1,6020365.4,23.416
W96 1GG,Greater London,1,6019220.89,23.416
BT2 3XE,Northern Ireland,1,6013528.39,18.731
AL26 2VT,East of England,1,6012504.13,46.828
SA97 7ME,Wales,1,6006902.67,37.46
WS4 1SG,West Midlands,1,6003818.96,23.412
W98 4DS,Greater London,1,6000770.24,56.187
AL13 7CZ,East of England,1,5994251.68,18.728
RG52 2TR,South East,1,5992074.45,37.454
NW6 8EF,Greater London,1,5990399.62,18.727
ST95 2UD,West Midlands,1,5989871.48,51.498
EX84 3ZW,South West,1,5986796.5,46.815
BH85 3UT,South West,1,5976677.09,23.405
DN59 5GX,Yorkshire and the Humber,1,5974835.33,18.724
HD93 5AX,Yorkshire and the Humber,1,5972617.43,93.616
EH21 5RV,Scotland,1,5951489.19,37.438
EC81 8YT,Greater London,1,5949784.81,70.195
CB81 2RA,East of England,1,5949536.66,34.317
L42 5YR,North West,1,5942894.81,74.869
LE74 5AJ,East Midlands,1,5937521.48,18.716
BT45 3XX,Northern Ireland,1,5936831.29,56.148
BT72 8YH,Northern Ireland,1,5936409.05,70.185
WC6 5WA,Greater London,1,5935582.52,70.184
WS90 1UU,West Midlands,1,5927507.94,17.155
CV29 2KF,West Midlands,1,5915295.04,46.779
DY61 7GW,West Midlands,1,5914880.29,23.389
EC74 5XP,Greater London,1,5913780.59,37.423
TR76 6UX,South West,1,5913066.18,37.422
GL26 8JM,South West,1,5910385.13,56.132
AL39 7GP,East of England,1,5907733.22,18.71
SO81 3NG,South East,1,5904970.35,70.161
YO47 1DM,Yorkshire and the Humber,1,5902840.23,17.15
LE37 7EG,East Midlands,1,5898181.22,37.416
DN85 1NY,Yorkshire and the Humber,1,5889431.04,18.706
WN30 8VM,North West,1,5885000.17,18.706
SE73 4WV,Greater London,1,5879896.65,17.146
NG9 8CC,East Midlands,1,5877863.14,18.704
DH90 7XR,North East,1,5871235.05,93.513
EH10 4PN,Scotland,1,5869254.63,70.134
SE78 2GJ,Greater London,1,5862957.0,23.376
EH17 1SE,Scotland,1,5858839.2,51.425
WS11 1JT,West Midlands,1,5858621.24,18.7
WS54 3KJ,West Midlands,1,5854445.37,37.399
L76 6MV,North West,1,5854359.48,18.699
SW69 2BG,Greater London,1,5850805.0,40.513
CV82 1EW,West Midlands,1,5847441.03,18.698
DN75 5YU,Yorkshire and the Humber,1,5845515.05,18.697
AL9 7KJ,East of England,1,5835866.81,46.739
BA54 7YG,South West,1,5832600.88,56.084
E92 2FV,Greater London,1,5832148.28,46.737
OX21 5BX,South East,1,5831120.89,23.368
RG60 5YT,South East,1,5828633.33,23.367
CF32 8SU,Wales,1,5825960.12,23.367
CM82 8ZX,East of England,1,5824259.01,46.733
RH82 1JX,South East,1,5821959.37,37.385
NE39 3TG,North East,1,5820912.89,18.692
G90 5DT,Scotland,1,5820570.49,17.135
WC36 6ZK,Greater London,1,5817463.31,46.729
CH10 4ZN,North West,1,5816059.22,56.074
LL71 3TB,Wales,1,5806815.38,46.724
WV52 8ZK,West Midlands,1,5805048.43,23.361
ST56 2NE,West Midlands,1,5803262.24,23.361
SW92 2CT,Greater London,1,5799775.36,37.376
SA33 6FD,Wales,1,5796772.49,23.359
IV53 6JE,Scotland,1,5795537.17,18.687
LD91 3KE,Wales,1,5778910.58,23.355
EC1 4SR,Greater London,1,5774574.06,23.353
CF58 1MB,Wales,1,5773139.14,40.479
NW56 3GE,Greater London,1,5762759.5,93.402
BS49 3SZ,South West,1,5762014.93,23.35
BA61 4UZ,South West,1,5745180.61,23.346
B37 5EK,West Midlands,1,5742771.89,37.352
SW19 2MP,Greater London,1,5736941.61,18.675
AB82 6GJ,Scotland,1,5732080.1,23.342
BH6 2DA,South West,1,5726433.86,18.673
NE58 2UX,North East,1,5718226.46,37.342
EX53 6VY,South West,1,5715336.92,70.014
BN57 2HB,South East,1,5713460.79,70.013
BS32 5VV,South West,1,5713035.54,70.012
BL6 5RC,North West,1,5712076.63,56.009
WN24 7HH,North West,1,5708513.39,80.899
LS52 3PP,Yorkshire and the Humber,1,5707197.92,23.336
RG20 4MA,South East,1,5706047.91,18.668
PO85 1ZU,South East,1,5705769.5,37.337
LS15 6JR,Yorkshire and the Humber,1,5700632.72,93.337
S29 3EK,Yorkshire and the Humber,1,5698575.26,37.334
HD14 6PD,Yorkshire and the Humber,1,5695737.81,37.333
DL45 1UX,North East,1,5682053.35,18.663
LS65 6CH,Yorkshire and the Humber,1,5676655.73,23.328
NG29 5EB,East Midlands,1,5668415.55,23.326
OX31 4BC,South East,1,5664222.92,46.649
S8 5AV,Yorkshire and the Humber,1,5663720.42,18.66
LL19 8ZR,Wales,1,5658695.5,18.658
HU91 2GF,Yorkshire and the Humber,1,5655398.57,69.967
ST18 5MV,West Midlands,1,5649535.33,37.313
IP67 2KM,East of England,1,5644218.26,46.638
DE91 2BG,East Midlands,1,5644045.03,37.311
ST53 3SH,West Midlands,1,5643336.7,69.957
BN59 6KZ,South East,1,5642632.08,17.1
SW5 8AA,Greater London,1,5641587.27,37.31
SW22 4MD,Greater London,1,5638702.2,46.635
LD16 3EX,Wales,1,5633245.8,18.653
W32 3UY,Greater London,1,5623216.14,46.627
SR33 6UA,North East,1,5623136.84,23.314
PA14 7AN,Scotland,1,5622545.69,20.205
AB77 8BS,Scotland,1,5616228.48,17.095
DN5 6MD,Yorkshire and the Humber,1,5613777.32,18.649
GU89 1RW,South East,1,5611146.02,37.297
IP97 4XG,East of England,1,5601594.36,37.293
WS80 7DF,West Midlands,1,5596389.38,23.306
SW70 5GN,Greater London,2,5591252.29,45.646
CH80 7VD,North West,1,5588763.38,18.644
PO83 2NG,South East,1,5575574.97,37.281
PA51 6JV,Scotland,1,5573781.17,37.281
ST63 1YS,West Midlands,1,5573678.16,18.64
CM2 7BK,East of England,1,5570401.57,46.599
EH43 2WP,Scotland,1,5565393.23,46.596
G42 6AW,Scotland,1,5564812.33,18.638
DE11 1PW,East Midlands,1,5563033.42,20.191
ST73 5VK,West Midlands,1,5562136.79,69.892
TR26 1ZM,South West,1,5561370.27,17.084
ST56 7BX,West Midlands,1,5560763.66,23.297
SO12 5PS,South East,1,5557246.52,69.888
RG12 4XF,South East,1,5553916.56,20.189
NW84 5EM,Greater London,1,5549486.5,23.294
WV59 3FH,West Midlands,1,5546799.41,18.634
E23 8YG,Greater London,1,5544463.14,46.585
GU22 7VB,South East,1,5540013.01,80.743
SA82 5UM,Wales,1,5538784.35,37.265
WS76 7SG,West Midlands,1,5536875.88,18.632
SW33 5CW,Greater London,1,5536493.22,23.29
BT73 3WT,Northern Ireland,1,5534185.48,74.527
BS80 1PG,South West,1,5531840.78,23.289
NP7 5YY,Wales,1,5530697.89,20.184
E1 4NZ,Greater London,1,5530287.97,46.577
NW33 8KU,Greater London,1,5524240.94,46.574
NN5 5GJ,East Midlands,1,5520749.81,18.629
SE81 6VR,Greater London,1,5519055.13,37.257
W85 6TM,Greater London,1,5518910.49,18.628
LN40 7DH,East Midlands,1,5518728.08,18.628
WA78 6XJ,North West,1,5514997.14,23.284
BB38 7ZW,North West,1,5514676.81,18.628
RG59 1HJ,South East,1,5510639.0,18.627
EX61 7MD,South West,1,5508820.25,37.252
LN87 4BE,East Midlands,1,5507702.25,40.356
W16 6MS,Greater London,1,5497648.97,37.248
NR41 1KA,East of England,1,5497551.82,37.248
BT2 3SG,Northern Ireland,1,5494498.96,55.869
N67 6JR,Greater London,1,5482164.79,69.827
OX34 4UD,South East,1,5477461.57,18.619
BN50 2BW,South East,1,5472792.46,55.855
EX8 6KK,South West,1,5472294.37,69.818
RG38 3YD,South East,1,5463036.9,37.232
SA37 4BJ,Wales,1,5456625.38,46.537
PA75 2XG,Scotland,1,5453040.49,37.228
HD33 2KB,Yorkshire and the Humber,1,5451984.03,55.841
EH41 7NR,Scotland,1,5450540.8,18.613
DY86 3XB,West Midlands,1,5447345.22,46.532
CF49 5RN,Wales,1,5440345.88,18.611
IV92 6SS,Scotland,1,5438192.93,23.263
DY22 5GF,West Midlands,1,5436330.25,23.263
PA84 4TE,Scotland,1,5436202.95,69.789
WV74 8DH,West Midlands,1,5433965.33,18.61
PL84 6XJ,South West,1,5433482.97,23.262
BN25 5KU,South East,1,5428965.82,60.478
DD87 4KX,Scotland,1,5427352.92,18.608
WS89 7KH,West Midlands,1,5423795.86,20.158
CM50 2FA,East of England,1,5420467.25,23.259
GU56 3GU,South East,1,5419294.97,17.056
RH79 1HU,South East,1,5414097.34,69.77
BH92 7KS,South West,1,5413428.67,55.816
BT33 7ME,Northern Ireland,1,5410597.68,37.209
BH69 3GJ,South West,1,5406913.34,37.208
WC80 6HY,Greater London,1,5403998.39,34.106
N62 6VJ,Greater London,1,5401005.32,37.205
IV89 3VJ,Scotland,1,5395687.36,18.601
LU65 3RA,East of England,1,5395143.28,23.252
WA56 5GF,North West,1,5392568.36,23.251
NR96 2GY,East of England,1,5391805.84,69.752
RH26 7FD,South East,1,5387837.52,18.6
B88 7PK,West Midlands,1,5387204.39,23.249
NW42 7BY,Greater London,1,5382281.66,55.795
CM45 8PY,East of England,1,5378158.41,46.494
N44 1CW,Greater London,1,5365667.83,55.784
SO65 4RZ,South East,1,5364122.0,37.189
CO29 3YY,East of England,1,5363260.38,17.045
NR31 6DS,East of England,1,5361817.84,46.484
DY93 7FK,West Midlands,1,5360987.29,23.242
N58 6RK,Greater London,1,5359902.64,23.242
BN82 7VT,South East,1,5346565.45,37.181
WC19 1ED,Greater London,1,5346473.5,46.476
EH31 5RF,Scotland,1,5346410.95,18.59
NP83 3AV,Wales,1,5344487.39,23.237
NN71 2ZP,East Midlands,1,5342715.73,23.237
E73 6PS,Greater London,1,5342414.24,46.474
YO82 1YZ,Yorkshire and the Humber,1,5335942.96,23.235
SW21 3TB,Greater London,1,5333982.32,37.175
EC46 7NR,Greater London,1,5332345.6,69.702
HD45 3EB,Yorkshire and the Humber,1,5332258.47,40.272
BL59 5TA,North West,1,5328601.57,69.699
NR94 1KE,East of England,1,5327255.64,46.465
PL46 8ZK,South West,1,5324738.94,18.585
NG9 7BY,East Midlands,1,5323844.07,37.17
G1 8ER,Scotland,1,5323134.86,37.17
SW56 3VX,Greater London,1,5322017.85,46.462
E52 4HG,Greater London,1,5318323.6,18.584
N35 3ZS,Greater London,1,5308328.91,34.067
LL94 1ZM,Wales,1,5304915.66,69.679
LN96 6RH,East Midlands,1,5303243.45,18.581
W22 2AF,Greater London,1,5296626.04,55.737
RH1 8ZW,South East,1,5295642.25,37.158
LD9 4FD,Wales,1,5293174.31,37.157
NN56 4EF,East Midlands,1,5275442.99,23.218
SW66 8DH,Greater London,1,5274995.03,74.297
AL88 2CB,East of England,1,5274211.93,55.722
LL36 4ZT,Wales,1,5272457.32,40.243
PR26 4PZ,North West,1,5268179.23,37.145
LD90 8EE,Wales,1,5266647.12,23.215
E11 3VR,Greater London,1,5266596.62,40.24
GU89 7GJ,South East,1,5263291.84,37.143
SW1 2DJ,Greater London,1,5260396.7,18.571
TS27 6SA,North East,1,5255268.4,37.139
CV9 5PC,West Midlands,1,5250728.26,18.569
ST82 5FH,West Midlands,1,5246954.09,23.21
,Northern Ireland,2,5242741.149999999,50.2625
BL83 3US,North West,1,5240448.73,37.133
AL8 6FB,East of England,1,5237772.68,46.414
RG77 8RC,South East,1,5224804.15,23.203
DD97 1GS,Scotland,1,5223676.23,40.219
N67 6PU,Greater London,1,5221109.4,46.405
SE55 6CN,Greater London,1,5213742.62,74.241
GU77 7TC,South East,1,5212545.74,23.2
N73 2AG,Greater London,1,5208824.47,37.118
HU16 6YF,Yorkshire and the Humber,1,5207149.65,37.117
WN14 3BR,North West,1,5203516.52,23.197
B43 2SG,West Midlands,1,5203174.77,37.115
TR16 8NS,South West,1,5188442.55,20.101
WS9 6WU,West Midlands,1,5179170.75,18.552
N89 6ZP,Greater London,1,5175992.22,46.379
N61 8DT,Greater London,1,5172112.1,18.551
CB75 2JF,East of England,1,5169385.84,18.55
BA57 8FW,South West,1,5168496.32,17.004
N32 6HT,Greater London,1,5166333.64,34.007
WS4 2TV,West Midlands,1,5165321.35,18.549
RG48 6AR,South East,1,5164217.14,69.558
BA79 2RB,South West,1,5162703.84,37.097
LS85 6SP,Yorkshire and the Humber,1,5162455.57,74.193
PO82 4PM,South East,1,5162025.67,17.003
N54 7BH,Greater London,1,5157835.07,37.094
BA79 5GH,South West,1,5156543.8,37.094
PL90 3MZ,South West,1,5156368.03,37.094
DL78 2ME,North East,1,5149468.89,55.636
DE91 4AY,East Midlands,1,5146815.35,18.545
OX18 7FC,South East,1,5144688.31,55.633
CH69 8BY,North West,1,5138889.53,46.357
RG47 2WH,South East,1,5134115.9,55.625
WC56 6DM,Greater London,1,5127413.54,69.526
NW34 2WC,Greater London,1,5125557.69,33.989
LL4 1EH,Wales,1,5120535.08,16.994
SA86 4SJ,Wales,1,5114302.68,18.537
SE72 6EJ,Greater London,1,5113959.84,37.074
CV50 1JF,West Midlands,1,5107778.58,18.536
CV50 6NE,West Midlands,1,5107436.52,55.606
SE77 3UF,Greater London,1,5106878.33,55.606
EX62 5EF,South West,1,5106226.75,92.676
HG46 3UK,Yorkshire and the Humber,1,5105538.79,16.99
N48 3JU,Greater London,1,5105399.57,23.169
WS75 3GR,West Midlands,1,5105267.68,23.169
RH22 7SG,South East,1,5097613.5,37.066
N38 1VY,Greater London,1,5090143.47,69.493
LD37 5CX,Wales,1,5082495.82,23.162
WN20 1HZ,North West,1,5081792.88,67.941
SE4 6GZ,Greater London,1,5071690.59,67.932
S52 4WS,Yorkshire and the Humber,1,5071534.04,33.966
PO9 2GE,South East,1,5070596.98,50.949
CO9 7EH,East of England,1,5069283.05,55.579
EH28 3ND,Scotland,1,5068568.28,69.474
M61 2ZP,North West,1,5067973.83,18.526
BT17 2NP,Northern Ireland,1,5067466.93,37.052
M75 6CX,North West,1,5058487.63,16.98
HD8 2JA,Yorkshire and the Humber,1,5057885.35,37.048
BB2 3MH,North West,1,5057003.78,37.047
WV19 5HR,West Midlands,1,5055593.68,20.067
RG11 1GA,South East,1,5053754.0,69.46
BD89 6NW,Yorkshire and the Humber,1,5051029.87,18.522
RH90 7CX,South East,1,5046715.42,33.955
B49 8PB,West Midlands,1,5045738.71,18.521
LL98 5AV,Wales,1,5043474.53,37.041
DL25 3GH,North East,1,5042716.05,50.93
WV3 6AD,West Midlands,1,5041611.32,18.52
HG84 4YF,Yorkshire and the Humber,1,5039949.48,55.558
N74 5KU,Greater London,1,5034784.2,18.518
BT68 3MB,Northern Ireland,1,5029969.62,23.146
WC78 1NP,Greater London,1,5027077.74,18.516
PL20 2KE,South West,1,5022314.52,55.546
YO13 5XZ,Yorkshire and the Humber,1,5010427.9,55.537
WV3 8FB,West Midlands,1,5006910.2,46.279
DN98 3DD,Yorkshire and the Humber,1,5006064.99,46.278
BB83 1AC,North West,1,5004246.08,23.139
SW59 6NM,Greater London,1,5000285.48,37.02
WN41 5BK,North West,1,4990980.76,46.269
BT83 4KT,Northern Ireland,1,4990749.4,69.404
GU61 6PM,South East,1,4986279.46,92.533
DN46 8WH,Yorkshire and the Humber,1,4986076.86,16.964
BB71 4PY,North West,1,4984401.76,33.928
WV66 1HS,West Midlands,1,4981541.81,18.506
SW7 7SE,Greater London,1,4978100.0,18.505
NW77 2SF,Greater London,1,4976890.67,37.009
RH29 3BU,South East,1,4974382.36,20.046
L81 1RG,North West,1,4967533.73,37.004
GL2 1FX,South West,1,4966068.24,16.96
BL61 5JB,North West,1,4962922.54,60.128
EC46 3RD,Greater London,1,4962318.74,74.003
AB85 4XZ,Scotland,1,4960189.56,18.5
GU43 8CC,South East,1,4960077.74,69.376
EH67 8AY,Scotland,1,4955966.27,18.499
SO36 4TG,South East,1,4950565.21,36.996
DD42 2NU,Scotland,1,4948066.35,92.487
BN27 4UN,South East,1,4946688.85,69.364
CF1 8ZS,Wales,1,4944763.82,18.497
SW21 1EE,Greater London,1,4944566.57,73.986
OX16 4FG,South East,1,4941300.98,36.992
DL90 6HU,North East,1,4937414.78,23.119
BN43 1JS,South East,1,4933052.44,36.988
HG91 6WH,Yorkshire and the Humber,1,4930441.89,36.986
LE63 3RF,East Midlands,1,4926574.0,36.984
PL40 1GH,South West,1,4926444.83,18.492
IV56 4NT,Scotland,1,4925801.81,55.476
WC1 7TP,Greater London,1,4923841.39,33.901
EX20 2VZ,South West,1,4923806.86,18.492
W81 1NH,Greater London,1,4921851.09,92.455
BN63 6FW,South East,1,4921847.33,50.85
CO73 8UW,East of England,1,4918389.01,46.225
B10 4KG,West Midlands,1,4912074.38,92.443
DH34 7HF,North East,1,4911606.21,16.948
CH76 8FZ,North West,1,4907924.16,20.028
CB9 1WF,East of England,1,4897761.2,23.106
B95 4CA,West Midlands,1,4894837.28,60.074
LL71 6JU,Wales,1,4894320.39,69.316
BT12 4CY,Northern Ireland,1,4891870.57,67.774
HG18 3GM,Yorkshire and the Humber,1,4891650.22,20.024
PO55 4TT,South East,1,4890963.92,36.967
RG37 3UJ,South East,1,4880353.86,33.882
RG1 5TE,South East,1,4875464.19,50.819
SO60 8FB,South East,1,4874502.73,69.298
WN63 2RA,North West,1,4872887.81,23.099
PL81 6VD,South West,1,4871825.1,36.958
SE7 4HF,Greater London,1,4866836.47,69.291
BB8 6NW,North West,1,4863643.77,23.096
DH91 4RP,North East,1,4861580.76,40.032
RG44 6WT,South East,1,4859691.11,23.095
PO31 1SE,South East,1,4855288.53,18.475
NW91 3DS,Greater London,1,4854144.37,55.423
BT17 4VK,Northern Ireland,1,4852465.53,36.948
G71 5ZK,Scotland,1,4851947.02,18.474
CV85 8MR,West Midlands,1,4844318.36,46.18
N2 4NE,Greater London,1,4840842.86,36.942
HD27 7TR,Yorkshire and the Humber,1,4839402.48,55.412
IP62 2YU,East of England,1,4836181.12,23.087
NP28 2KE,Wales,1,4833302.57,20.008
NW6 2JR,Greater London,1,4832893.62,40.016
AB57 2XW,Scotland,1,4829322.68,33.858
BN67 6FD,South East,1,4825465.69,36.935
EH26 1UD,Scotland,1,4825052.17,40.012
WA58 7TP,North West,1,4824458.9,18.467
EC51 8YD,Greater London,1,4822418.61,40.011
BD58 1PD,Yorkshire and the Humber,1,4815550.98,18.465
NE90 1DW,North East,1,4810709.07,18.464
NW2 7SB,Greater London,1,4810534.15,16.925
SE31 1NG,Greater London,1,4806954.17,18.463
GU22 4BR,South East,1,4806519.43,18.463
RG93 3XC,South East,1,4804586.3,18.462
WN30 6VY,North West,1,4804402.57,69.233
W49 1PT,Greater London,1,4801824.12,36.923
GL35 1KV,South West,1,4799270.19,23.076
WN53 7RD,North West,1,4794304.82,23.074
BL68 3MS,North West,1,4793616.88,18.459
DE34 8AD,East Midlands,1,4781560.09,23.07
PR4 2SR,North West,1,4779339.44,69.209
M31 6HJ,North West,1,4779337.92,18.456
LS17 5ZY,Yorkshire and the Humber,1,4777154.87,18.455
WN91 2CN,North West,1,4773315.61,55.363
DD47 7PV,Scotland,1,4772719.22,18.454
BA60 8MF,South West,1,4772055.26,46.135
RG53 6ZZ,South East,1,4770592.71,69.201
EC77 5AW,Greater London,1,4761086.59,36.902
WN92 5VH,North West,1,4756053.53,18.45
RG32 2EK,South East,1,4752932.3,36.898
NW19 2KW,Greater London,1,4751372.06,19.986
IP23 5XY,East of England,1,4750269.24,23.061
LD5 6UT,Wales,1,4745111.65,23.059
CH31 8JD,North West,1,4745086.88,18.447
CV61 3GR,West Midlands,1,4743111.95,46.117
M49 6NU,North West,1,4742207.63,36.893
SW38 6YX,Greater London,1,4738323.83,36.891
N79 3BV,Greater London,1,4737933.77,55.336
DD26 8HY,Scotland,1,4737222.63,50.724
ST94 6XW,West Midlands,1,4736477.98,16.908
W58 5KW,Greater London,1,4736059.22,55.335
GU55 5BS,South East,1,4732385.0,55.332
E85 1PX,Greater London,1,4731074.31,36.887
BA97 7PS,South West,1,4727264.41,23.053
AB21 2PW,Scotland,1,4724049.21,36.884
EC71 4XG,Greater London,1,4717542.26,18.44
B39 4AH,West Midlands,1,4716028.14,19.976
SW77 5YP,Greater London,1,4713284.02,67.61
LN89 6EJ,East Midlands,1,4711340.7,33.804
L66 3XY,North West,1,4710653.81,16.902
W19 4VG,Greater London,1,4709519.72,46.095
ST11 5ES,West Midlands,1,4707558.31,23.047
AL21 1SR,East of England,1,4707081.91,18.437
NW58 3JG,Greater London,1,4703716.39,36.873
IV75 2CG,Scotland,1,4700287.64,36.872
W94 2TV,Greater London,1,4699956.06,55.307
NW95 4JA,Greater London,1,4699558.68,46.089
BD5 5EJ,Yorkshire and the Humber,1,4696826.1,46.087
LU9 2RG,East of England,1,4692350.62,55.301
LN97 5FM,East Midlands,1,4692142.04,16.898
G93 1KD,Scotland,1,4690888.47,69.125
WC74 2AP,Greater London,1,4689307.52,36.866
RG74 2HZ,South East,1,4685827.32,18.432
PL19 2HA,South West,1,4685592.11,36.864
WA68 7ZD,North West,1,4683939.34,23.039
CO4 3XF,East of England,1,4680757.18,46.077
SE7 1BW,Greater London,1,4678188.91,18.43
OX78 7KH,South East,1,4673282.05,69.108
LE83 5WU,East Midlands,1,4667001.18,18.427
BL88 5EE,North West,1,4660117.43,55.276
M1 2TR,North West,1,4659742.83,23.032
SR2 7NS,North East,1,4659319.13,18.425
NR68 8CC,East of England,1,4656755.12,46.061
TR82 8GN,South West,1,4655827.24,36.849
PL5 1AC,South West,1,4651816.59,36.847
SO9 4JU,South East,1,4647553.4,36.844
AB87 6HK,Scotland,1,4647159.08,36.844
LN95 8NB,East Midlands,1,4643880.68,18.421
NW15 8WH,Greater London,1,4642353.81,36.842
E47 8RB,Greater London,1,4635635.74,19.954
LE48 4NG,East Midlands,1,4631485.74,18.418
EX64 4XB,South West,1,4631279.04,18.418
CV8 8RD,West Midlands,1,4627521.15,39.904
GU34 4ZE,South East,1,4625914.29,23.021
OX47 1ZM,South East,1,4624891.46,23.02
HD38 6NN,Yorkshire and the Humber,1,4624884.79,23.02
NP53 2SN,Wales,1,4621977.72,69.059
LS59 7ZM,Yorkshire and the Humber,1,4614232.23,19.948
BA86 1XK,South West,1,4608776.83,18.412
WC2 1YR,Greater London,1,4606381.38,18.412
DY83 3UW,West Midlands,1,4605641.61,39.891
CM28 5VB,East of England,1,4603410.4,55.232
SW83 5HH,Greater London,1,4602609.89,36.821
PO45 2VU,South East,1,4602221.19,36.821
LL64 1KR,Wales,1,4600091.17,16.876
LU85 2DF,East of England,1,4599309.33,50.627
SE27 6VG,Greater London,1,4592306.95,16.874
HG31 7ER,Yorkshire and the Humber,1,4590953.66,36.815
BD97 5RK,Yorkshire and the Humber,1,4590382.17,19.941
L51 3FS,North West,1,4589083.33,19.941
WN52 5SD,North West,1,4588922.24,23.009
WS30 1FF,West Midlands,1,4588827.79,36.814
PO80 3FC,South East,1,4587899.52,46.017
SW70 3FB,Greater London,1,4586937.24,36.813
RG38 1CN,South East,1,4581756.33,23.006
NN15 5RG,East Midlands,1,4578980.48,23.005
LU35 4MK,East of England,1,4578730.43,55.213
EC68 2NN,Greater London,1,4576524.28,55.211
WA71 2VT,North West,1,4574125.88,46.008
BH63 5TT,South West,1,4570920.74,55.207
TR46 2RD,South West,1,4560384.33,73.598
SA73 1AF,Wales,1,4558849.98,36.798
RG18 4BM,South East,1,4556776.41,16.865
LU22 3ZW,East of England,1,4555462.75,19.931
N13 6WM,Greater London,1,4553766.62,55.193
LN1 6ZV,East Midlands,1,4545009.84,16.862
NN38 4DU,East Midlands,1,4541214.6,22.993
WV39 7AY,West Midlands,1,4539584.9,55.182
IP79 5NP,East of England,1,4538597.5,22.992
PA11 6BT,Scotland,1,4537688.83,36.787
DD30 3ZU,Scotland,1,4533673.57,36.785
NW17 4XG,Greater London,1,4533041.45,45.981
EH98 1AM,Scotland,1,4531709.74,39.849
SY5 8DT,Wales,1,4527904.19,18.391
EC68 6TE,Greater London,1,4525185.95,68.963
YO9 2ZX,Yorkshire and the Humber,1,4523160.12,18.39
PR77 5FS,North West,1,4519926.03,22.986
DD18 3VH,Scotland,1,4519263.97,36.777
SO91 1NC,South East,1,4517684.22,18.388
BD16 6TN,Yorkshire and the Humber,1,4513932.95,39.839
BT81 8TU,Northern Ireland,1,4504155.66,22.981
EX51 4US,South West,1,4502963.97,45.961
BS67 1NE,South West,1,4502849.93,22.98
WS61 8GU,West Midlands,1,4502812.25,18.384
N83 8EN,Greater London,1,4499282.84,18.383
LE68 4HK,East Midlands,1,4498541.14,18.383
RH11 1BN,South East,1,4493745.09,55.146
OX2 1PW,South East,1,4492687.45,36.763
NG8 3RT,East Midlands,1,4492006.31,19.913
SA55 6PT,Wales,1,4487898.07,45.951
DE52 1HW,East Midlands,1,4486772.49,22.975
PR4 5DF,North West,1,4485036.49,91.898
BT27 2CG,Northern Ireland,1,4483985.75,16.848
SR51 8KS,North East,1,4481134.03,36.757
PO96 6MM,South East,1,4480653.32,22.973
BL24 4KW,North West,1,4479544.0,39.819
EC7 1MR,Greater London,1,4479537.27,36.756
CF21 8SR,Wales,1,4479145.21,36.756
LU6 2DJ,East of England,1,4478624.24,55.133
IV2 5FU,Scotland,1,4474808.19,45.942
PR74 1TY,North West,1,4473612.18,45.941
AL59 1PZ,East of England,1,4473530.68,18.376
OX81 3BM,South East,1,4470485.31,18.376
CO69 4AU,East of England,1,4470423.45,16.844
DE62 2TJ,East Midlands,1,4468738.31,19.906
BT85 5NZ,Northern Ireland,1,4468040.53,36.75
E27 7MH,Greater London,1,4465349.49,59.716
NG38 6HM,East Midlands,1,4464049.71,18.374
CV97 4NY,West Midlands,1,4460151.61,45.932
SY23 6HH,Wales,1,4456638.68,18.372
PR19 7AX,North West,1,4455237.63,73.486
EC98 4AN,Greater London,1,4453097.55,22.964
EX96 7DH,South West,1,4452912.32,18.371
IV37 2BW,Scotland,1,4452482.02,45.927
GU90 8YM,South East,1,4451084.62,22.963
CO59 5UH,East of England,1,4448971.59,36.74
ST36 1BB,West Midlands,1,4445989.08,18.369
NN34 1WR,East Midlands,1,4445660.69,36.738
BS47 2JA,South West,1,4442000.39,18.368
HD18 4GM,Yorkshire and the Humber,1,4441791.13,18.368
WS8 4AX,West Midlands,1,4441414.66,36.736
E78 6MB,Greater London,1,4434899.87,45.915
EC66 3WB,Greater London,1,4428317.91,39.789
M21 1UJ,North West,1,4428305.36,18.364
NR61 1BY,East of England,1,4427803.01,45.91
,West Midlands,8,4427731.42,23.313125
DL12 3UW,North East,1,4425845.68,36.727
N83 4MW,Greater London,1,4423509.74,18.363
LS25 7EA,Yorkshire and the Humber,1,4420149.28,18.362
N8 4NC,Greater London,1,4420119.02,45.905
CO7 4FX,East of England,1,4418958.21,18.362
IP83 2RP,East of England,1,4418186.38,18.361
WA92 4MW,North West,1,4417684.1,45.903
DY43 5YX,West Midlands,1,4415285.83,18.361
N26 6AG,Greater London,1,4405816.29,45.895
WN47 5CH,North West,1,4402293.09,59.661
NR31 8AZ,East of England,1,4399101.83,68.836
ST73 7DP,West Midlands,1,4398634.56,18.356
E87 7AE,Greater London,1,4395871.67,68.833
EH35 5VT,Scotland,1,4395009.74,18.355
NW88 1TZ,Greater London,1,4393890.1,73.419
RG41 1CU,South East,1,4392187.88,33.65
HU76 3VE,Yorkshire and the Humber,1,4390964.98,18.354
DD91 2EG,Scotland,1,4390889.3,36.708
RG19 6DK,South East,1,4389858.13,19.883
CB7 6FT,East of England,1,4385133.49,18.352
CO2 8CW,East of England,1,4382952.51,45.88
SO85 2DA,South East,1,4382853.96,18.352
DY89 7JF,West Midlands,1,4382377.25,68.819
SE62 6YW,Greater London,1,4381534.95,22.939
CF71 2MX,Wales,1,4381532.29,18.351
E73 7BR,Greater London,1,4380146.92,45.878
CO10 7VU,East of England,1,4379945.0,59.641
EH52 5AM,Scotland,1,4378041.36,22.938
NW56 1TG,Greater London,1,4376769.52,16.821
LE19 2FR,East Midlands,1,4376354.8,55.05
DD34 6VY,Scotland,1,4375042.02,19.879
WC72 2NY,Greater London,1,4374177.75,16.82
PA91 7HS,Scotland,1,4373089.88,45.873
HU58 5AN,Yorkshire and the Humber,1,4372168.57,39.756
DD13 7JM,Scotland,1,4370279.95,55.045
W61 3MG,Greater London,1,4367932.87,16.819
N25 3HF,Greater London,1,4366905.58,18.347
GU39 7UB,South East,1,4364126.34,73.387
DD89 6ZV,Scotland,1,4360058.0,19.874
PO26 3XY,South East,1,4340275.38,18.34
NW96 3VX,Greater London,1,4336853.14,36.678
TR4 5GX,South West,1,4335615.12,18.339
EH70 5SU,Scotland,1,4333782.82,19.867
DH18 1NR,North East,1,4333226.14,18.338
YO80 6DC,Yorkshire and the Humber,1,4332178.15,18.338
BL48 5AU,North West,1,4331823.52,18.338
DE92 7FC,East Midlands,1,4328779.78,36.674
ST26 8XE,West Midlands,1,4323965.1,45.839
W80 8MG,Greater London,1,4323753.13,19.864
B58 4WE,West Midlands,1,4323549.4,36.671
WA27 6UH,North West,1,4322879.86,18.335
WC10 6VK,Greater London,1,4321647.59,45.837
RG95 8WX,South East,1,4318440.59,55.002
BB66 1MZ,North West,1,4314562.11,18.333
CF34 7DN,Wales,1,4312880.93,45.831
E52 1TX,Greater London,1,4310847.72,54.996
SW23 1ZE,Greater London,1,4310822.33,22.915
WV18 3EX,West Midlands,1,4309463.88,18.332
PL6 2DX,South West,1,4304101.45,91.65
BD38 5WP,Yorkshire and the Humber,1,4302317.81,39.714
E82 1RR,Greater London,1,4300489.03,68.734
BD49 5MV,Yorkshire and the Humber,1,4296429.65,19.855
DL15 7AG,North East,1,4295009.1,36.655
WC63 4CN,Greater London,1,4291824.47,36.653
BT70 6JT,Northern Ireland,1,4291430.71,18.327
OX31 6NX,South East,1,4291097.2,18.326
CM12 4ZP,East of England,1,4287658.21,18.326
SO92 7NF,South East,1,4286282.49,45.813
LD22 4WF,Wales,1,4286158.54,39.704
B16 5RC,West Midlands,1,4285696.16,22.906
WA96 5DS,North West,1,4285125.69,54.974
BL11 8XH,North West,1,4282496.84,18.324
AB6 1FS,Scotland,1,4280067.05,22.904
OX68 8RP,South East,1,4278624.21,50.388
AL43 1WD,East of England,1,4277175.51,54.968
E85 3NZ,Greater London,1,4274011.41,36.643
IP7 8PP,East of England,1,4270536.4,22.901
YO58 1KS,Yorkshire and the Humber,1,4267907.1,73.28
LU50 5KR,East of England,1,4260911.43,18.318
WC65 4DY,Greater London,1,4260300.17,18.318
ST66 7MD,West Midlands,1,4255910.78,18.317
N35 5RW,Greater London,1,4251796.31,73.262
GL42 2YF,South West,1,4250954.49,54.946
SW10 2BC,Greater London,1,4248671.28,33.577
WS67 5YD,West Midlands,1,4248642.37,22.893
SE38 4VE,Greater London,1,4244863.72,68.675
CH45 3UH,North West,1,4244133.06,18.313
PA65 4VY,Scotland,1,4243827.8,18.313
EX97 7PH,South West,1,4240865.07,45.781
DN49 5SA,Yorkshire and the Humber,1,4240847.71,59.515
WC58 3SG,Greater London,1,4239667.96,33.572
BB57 7YM,North West,1,4238658.26,36.623
W77 8JS,Greater London,1,4234866.24,33.569
NE40 5GG,North East,1,4234689.42,22.888
CM70 6SE,East of England,1,4234124.31,18.31
TR92 6RH,South West,1,4230757.2,36.619
BT32 6DM,Northern Ireland,1,4230295.36,18.309
EC4 4UG,Greater London,1,4229126.02,18.309
WN28 6YG,North West,1,4229112.19,18.309
BN42 1UV,South East,1,4225325.5,22.885
PR48 3WF,North West,1,4224616.8,59.5
W62 2VY,Greater London,1,4224356.65,18.308
EC47 2PW,Greater London,1,4222405.45,18.307
CV98 1CK,West Midlands,1,4222227.37,18.307
G27 7DR,Scotland,1,4220887.96,39.664
BN57 5VR,South East,1,4220625.02,73.226
SE77 5EU,Greater London,1,4214113.27,68.643
HD64 8DJ,Yorkshire and the Humber,1,4213841.77,18.305
BT73 3ZH,Northern Ireland,1,4213411.53,18.305
CF33 7RH,Wales,1,4213274.93,54.914
OX60 6HE,South East,1,4212824.41,73.217
PO24 3YK,South East,1,4212277.13,39.659
NP22 8TK,Wales,1,4211913.92,19.829
EX70 2RW,South West,1,4209184.35,36.607
NN64 3MX,East Midlands,1,4206568.07,18.303
BN46 5EB,South East,1,4205657.92,36.605
SO42 5WZ,South East,1,4204911.18,18.302
CV34 4WT,West Midlands,1,4204476.9,36.604
EX85 3GP,South West,1,4204365.04,33.554
NG72 8BD,East Midlands,1,4202773.34,18.302
BT20 4CB,Northern Ireland,1,4202204.96,18.301
CH95 1PE,North West,1,4202051.23,22.877
SW80 7AV,Greater London,1,4201642.47,39.653
PO51 6XY,South East,1,4197715.89,22.875
SW78 6GD,Greater London,1,4192756.07,36.597
L70 1RB,North West,1,4192102.95,54.895
WC19 2BW,Greater London,1,4191460.5,18.298
DN50 5DK,Yorkshire and the Humber,1,4191042.91,16.773
W38 2XC,Greater London,1,4188060.1,18.297
ST15 3NJ,West Midlands,1,4186925.78,18.297
SO46 1HD,South East,1,4183475.97,73.184
NG78 5ZB,East Midlands,1,4175773.49,36.588
EH38 3BA,Scotland,1,4174622.69,22.867
M76 4MU,North West,1,4171681.99,18.293
EC25 7GD,Greater London,1,4169998.17,36.584
M89 1WV,North West,1,4167300.77,54.874
PO58 3DG,South East,1,4166835.46,36.582
W5 8RZ,Greater London,1,4166072.91,36.582
IV75 7SS,Scotland,1,4164313.11,18.29
SE71 7ZJ,Greater London,1,4164008.44,54.871
BH50 3CD,South West,1,4163255.23,36.58
BS68 8FF,South West,1,4162070.48,18.29
B40 1GV,West Midlands,1,4160925.76,22.862
LS97 2NK,Yorkshire and the Humber,1,4158774.94,54.867
NW95 1RN,Greater London,1,4158262.09,18.289
CO57 8GS,East of England,1,4157040.25,54.865
BT11 3ZP,Northern Ireland,1,4152975.34,16.763
BL37 1DS,North West,1,4148913.42,18.286
L15 5RD,North West,1,4148243.31,33.524
OX76 4NJ,South East,1,4146329.55,22.857
LE48 2GM,East Midlands,1,4137748.6,33.518
WA38 2EF,North West,1,4136579.23,36.565
DY88 8YM,West Midlands,1,4131852.94,36.562
SW96 1JK,Greater London,1,4130018.62,79.216
B81 8XB,West Midlands,1,4127278.7,36.56
CO57 5YV,East of England,1,4127167.9,68.549
NR4 1CD,East of England,1,4125331.0,22.849
SE30 6KZ,Greater London,1,4122982.56,18.279
W5 8VF,Greater London,1,4121689.08,36.556
BT63 2VG,Northern Ireland,1,4121499.69,22.848
NR76 7XK,East of England,1,4117510.2,18.277
ST27 8XJ,West Midlands,1,4117140.12,36.554
SO44 5RV,South East,1,4114941.8,54.828
IV22 5FK,Scotland,1,4110535.71,16.752
SA10 6UE,Wales,1,4107243.98,19.797
CM81 7HH,East of England,1,4105287.62,91.367
RH17 7ZR,South East,1,4103547.16,50.25
GL4 3VS,South West,1,4103218.4,73.091
EC47 1ZF,Greater London,1,4098496.84,18.271
ST40 3TY,West Midlands,1,4091681.68,18.269
NW27 5EX,Greater London,1,4091446.74,73.077
LE54 1SB,East Midlands,1,4090835.17,54.807
WA37 8ZY,North West,1,4086662.9,54.804
WC58 1BA,Greater London,1,4083909.4,36.534
DL68 7FM,North East,1,4083515.55,33.489
AL52 5RP,East of England,1,4080795.77,22.833
LU32 6NU,East of England,1,4075669.44,36.529
SO12 1WP,South East,1,4070321.22,16.741
NW23 1RY,Greater London,1,4068063.08,19.784
WC43 6NG,Greater London,1,4066551.47,18.262
NN73 5UJ,East Midlands,1,4064809.8,54.784
WA19 2CF,North West,1,4064543.09,22.827
ST48 2JA,West Midlands,1,4064479.92,16.74
OX26 8TG,South East,1,4059660.83,19.782
NN13 2PB,East Midlands,1,4057961.99,18.259
W50 6WM,Greater London,1,4053885.76,54.775
DN49 3PY,Yorkshire and the Humber,1,4052770.29,36.516
WC75 7NJ,Greater London,1,4052075.99,22.822
LL62 3XT,Wales,1,4049942.95,33.471
SE39 3DX,Greater London,1,4048222.82,36.513
WN45 1UW,North West,1,4048081.66,18.257
WV14 1ME,West Midlands,1,4046882.09,18.256
SO60 6EV,South East,1,4046516.33,16.735
DN40 4DC,Yorkshire and the Humber,1,4039896.91,54.762
L90 8WY,North West,1,4038552.87,36.507
HD49 4KX,Yorkshire and the Humber,1,4036407.81,54.759
PA17 4KE,Scotland,1,4035669.64,45.632
RG1 8GR,South East,1,4034605.98,79.094
WC34 1ZB,Greater London,1,4034485.66,36.505
DY16 2VR,West Midlands,1,4034302.44,16.731
WC31 1XN,Greater London,1,4031429.95,18.252
EX36 8CV,South West,1,4031142.08,36.503
LL5 2EM,Wales,1,4026528.98,36.5
NW19 2RC,Greater London,1,4024949.02,19.77
LE57 5SM,East Midlands,1,4022915.89,22.811
ST92 6CK,West Midlands,1,4022748.59,36.498
SR3 1PV,North East,1,4022355.07,18.249
DE98 7MU,East Midlands,1,4020412.88,36.497
NG87 8HY,East Midlands,1,4019568.41,59.306
PA90 6FY,Scotland,1,4018205.69,72.99
BS73 5NS,South West,1,4015233.56,18.247
BS45 5EG,South West,1,4015094.56,18.247
YO50 5NG,Yorkshire and the Humber,1,4011424.58,16.725
NW88 6KK,Greater London,1,4011265.41,36.491
RG25 4SR,South East,1,4008777.86,36.49
IV6 4KT,Scotland,1,4001338.24,22.803
W98 4RG,Greater London,1,3998773.08,18.242
YO40 1GS,Yorkshire and the Humber,1,3997911.99,18.242
LE1 8ZF,East Midlands,1,3992610.69,22.8
WN31 5KP,North West,1,3989837.15,45.598
DH30 5NF,North East,1,3985235.79,54.713
PO42 8VE,South East,1,3984736.72,18.238
GU63 5DV,South East,1,3984702.51,36.475
M69 6MK,North West,1,3983736.56,18.237
ST26 7TY,West Midlands,1,3982770.76,18.237
IV70 2FC,Scotland,1,3981758.04,18.237
M94 4PX,North West,1,3979462.92,18.236
E48 8ZG,Greater London,1,3973942.6,68.379
SE95 7EA,Greater London,1,3971964.24,18.234
IV60 3AW,Scotland,1,3970359.6,36.466
EC41 1NS,Greater London,1,3968376.47,54.698
G84 8NR,Scotland,1,3967792.87,18.232
N65 7NX,Greater London,1,3967238.73,54.697
WV58 6DT,West Midlands,1,3967102.36,19.752
DH18 8ZE,North East,1,3964271.08,22.789
AL86 6TZ,East of England,1,3964076.51,36.463
BB12 6JP,North West,1,3963056.11,54.693
BD69 2CP,Yorkshire and the Humber,1,3960398.36,45.576
DL64 4HY,North East,1,3960171.33,78.997
BD48 2GT,Yorkshire and the Humber,1,3959852.18,18.23
WV12 2PG,West Midlands,1,3955756.94,22.786
M11 6DN,North West,1,3954990.96,22.786
OX97 6WA,South East,1,3954571.77,54.685
WC97 7JW,Greater London,1,3954391.51,16.709
LE34 5KY,East Midlands,1,3953952.15,45.571
CV66 5UR,West Midlands,1,3952307.77,36.456
NN29 7AP,East Midlands,1,3948947.08,36.454
RH23 1VF,South East,1,3947767.66,54.679
WS60 5MW,West Midlands,1,3947254.3,45.566
DD29 1WX,Scotland,1,3944383.59,54.676
L56 5TZ,North West,1,3943320.91,36.45
WC80 6TZ,Greater London,1,3940291.98,19.743
W13 5PZ,Greater London,1,3936181.84,19.741
WS94 4JN,West Midlands,1,3935681.09,36.445
GU85 3WA,South East,1,3928324.79,18.22
SE45 6TP,Greater London,1,3928129.75,18.22
WV32 5MA,West Midlands,1,3925780.06,72.879
IP70 6AD,East of England,1,3925386.8,36.439
S5 1JM,Yorkshire and the Humber,1,3921955.55,22.773
NN22 7KK,East Midlands,1,3919979.76,78.944
CV80 7MH,West Midlands,1,3919251.81,54.653
TS66 4HK,North East,1,3913777.7,18.216
GU74 8NX,South East,1,3911913.99,36.431
SW48 2VE,Greater London,1,3911554.07,33.395
CV71 2BW,West Midlands,1,3911529.24,19.733
EH30 4AN,Scotland,1,3910711.24,39.466
AB56 8PW,Scotland,1,3909196.63,59.197
PL40 6UK,South West,1,3908290.17,45.536
CF71 3AP,Wales,1,3906732.02,18.214
SW12 7PV,Greater London,1,3906360.92,18.214
BS42 3XU,South West,1,3905705.47,16.696
CH85 2EN,North West,1,3905329.76,22.767
NW40 2DZ,Greater London,1,3903908.01,19.731
YO4 8FZ,Yorkshire and the Humber,1,3902894.82,54.638
RG14 2MJ,South East,1,3902616.97,39.461
DY22 5BG,West Midlands,1,3900837.57,66.777
EX93 3JZ,South West,1,3897529.26,18.211
BT39 7ZN,Northern Ireland,1,3895865.23,18.211
NN96 1EF,East Midlands,1,3895762.21,22.763
SE63 4UW,Greater London,1,3895427.84,36.421
HG95 4SB,Yorkshire and the Humber,1,3893470.88,19.727
RH50 3MT,South East,1,3890310.01,54.626
SE16 5YZ,Greater London,1,3889527.16,19.726
W73 5UC,Greater London,1,3888800.48,36.417
N96 8VD,Greater London,1,3886819.18,68.279
LE18 1DK,East Midlands,1,3885649.32,19.725
CM87 8XY,East of England,1,3879773.9,19.723
SO97 1PZ,South East,1,3878401.58,45.513
N1 3BK,Greater London,1,3873392.57,22.754
EC29 6PF,Greater London,1,3873220.32,68.263
CM40 2ZF,East of England,1,3872911.3,68.263
BT75 5CM,Northern Ireland,1,3872876.56,68.263
NE78 6HT,North East,1,3872286.33,68.262
M35 4AR,North West,1,3869393.62,18.202
PO51 8PE,South East,1,3868794.51,36.404
NG85 8RU,East Midlands,1,3864846.9,39.435
GU77 7XG,South East,1,3863840.16,36.401
DE26 2EY,East Midlands,1,3863657.51,36.401
NR51 2UV,East of England,1,3861983.98,33.367
CO40 5GN,East of England,1,3861346.45,18.2
NW38 8HA,Greater London,1,3861035.75,18.2
BN58 4UZ,South East,1,3858225.5,33.365
DE47 6BK,East Midlands,1,3852868.63,18.197
BB23 8BF,North West,1,3847017.57,22.744
SE51 2SG,Greater London,1,3844139.05,72.778
NN42 8KX,East Midlands,1,3843721.77,18.194
S26 4RM,Yorkshire and the Humber,1,3837745.34,36.385
BT83 7TF,Northern Ireland,1,3837340.03,33.353
SA10 6TS,Wales,1,3836656.48,22.74
BN79 7FV,South East,1,3836255.62,36.384
W92 4AW,Greater London,1,3835227.69,18.192
AB96 6AG,Scotland,1,3834691.88,72.766
E40 1DC,Greater London,1,3834363.05,33.351
GU18 8RU,South East,1,3833369.71,33.35
BA33 8HM,South West,1,3827713.06,36.379
PL84 8SB,South West,1,3827506.56,36.379
NP60 8HR,Wales,1,3825698.7,36.377
CH86 6EH,North West,1,3822590.01,18.188
SO66 1FN,South East,1,3820147.4,45.467
BL43 2FH,North West,1,3819864.85,18.187
GU79 6YY,South East,1,3819733.31,19.702
BL35 2HT,North West,1,3819162.6,18.187
G45 1ND,Scotland,1,3817276.15,18.186
SW23 3KT,Greater London,1,3816480.07,18.186
L52 6KD,North West,1,3814046.52,68.194
E60 4SK,Greater London,1,3811529.07,22.73
CO42 3SV,East of England,1,3809614.85,68.189
BL35 1PC,North West,1,3805990.87,18.183
IP40 7NK,East of England,1,3800300.9,54.542
SA9 8RG,Wales,1,3799124.94,18.18
RH88 3GV,South East,1,3798224.25,68.175
CB28 7BU,East of England,1,3793633.0,18.179
RH31 3ZG,South East,1,3793627.35,45.447
BT23 4NY,Northern Ireland,1,3792273.8,16.663
M45 4ST,North West,1,3789636.27,54.532
HU88 3RN,Yorkshire and the Humber,1,3788720.14,19.692
B98 8SB,West Midlands,1,3785965.99,45.44
WN87 1MR,North West,1,3785764.94,49.984
RG42 4MH,South East,1,3785704.26,18.176
EH93 5TW,Scotland,1,3783608.55,54.526
LU50 4XH,East of England,1,3782454.23,68.156
L31 2DW,North West,1,3780224.52,36.349
EC14 2YN,Greater London,1,3779539.9,68.153
IP10 4JJ,East of England,1,3779170.83,33.319
N49 8DA,Greater London,1,3779083.33,49.978
W29 7UG,Greater London,1,3779055.69,18.174
SO37 6RM,South East,1,3778984.74,39.377
BT12 5GP,Northern Ireland,1,3775456.36,22.716
RG24 8BP,South East,1,3775156.36,36.345
SO40 1HU,South East,1,3774811.21,78.748
ST54 4JY,West Midlands,1,3773428.35,18.172
SO54 7HT,South East,1,3773281.27,18.172
BH93 5RZ,South West,1,3772559.93,59.059
TR97 3WY,South West,1,3772245.81,33.315
OX67 3BY,South East,1,3767329.85,54.511
SE19 2MG,Greater London,1,3767117.68,18.17
PA60 6XA,Scotland,1,3766720.55,54.51
SO80 7TA,South East,1,3765103.71,36.339
PL79 5ZZ,South West,1,3764348.42,36.339
M91 5ZY,North West,1,3764198.88,72.677
WN52 6FC,North West,1,3762301.77,19.683
BT68 8ZG,Northern Ireland,1,3759651.13,16.654
BN32 4UR,South East,1,3757665.72,39.362
CV93 5UX,West Midlands,1,3757437.88,18.167
EH42 3FB,Scotland,1,3756344.06,54.5
NN2 7RM,East Midlands,1,3748209.93,22.705
SE28 3EM,Greater London,1,3747305.48,22.705
BT9 7PH,Northern Ireland,1,3746087.4,78.708
PA4 7SZ,Scotland,1,3745838.38,54.49
BS4 3VV,South West,1,3744714.14,36.326
L1 2TZ,North West,1,3739243.57,16.648
BS84 5RZ,South West,1,3738429.53,18.161
NW7 8ZV,Greater London,1,3736117.71,36.321
DL31 4JS,North East,1,3735108.16,18.16
BN19 1PU,South East,1,3732567.79,18.159
PL90 5WE,South West,1,3730607.12,36.317
B77 5XK,West Midlands,1,3729804.43,39.343
IV64 7PM,Scotland,1,3728907.81,19.671
L94 2FP,North West,1,3728702.95,68.092
NE32 4WW,North East,1,3728157.24,16.645
W32 2HW,Greater London,1,3727029.16,54.472
OX89 2TS,South East,1,3724891.37,22.696
RH85 5DW,South East,1,3723128.67,36.312
PO48 8FC,South East,1,3722498.23,54.468
HU93 3YT,Yorkshire and the Humber,1,3720978.86,36.311
HD37 1EA,Yorkshire and the Humber,1,3718536.56,36.309
ST53 2UX,West Midlands,1,3714589.08,45.383
BA19 2JY,South West,1,3712746.72,54.458
W83 3EU,Greater London,1,3712618.98,19.665
N53 4MC,Greater London,1,3711346.58,36.305
EC92 5TD,Greater London,1,3711141.76,36.304
GU68 6MK,South East,1,3709147.29,22.689
GU83 7BW,South East,1,3708680.24,18.151
WV29 4DJ,West Midlands,1,3708025.83,54.454
NP47 4UW,Wales,1,3706822.37,36.302
BA64 5MM,South West,1,3705816.01,36.301
DN3 8MR,Yorkshire and the Humber,1,3704550.03,39.325
L11 6XP,North West,1,3703779.91,54.45
N61 4ZR,Greater London,1,3703308.74,68.061
SA73 6CT,Wales,1,3700614.3,54.446
BN42 3TS,South East,1,3696333.5,54.442
B63 5YH,West Midlands,1,3695897.04,45.368
HU3 6TS,Yorkshire and the Humber,1,3695182.84,22.684
NG71 6VV,East Midlands,1,3686469.37,36.288
GL86 7MX,South West,1,3686217.2,36.288
DL90 5XW,North East,1,3684806.92,18.144
BD86 8PB,Yorkshire and the Humber,1,3682743.34,36.286
DY77 7UH,West Midlands,1,3680089.58,22.678
DE85 8TT,East Midlands,1,3676365.12,18.141
B27 3RD,West Midlands,1,3676354.64,33.258
HU81 5FV,Yorkshire and the Humber,1,3675639.1,22.676
NR86 4RY,East of England,1,3672109.07,18.14
WC30 6RP,Greater London,1,3670819.42,66.51
CH40 7AF,North West,1,3670306.87,16.627
BB38 2EG,North West,1,3670115.49,45.347
BA31 8AK,South West,1,3666751.32,36.276
SA75 7AF,Wales,1,3665084.11,18.137
BN45 7MT,South East,1,3663094.35,18.137
L33 8EU,North West,1,3663035.82,22.671
CH97 5JG,North West,1,3663030.39,54.41
N18 2KF,Greater London,1,3660783.93,18.136
RH33 3BP,South East,1,3659809.65,18.136
BT5 8JE,Northern Ireland,1,3659670.33,36.271
SE93 4CC,Greater London,1,3658506.97,18.135
EX24 8BU,South West,1,3658478.55,22.669
CF3 3SG,Wales,1,3658245.22,39.292
WV31 6WB,West Midlands,1,3658176.44,36.27
N9 7XP,Greater London,1,3656893.82,18.135
NN53 6VA,East Midlands,1,3655814.74,45.335
BN3 2VF,South East,1,3653887.0,68.001
NN36 4GE,East Midlands,1,3653711.25,45.334
SW55 2KF,Greater London,1,3653466.45,18.133
SR77 3AM,North East,1,3652275.23,18.133
IP34 6ME,East of England,1,3651670.32,36.266
HD3 8PY,Yorkshire and the Humber,1,3651203.34,18.133
CO92 7XZ,East of England,1,3649968.47,54.397
PA83 5FC,Scotland,1,3646583.94,54.393
DD22 5AW,Scotland,1,3645892.89,39.284
GL36 4SN,South West,1,3644866.24,67.99
NW25 1UG,Greater London,1,3643936.22,67.989
YO73 6YH,Yorkshire and the Humber,1,3640201.74,16.618
RH11 6DZ,South East,1,3640136.97,22.661
SR44 7MH,North East,1,3638593.82,18.129
E58 2WA,Greater London,1,3636227.85,22.66
BN29 6HX,South East,1,3634678.2,18.127
BA4 7XE,South West,1,3634248.91,45.318
OX57 1XF,South East,1,3632848.91,54.38
LS23 1DV,Yorkshire and the Humber,1,3632700.59,19.637
BS68 2YT,South West,1,3631866.65,66.463
WC55 7WY,Greater London,1,3631615.17,54.379
W85 1PE,Greater London,1,3630503.46,16.615
YO47 1NC,Yorkshire and the Humber,1,3629000.1,36.251
WC76 3DJ,Greater London,1,3628153.1,18.125
GU32 7DY,South East,1,3627177.99,90.624
DY81 5RW,West Midlands,1,3624412.3,18.124
LD55 4FF,Wales,1,3623855.97,22.655
LN70 7NH,East Midlands,1,3622022.56,36.246
SA68 2DY,Wales,1,3618155.29,54.365
BN62 1AV,South East,1,3615505.49,54.363
DE54 3JS,East Midlands,1,3615078.49,22.651
SR6 7SX,North East,1,3613091.86,18.12
TR56 6HB,South West,1,3612692.56,54.36
EC25 7RY,Greater London,1,3611496.2,45.299
BT41 8TG,Northern Ireland,1,3611420.14,18.12
WC64 4KC,Greater London,1,3611394.59,22.649
CV84 3EF,West Midlands,1,3610075.31,16.609
SR58 4RJ,North East,1,3608647.23,18.119
OX72 2ZT,South East,1,3607578.91,54.355
PR34 7BV,North West,1,3606931.76,18.118
SO90 3VW,South East,1,3605851.77,66.432
RG88 5WZ,South East,1,3603838.5,22.646
NP85 4FA,Wales,1,3603023.72,36.233
CO64 6GE,East of England,1,3602482.84,54.35
RH85 4RX,South East,1,3597290.57,22.644
EC1 3YV,Greater London,1,3596401.97,67.93
WV65 1TG,West Midlands,1,3595695.23,36.229
DL89 4TH,North East,1,3594104.86,18.114
BN12 4GD,South East,1,3593537.27,39.246
E36 8XF,Greater London,1,3593033.57,54.34
PR55 3YT,North West,1,3592423.77,18.113
BT83 7TR,Northern Ireland,1,3591809.18,58.867
W1 2YC,Greater London,1,3591362.49,54.339
BN47 5FM,South East,1,3591103.17,22.641
RH92 1JS,South East,1,3587926.62,18.112
G33 8KV,Scotland,1,3587433.78,19.621
N30 4TV,Greater London,1,3585440.29,36.222
N32 7TN,Greater London,1,3584751.58,18.111
NG83 8SJ,East Midlands,1,3584459.42,45.276
BT26 7CB,Northern Ireland,1,3582078.35,18.11
NR28 7XH,East of England,1,3580931.49,18.109
PA72 2MV,Scotland,1,3580539.23,39.237
BA9 2NG,South West,1,3579892.54,72.436
G42 3YU,Scotland,1,3579215.77,54.326
LD22 3BR,Wales,1,3578883.3,33.199
M47 4DT,North West,1,3578388.7,36.217
N18 2NM,Greater London,1,3578101.85,36.217
EC53 2AY,Greater London,1,3578053.42,45.271
NE45 1NK,North East,1,3576384.29,72.431
IP46 3EH,East of England,1,3570550.79,54.318
GL67 5UP,South West,1,3570135.48,45.264
BT97 5WP,Northern Ireland,1,3563360.53,18.103
EC96 2AM,Greater London,1,3563039.04,36.207
L39 4DW,North West,1,3560566.91,16.594
PO2 1TZ,South East,1,3559799.77,39.222
NP70 5HD,Wales,1,3558753.27,58.831
AB72 4PK,Scotland,1,3556932.11,18.101
DY15 3EA,West Midlands,1,3556723.16,36.202
CV83 3XW,West Midlands,1,3555984.75,18.101
NW23 1ZH,Greater London,1,3555207.22,22.626
PA6 3WS,Scotland,1,3553510.25,54.3
S57 8JT,Yorkshire and the Humber,1,3552454.78,36.2
LN89 3UF,East Midlands,1,3550972.96,36.199
GL57 4RM,South West,1,3549369.88,19.607
ST11 5XT,West Midlands,1,3547808.91,18.098
SE58 1AY,Greater London,1,3546971.61,18.098
PO19 1MF,South East,1,3543667.84,54.29
SO97 4DB,South East,1,3540078.34,18.096
CH96 8KS,North West,1,3539004.32,54.286
SW46 5NG,Greater London,1,3537810.88,36.19
SY35 8BJ,Wales,1,3537205.15,19.603
E67 6CK,Greater London,1,3535005.23,18.094
LN2 1PV,East Midlands,1,3532624.25,18.093
LN59 1FN,East Midlands,1,3531187.23,16.585
L15 6JU,North West,1,3528451.87,33.168
BS40 1PF,South West,1,3527771.28,49.751
EC68 2YP,Greater London,1,3525611.04,36.181
WC11 7WZ,Greater London,1,3525209.33,22.613
G12 4AV,Scotland,1,3525063.38,18.09
BH47 4NY,South West,1,3522135.58,18.089
HG58 6RX,Yorkshire and the Humber,1,3515986.41,54.262
NP13 4XF,Wales,1,3515041.66,39.189
DY1 7TW,West Midlands,1,3514003.13,18.087
LU61 1TW,East of England,1,3512397.96,18.086
HG20 1KT,Yorkshire and the Humber,1,3510661.14,39.185
E34 8ZJ,Greater London,1,3507769.39,45.211
N15 5TN,Greater London,1,3505336.08,72.335
NW1 1AT,Greater London,1,3505056.65,54.251
WV18 1YU,West Midlands,1,3503192.97,18.083
SO14 1GK,South East,1,3502827.31,33.152
IP65 5FT,East of England,1,3501189.8,19.589
YO72 6NS,Yorkshire and the Humber,1,3500236.61,22.603
DN70 8AA,Yorkshire and the Humber,1,3499375.97,18.082
EH85 5AT,Scotland,1,3499123.11,45.204
W97 6YP,Greater London,1,3498907.43,18.082
PO31 7NM,South East,1,3498026.66,58.764
IP37 3TF,East of England,1,3497243.19,54.243
W42 7VK,Greater London,1,3496625.14,54.242
GU30 4AN,South East,1,3496170.57,18.081
WV32 7CS,West Midlands,1,3496032.99,18.081
CO28 7DZ,East of England,1,3495718.42,36.161
DH54 8BE,North East,1,3495145.04,36.161
TR8 8AB,South West,1,3494710.71,33.147
AB10 1EN,Scotland,1,3493525.73,36.159
CB37 1MH,East of England,1,3491720.84,33.145
PA86 7CS,Scotland,1,3490410.9,18.079
G75 2WV,Scotland,1,3489532.85,54.235
DY90 7MP,West Midlands,1,3481469.28,19.582
SW48 5CF,Greater London,1,3479036.75,36.149
SW40 4HF,Greater London,1,3478855.27,18.075
E88 7VT,Greater London,1,3478187.23,36.149
SE59 2YP,Greater London,1,3476204.17,36.147
LS82 3VR,Yorkshire and the Humber,1,3475927.26,58.739
PA9 7UH,Scotland,1,3474660.72,45.183
OX48 4HA,South East,1,3469111.79,54.214
BB11 1EY,North West,1,3466855.83,54.212
NW85 7VD,Greater London,1,3464045.6,36.139
SA44 3ZY,Wales,1,3463854.53,18.069
IP17 7WA,East of England,1,3461554.36,18.069
YO50 8RC,Yorkshire and the Humber,1,3459530.2,45.17
SW53 6FS,Greater London,1,3459427.01,54.204
NW34 1UZ,Greater London,1,3459139.09,36.136
B10 5RK,West Midlands,1,3455675.85,18.067
RG86 3PZ,South East,1,3452896.61,18.066
SW81 7HE,Greater London,1,3446515.77,45.159
N66 6ZS,Greater London,1,3446354.0,78.275
EC66 5KP,Greater London,1,3446190.48,72.253
L37 4KN,North West,1,3446153.17,49.674
BN24 4KC,South East,1,3445921.66,22.579
E1 6FK,Greater London,1,3444817.46,36.126
WC44 7AH,Greater London,1,3444423.12,18.063
W3 4JD,Greater London,1,3441254.79,33.113
HU13 2RS,Yorkshire and the Humber,1,3440406.72,18.061
BN28 2UB,South East,1,3438328.29,54.182
PO79 5WD,South East,1,3438118.76,90.303
BH81 6PN,South West,1,3437090.75,18.06
LL56 1WD,Wales,1,3436417.44,39.13
HG8 4TY,Yorkshire and the Humber,1,3435879.61,54.179
DN40 5BM,Yorkshire and the Humber,1,3434551.98,18.059
WS95 6VP,West Midlands,1,3433499.06,45.147
ST21 3UE,West Midlands,1,3426955.1,36.113
WS33 1GR,West Midlands,1,3426206.31,22.57
RH98 7BR,South East,1,3425602.16,36.112
M59 8TH,North West,1,3425349.47,54.168
AL23 2UY,East of England,1,3425229.19,36.112
EC41 4AA,Greater London,1,3423986.32,22.569
IV60 7XH,Scotland,1,3420349.31,18.054
DD7 1MT,Scotland,1,3420162.47,18.054
CM37 6VH,East of England,1,3418622.45,22.567
NR10 8JW,East of England,1,3418093.42,22.567
BD14 6ZR,Yorkshire and the Humber,1,3415881.11,39.114
CV5 8VT,West Midlands,1,3415260.3,18.053
GU14 6SV,South East,1,3414788.03,18.052
PA49 5ZB,Scotland,1,3413869.53,33.095
WS5 2XS,West Midlands,1,3413843.82,36.104
GL19 1GS,South West,1,3406087.76,22.562
BT96 8ZV,Northern Ireland,1,3405729.73,19.553
NW1 5BF,Greater London,1,3405575.98,19.553
BL62 6UE,North West,1,3403883.8,22.561
PR91 7TH,North West,1,3403536.74,18.048
RH74 4CS,South East,1,3403435.79,54.145
WV41 4FX,West Midlands,1,3401911.91,22.56
BS91 3CM,South West,1,3399093.63,39.101
PO31 2PT,South East,1,3397515.7,18.046
DE31 7TB,East Midlands,1,3394537.45,18.045
WV16 5NC,West Midlands,1,3394448.78,18.045
DY58 7MX,West Midlands,1,3394079.19,18.045
WS16 7HF,West Midlands,1,3391533.69,39.096
ST80 2NJ,West Midlands,1,3390475.26,22.555
EH19 1PD,Scotland,1,3390285.65,18.044
SE28 8FA,Greater London,1,3389274.54,36.087
E17 5KR,Greater London,1,3388759.79,22.554
CM1 5XV,East of England,1,3387114.67,36.085
E26 1TJ,Greater London,1,3386816.84,36.085
IV82 2RN,Scotland,1,3385955.95,54.127
ST92 5AN,West Midlands,1,3385738.72,18.042
YO75 2DR,Yorkshire and the Humber,1,3381198.29,36.081
NR69 1DD,East of England,1,3378583.18,18.04
CV77 5ZC,West Midlands,1,3376004.9,18.039
CF80 1AD,Wales,1,3375865.23,36.077
HD54 4TV,Yorkshire and the Humber,1,3375651.98,36.077
OX74 8AV,South East,1,3373962.99,36.076
CF89 4SV,Wales,1,3372580.05,18.037
G68 4MU,Scotland,1,3372052.83,72.149
WS64 4BG,West Midlands,1,3370384.59,18.037
BS69 7DV,South West,1,3367100.08,72.142
EX64 2PP,South West,1,3366838.18,49.597
BL37 5PM,North West,1,3366799.94,18.035
LU49 6KB,East of England,1,3365961.91,49.596
EX42 6NW,South West,1,3359949.08,39.071
W19 8WS,Greater London,1,3359804.17,18.033
PA28 3GD,Scotland,1,3359629.76,18.033
AL33 6ZU,East of England,1,3357705.09,54.096
EC87 8UU,Greater London,1,3357335.12,36.064
BB14 1JB,North West,1,3357180.6,58.604
NW30 3ZV,Greater London,1,3354484.83,18.031
SO72 8ZK,South East,1,3353452.2,39.066
NP56 7JG,Wales,1,3351482.61,18.03
M82 5AN,North West,1,3351319.57,22.537
W3 5MS,Greater London,1,3350309.59,54.088
L5 8WV,North West,1,3349749.6,18.029
PA81 7FU,Scotland,1,3347238.44,36.057
CM39 4NF,East of England,1,3346484.55,18.028
PO78 7DA,South East,1,3338428.19,36.05
B29 6VJ,West Midlands,1,3338333.18,36.05
W96 8RS,Greater London,1,3334450.75,18.024
BA9 2BW,South West,1,3332289.44,18.023
NR65 5YM,East of England,1,3329885.55,19.524
LD6 4WB,Wales,1,3328574.99,18.022
NR65 8BE,East of England,1,3328353.87,39.047
EC56 6EV,Greater London,1,3328235.83,33.039
N69 2FT,Greater London,1,3325722.7,36.041
BH72 2DM,South West,1,3325276.89,18.02
BT26 8BS,Northern Ireland,1,3323048.35,58.564
LL34 5PN,Wales,1,3321251.6,18.019
WC80 1NM,Greater London,1,3320458.98,18.019
BN19 2YM,South East,1,3320190.3,36.037
BB32 7MX,North West,1,3319950.18,16.517
WC89 7HY,Greater London,1,3318454.91,39.039
IP89 2EG,East of England,1,3317821.04,18.018
CB21 1YC,East of England,1,3317603.13,22.522
BN86 5AT,South East,1,3315398.64,54.051
RG17 1UJ,South East,1,3315315.72,18.017
CV28 1CM,West Midlands,1,3314343.13,36.033
BS34 2PX,South West,1,3313317.3,18.016
IV72 8YW,Scotland,1,3310464.2,36.03
NP34 2FU,Wales,1,3310109.59,54.045
BT50 3SK,Northern Ireland,1,3309795.5,36.03
BN9 4WT,South East,1,3307892.86,39.031
IP40 3NJ,East of England,1,3305423.87,18.013
AB79 6GW,Scotland,1,3305307.08,54.04
W88 2AG,Greater London,1,3305151.74,18.013
BS64 8AT,South West,1,3302425.73,22.515
PR78 1PX,North West,1,3300903.26,18.012
NW39 6HZ,Greater London,1,3300605.61,18.012
EC26 6ER,Greater London,1,3298390.27,19.512
RH21 2KE,South East,1,3297405.01,18.01
DE64 3TZ,East Midlands,1,3296023.31,22.512
GL80 7TY,South West,1,3295948.77,45.025
NN16 8KG,East Midlands,1,3295827.97,19.511
EC47 8BE,Greater London,1,3294845.14,16.509
DN52 6FH,Yorkshire and the Humber,1,3294070.12,16.508
CF61 5KE,Wales,1,3292779.88,18.009
SE73 3GK,Greater London,1,3292115.44,58.527
WC70 6WJ,Greater London,1,3290749.95,36.016
LU7 7MD,East of England,1,3290023.68,16.507
EC53 3YW,Greater London,1,3288476.46,54.021
RH16 2XD,South East,1,3278847.77,18.004
WC38 6XN,Greater London,1,3274225.22,58.506
BB77 4FM,North West,1,3273120.42,36.003
NW66 1KT,Greater London,1,3267430.51,35.999
LE21 5JN,East Midlands,1,3266584.62,44.998
ST77 1VW,West Midlands,1,3264393.48,17.998
HG13 8JJ,Yorkshire and the Humber,1,3258132.27,35.992
N53 2ZN,Greater London,1,3256809.86,16.496
NR60 7UA,East of England,1,3255421.73,17.995
SE11 6HE,Greater London,1,3254514.34,35.989
PO42 8FB,South East,1,3254165.57,53.984
CH36 1ZE,North West,1,3254015.1,49.485
NW92 6UB,Greater London,1,3253446.12,17.994
BS1 7GF,South West,1,3250458.61,44.983
HG46 6XW,Yorkshire and the Humber,1,3249458.39,17.993
NN91 2UY,East Midlands,1,3249041.64,38.984
E5 2XX,Greater London,1,3248982.91,67.472
WV32 4MS,West Midlands,1,3248410.48,53.977
W16 6UX,Greater London,1,3248396.37,53.977
DN92 2DX,Yorkshire and the Humber,1,3245244.98,17.991
E32 4YE,Greater London,1,3241099.65,44.974
OX25 7ST,South East,1,3240909.67,53.969
RH34 7NR,South East,1,3238505.5,19.488
SW4 4TJ,Greater London,1,3236445.87,35.976
RH93 5VJ,South East,1,3233761.5,17.987
WN19 2CU,North West,1,3233503.18,22.484
NG63 6WD,East Midlands,1,3233130.34,53.96
DL59 8ZV,North East,1,3227840.14,38.967
EX29 4DA,South West,1,3225688.03,17.984
LD69 5MX,Wales,1,3224138.52,19.482
PO70 6JH,South East,1,3223501.22,22.479
E62 8CD,Greater London,1,3220361.44,16.484
ST73 1BZ,West Midlands,1,3219342.41,67.431
LL14 5HY,Wales,1,3215732.12,19.479
B46 3FZ,West Midlands,1,3214401.32,53.939
EX10 4TT,South West,1,3212581.4,53.937
SO34 4ET,South East,1,3212445.95,35.958
AL7 3RC,East of England,1,3210856.12,16.48
EH13 2DF,Scotland,1,3210195.66,71.913
W74 6HB,Greater London,1,3210163.35,35.956
WN48 7YP,North West,1,3208280.11,17.977
OX95 1CN,South East,1,3204572.7,16.478
PA86 3EN,Scotland,1,3203752.11,35.952
SW92 8HN,Greater London,1,3200644.55,35.949
BT19 4WX,Northern Ireland,1,3199627.84,35.949
CV25 2DN,West Midlands,1,3199261.13,32.953
BL14 6EA,North West,1,3198486.05,17.974
SW34 1ZY,Greater London,1,3198199.76,38.943
SW22 6JR,Greater London,1,3193777.24,32.949
LD6 2FB,Wales,1,3193688.35,22.465
WC53 7CS,Greater London,1,3192123.0,22.464
HG40 8SU,Yorkshire and the Humber,1,3190070.0,38.936
LL16 6PB,Wales,1,3188989.12,17.97
NR73 3UD,East of England,1,3188696.8,44.925
M89 1YZ,North West,1,3188049.72,19.467
DD89 2VN,Scotland,1,3187157.94,22.462
NW33 4FG,Greater London,1,3185942.95,44.923
PA74 3EX,Scotland,1,3176023.54,35.931
W73 1PC,Greater London,1,3172824.24,35.928
W34 8BB,Greater London,1,3171878.09,17.964
WA12 2XF,North West,1,3171647.1,67.364
WS31 5BY,West Midlands,1,3170468.91,49.399
PR10 2MH,North West,1,3169725.64,35.926
SE29 1DW,Greater London,1,3169278.49,44.907
WC21 5DF,Greater London,1,3168128.4,49.397
DE53 4XT,East Midlands,1,3167520.64,35.924
LN89 1HT,East Midlands,1,3167252.62,17.962
L38 4FB,North West,1,3165188.06,17.961
PA97 2NJ,Scotland,1,3162507.1,17.96
DY59 8GC,West Midlands,1,3162363.57,32.927
RH15 3YZ,South East,1,3162208.57,17.96
IP15 7KP,East of England,1,3161157.51,17.96
SO39 8SS,South East,1,3160543.04,89.798
NG19 8GF,East Midlands,1,3157956.18,35.917
GU49 7TP,South East,1,3157898.32,22.448
NW93 1RK,Greater London,1,3155025.05,32.922
W82 2HE,Greater London,1,3153068.0,49.381
PO1 7FV,South East,1,3151637.7,16.46
BH36 1VF,South West,1,3151451.68,53.868
CM7 1JX,East of England,1,3149675.38,19.452
N26 2HJ,Greater London,1,3149260.78,58.354
WS2 1NR,West Midlands,1,3148339.89,77.804
BN35 6GT,South East,1,3148233.96,22.444
NW16 8FS,Greater London,1,3147814.9,17.955
DD98 2JV,Scotland,1,3146974.03,35.909
N9 2WR,Greater London,1,3146889.03,49.374
N90 8SK,Greater London,1,3146430.23,44.885
NG87 6MY,East Midlands,1,3143653.86,17.953
EC77 5EM,Greater London,1,3142020.37,17.952
OX38 4HX,South East,1,3139145.79,35.903
WA19 5YG,North West,1,3138975.99,35.903
IV61 8BD,Scotland,1,3138845.13,19.447
WC27 4UN,Greater London,1,3136174.95,17.95
LN52 2CC,East Midlands,1,3135142.43,35.9
WC95 6WV,Greater London,1,3134549.41,35.899
SA20 2JJ,Wales,1,3132950.58,35.898
WS67 8FB,West Midlands,1,3132227.86,19.444
EC89 4UH,Greater London,1,3130095.97,71.792
SO91 8HE,South East,1,3129870.33,19.443
RH29 7ZW,South East,1,3129431.19,38.887
SE13 7FF,Greater London,1,3129159.14,22.434
RH93 7FD,South East,1,3125384.03,17.946
WN18 5VC,North West,1,3124134.0,53.837
TR47 6MK,South West,1,3123931.83,16.45
IV26 7CP,Scotland,1,3123750.85,17.945
SY29 8KC,Wales,1,3123434.64,35.891
HD6 8JU,Yorkshire and the Humber,1,3121429.11,35.889
B60 8HB,West Midlands,1,3121240.38,17.944
SW88 4EU,Greater London,1,3120996.47,77.759
CM4 6DK,East of England,1,3120876.0,35.889
SE91 4CM,Greater London,1,3120653.08,53.833
DY54 1SU,West Midlands,1,3117220.84,17.943
BN18 5ZB,South East,1,3115372.14,17.942
CV91 3RG,West Midlands,1,3114833.82,32.894
CH80 4VN,North West,1,3114720.37,71.768
M1 4SZ,North West,1,3112703.5,19.436
BH66 8FB,South West,1,3112254.78,35.882
WC59 1YC,Greater London,1,3111153.13,19.436
CF84 4UW,Wales,1,3109635.59,17.94
RH55 3XY,South East,1,3106897.67,17.939
EC66 8MP,Greater London,1,3106489.55,67.271
EC1 7DB,Greater London,1,3105731.05,53.816
DY86 6FM,West Midlands,1,3105144.32,17.938
RH28 1RE,South East,1,3102732.94,17.937
LD9 5UN,Wales,1,3101880.01,17.937
YO11 7XJ,Yorkshire and the Humber,1,3101356.78,35.874
WA44 1PJ,North West,1,3096837.04,49.321
ST2 8HZ,West Midlands,1,3096237.93,16.44
WC69 8AJ,Greater London,1,3093131.37,35.867
BN48 6JG,South East,1,3088835.95,17.932
EH44 7CE,Scotland,1,3087096.75,32.874
NN47 6HM,East Midlands,1,3084358.51,38.849
BT39 2ZY,Northern Ireland,1,3083760.07,16.436
N76 1NY,Greater London,1,3082529.47,53.789
SE2 8FY,Greater London,1,3080542.11,53.786
B26 7ZZ,West Midlands,1,3072596.81,44.814
PO66 5AM,South East,1,3071675.74,16.432
E17 5KE,Greater London,1,3069915.62,35.849
BN17 6HP,South East,1,3069467.83,38.836
EC98 8HX,Greater London,1,3065251.79,44.807
E49 1AP,Greater London,1,3064703.53,22.403
AB41 1HK,Scotland,1,3063646.88,89.611
RG57 2ZM,South East,1,3062928.05,49.285
CM35 8YY,East of England,1,3062282.04,22.402
BN90 2FM,South East,1,3062192.08,35.843
PA82 6UM,Scotland,1,3058377.43,53.76
NW49 1WF,Greater London,1,3057473.45,35.839
WV62 7CN,West Midlands,1,3055670.87,16.426
ST76 3RV,West Midlands,1,3055135.33,19.412
W23 6NC,Greater London,1,3054530.14,89.593
N79 7TZ,Greater London,1,3053519.86,19.411
WC1 8XH,Greater London,1,3052934.33,35.836
IV94 6AB,Scotland,1,3052278.52,16.425
SY18 6GM,Wales,1,3051462.92,89.587
AL27 8HU,East of England,1,3050480.0,17.917
PO56 1YA,South East,1,3049629.84,22.396
E88 6HJ,Greater London,1,3047464.52,17.916
W36 5EF,Greater London,1,3046874.56,35.831
NR17 3WA,East of England,1,3046808.73,67.183
BN14 6NF,South East,1,3046766.24,19.408
EC8 7DY,Greater London,1,3044045.41,17.914
EX70 4RW,South West,1,3042233.48,19.407
CO23 6YY,East of England,1,3042033.81,35.827
DN53 6NN,Yorkshire and the Humber,1,3041307.61,17.913
EC98 8BG,Greater London,1,3040032.71,53.739
RG23 2DD,South East,1,3038060.87,17.912
DY27 1KZ,West Midlands,1,3034756.35,17.911
PL48 4NY,South West,1,3034277.88,35.821
CV88 6VP,West Midlands,1,3034104.08,17.911
YO24 5HP,Yorkshire and the Humber,1,3033168.5,16.418
WC88 3MB,Greater London,1,3031616.0,16.417
SE18 1AE,Greater London,1,3030458.19,17.909
N81 5CB,Greater London,1,3030385.54,19.401
LE96 6WM,East Midlands,1,3030002.72,58.204
LL29 3WT,Wales,1,3027500.31,35.816
AB98 6EZ,Scotland,1,3026308.59,35.815
IP85 6NB,East of England,1,3022457.37,19.398
BH72 4MF,South West,1,3020314.15,71.62
GU91 1PZ,South East,1,3020155.51,38.794
DN29 8HB,Yorkshire and the Humber,1,3018315.06,17.904
G30 1JJ,Scotland,1,3017227.04,49.236
SA82 3MT,Wales,1,3016436.27,17.904
E20 5CN,Greater London,1,3015138.43,58.185
BA61 1YA,South West,1,3014164.29,35.805
NE47 5GZ,North East,1,3012821.32,17.902
W81 4TK,Greater London,1,3010998.34,67.13
S45 2ZZ,Yorkshire and the Humber,1,3010316.44,22.376
BS10 3CT,South West,1,3006878.26,17.9
HG93 5GZ,Yorkshire and the Humber,1,3006422.66,35.799
DN30 2JB,Yorkshire and the Humber,1,3005731.78,35.798
EC23 8VH,Greater London,1,3004156.11,44.747
SY67 6TY,Wales,1,3002400.02,44.745
OX15 2DM,South East,1,3000663.91,19.389
TS56 3PV,North East,1,3000200.08,17.897
B11 3HP,West Midlands,1,2996792.74,32.809
BL70 2BF,North West,1,2996107.83,17.895
WC2 8BJ,Greater London,1,2995073.5,17.895
EX53 6ZA,South West,1,2994623.35,17.895
BT66 1YG,Northern Ireland,1,2994126.52,16.403
LE52 1JE,East Midlands,1,2992665.74,53.682
EH51 3NE,Scotland,1,2991228.7,44.734
LU40 5ZH,East of England,1,2990691.84,65.608
GL13 7NU,South West,1,2990633.24,53.68
YO63 3RB,Yorkshire and the Humber,1,2990486.24,19.384
SE51 5DP,Greater London,1,2988406.71,35.785
DN88 1CC,Yorkshire and the Humber,1,2987747.63,53.676
PA43 7MK,Scotland,1,2987646.58,38.766
BB88 5HA,North West,1,2984684.15,53.672
CM90 1AK,East of England,1,2984262.31,35.781
WA70 5GC,North West,1,2983436.64,17.89
TR92 1TJ,South West,1,2983135.0,53.671
DN18 6DV,Yorkshire and the Humber,1,2982192.07,17.89
CB44 7GW,East of England,1,2977901.2,17.888
LE79 4NV,East Midlands,1,2974356.98,49.188
SW29 8CT,Greater London,1,2973735.22,17.886
LN42 2YV,East Midlands,1,2972415.73,32.791
L55 8PB,North West,1,2970773.74,53.656
AB5 1KU,Scotland,1,2969567.64,17.885
CV22 6EH,West Midlands,1,2969264.35,44.711
IV6 3ZB,Scotland,1,2968176.83,44.71
SY20 6SA,Wales,1,2967312.12,16.393
EC91 5CR,Greater London,1,2959570.98,53.642
BT19 8CG,Northern Ireland,1,2959027.72,44.701
NW21 4YM,Greater London,1,2955049.51,35.758
W97 8SB,Greater London,1,2954065.96,17.878
SO38 5ST,South East,1,2952732.63,17.878
DN91 5RP,Yorkshire and the Humber,1,2951999.69,17.878
NW61 8RN,Greater London,1,2950665.18,17.877
WC11 8FB,Greater London,1,2947873.01,89.38
WS33 2RZ,West Midlands,1,2947199.71,17.876
HD54 1AK,Yorkshire and the Humber,1,2946438.01,35.751
PL44 8HA,South West,1,2946292.75,35.751
G10 1TV,Scotland,1,2944274.66,22.343
BA1 6VC,South West,1,2944022.36,17.874
NG12 5DR,East Midlands,1,2941941.09,58.089
BT2 1AW,Northern Ireland,1,2940577.01,16.384
W44 1BJ,Greater London,1,2938976.18,17.872
HG1 1AF,Yorkshire and the Humber,1,2938719.3,17.872
LE12 5GP,East Midlands,1,2937973.58,67.02
BD94 3BD,Yorkshire and the Humber,1,2936928.99,19.361
AL30 5WR,East of England,1,2935714.58,35.742
M9 2TZ,North West,1,2934998.65,17.871
WC20 8DX,Greater London,1,2933016.46,53.61
EC87 8SN,Greater London,1,2931882.3,38.717
M97 6UA,North West,1,2930444.27,53.606
GL72 7PD,South West,1,2929211.25,16.379
IP30 2KG,East of England,1,2928625.52,17.868
NW30 2YN,Greater London,1,2928381.19,71.472
WS65 5SB,West Midlands,1,2927270.84,17.867
BD47 5FP,Yorkshire and the Humber,1,2927264.26,17.867
SE20 4JH,Greater London,1,2926418.63,17.867
EX3 7HP,South West,1,2926280.8,35.734
EC56 1DT,Greater London,1,2924410.29,44.666
AB58 7GG,Scotland,1,2923663.71,35.732
DN53 1FJ,Yorkshire and the Humber,1,2923592.54,17.866
WC82 5YU,Greater London,1,2922835.63,35.731
BS75 7ZY,South West,1,2919465.25,17.864
WV96 4XS,West Midlands,1,2918800.42,38.705
WC4 8SR,Greater London,1,2917441.3,35.727
W47 2JU,Greater London,1,2917189.1,58.056
EH96 4SY,Scotland,1,2917117.04,35.727
N19 6TB,Greater London,1,2915703.01,53.588
LS92 4YB,Yorkshire and the Humber,1,2913035.47,17.862
LS69 8WT,Yorkshire and the Humber,1,2912742.61,19.35
ST31 5MK,West Midlands,1,2912139.04,17.861
HD67 5KB,Yorkshire and the Humber,1,2911147.98,77.397
S97 6CJ,Yorkshire and the Humber,1,2911078.83,17.861
OX90 4CK,South East,1,2909893.78,35.721
M30 7EU,North West,1,2909767.29,17.86
PL2 4XY,South West,1,2909282.29,17.86
OX8 1ZN,South East,1,2908505.05,17.86
LS36 4SM,Yorkshire and the Humber,1,2908072.89,17.86
AB83 1PN,Scotland,1,2906546.42,44.647
EC33 2SH,Greater London,1,2905905.56,44.647
BL16 7CC,North West,1,2905241.08,53.575
DN66 8FN,Yorkshire and the Humber,1,2903802.9,53.574
BB59 8MU,North West,1,2903761.06,53.573
HG54 3NM,Yorkshire and the Humber,1,2903701.88,22.322
CH9 5BF,North West,1,2902918.48,16.369
DD43 6WH,Scotland,1,2901386.16,17.857
AB70 7HM,Scotland,1,2900514.92,38.689
BL21 2TK,North West,1,2899227.14,17.856
LU74 1GU,East of England,1,2898287.08,65.47
EC97 2GR,Greater London,1,2898208.84,53.567
WS80 8ZK,West Midlands,1,2897600.06,17.855
OX25 6XB,South East,1,2896499.51,17.855
GU47 7MX,South East,1,2895215.32,53.563
SY49 7DX,Wales,1,2894027.28,58.025
BN12 3VG,South East,1,2892954.73,17.853
BL31 3ET,North West,1,2892163.38,53.559
L38 3VX,North West,1,2891465.6,35.705
M96 4BN,North West,1,2889869.83,17.852
NP56 3GZ,Wales,1,2888807.65,32.728
SW84 4DS,Greater London,1,2888303.93,17.851
WS79 3DA,West Midlands,1,2883622.03,53.548
E58 3BU,Greater London,1,2880798.01,38.671
E29 6UB,Greater London,1,2879227.87,44.619
HU49 3TA,Yorkshire and the Humber,1,2878308.89,35.695
BL52 7SB,North West,1,2878121.71,35.694
M93 4SW,North West,1,2877309.74,35.694
BS49 8UM,South West,1,2876079.46,71.385
WA77 1SR,North West,1,2875240.77,35.692
CV1 7TC,West Midlands,1,2875086.11,35.692
HU75 3PB,Yorkshire and the Humber,1,2874558.78,38.666
BT64 5ZT,Northern Ireland,1,2872293.51,35.689
BA23 8JG,South West,1,2868831.64,19.33
SE79 7ZU,Greater London,1,2868220.22,53.529
PL53 5JK,South West,1,2867543.92,71.371
HG58 6HP,Yorkshire and the Humber,1,2867301.79,77.318
BS51 3CR,South West,1,2867029.8,53.528
DL35 2RN,North East,1,2865438.66,65.42
WC93 3JZ,Greater London,1,2865338.1,17.842
WV6 6MK,West Midlands,1,2864120.36,17.841
B14 2KB,West Midlands,1,2863017.46,22.301
SA46 2NS,Wales,1,2861645.89,16.354
EC18 6TF,Greater London,1,2860957.43,35.68
AL65 3KH,East of England,1,2860614.59,22.3
AB69 5EG,Scotland,1,2860209.58,35.679
DY58 7WD,West Midlands,1,2859291.69,17.839
BS20 6ZX,South West,1,2859082.83,66.897
CV51 6WN,West Midlands,1,2857643.67,19.325
NR24 1ZY,East of England,1,2857256.76,17.838
WS24 2GZ,West Midlands,1,2856590.3,57.974
SR18 6UR,North East,1,2856292.13,17.838
WS49 2FM,West Midlands,1,2856116.85,17.838
E64 1BC,Greater London,1,2853356.63,44.592
E84 3PZ,Greater London,1,2853349.09,17.837
WA82 5JE,North West,1,2853253.37,35.674
BT40 2SJ,Northern Ireland,1,2851220.81,17.836
LL7 7FD,Wales,1,2850742.52,38.644
CO48 6EM,East of England,1,2850260.59,17.836
PO5 3FA,South East,1,2849914.83,66.883
LU10 4ZY,East of England,1,2848922.25,17.835
BB95 4MJ,North West,1,2848197.57,38.642
RG44 4NT,South East,1,2848121.25,35.669
BS43 6CF,South West,1,2846969.53,17.834
GU38 3CC,South East,1,2846629.16,17.834
SE92 4CM,Greater London,1,2845789.59,35.667
NR28 2JV,East of England,1,2844145.41,44.582
RG42 4DZ,South East,1,2841546.68,77.271
NN86 7JM,East Midlands,1,2839865.07,17.831
RH46 8XJ,South East,1,2839555.53,32.69
BN30 8XB,South East,1,2838655.35,22.288
CO54 4HN,East of England,1,2836300.85,19.315
BN12 1NR,South East,1,2836090.63,17.83
CH38 2SJ,North West,1,2836015.66,66.861
BN37 4JT,South East,1,2835880.18,53.488
HD92 1BF,Yorkshire and the Humber,1,2834178.73,17.829
DD83 2JW,Scotland,1,2833244.04,17.828
BD25 8BX,Yorkshire and the Humber,1,2832814.92,35.656
NP18 3NE,Wales,1,2832137.99,44.57
EC19 1UN,Greater London,1,2831971.99,38.627
WS44 2SG,West Midlands,1,2831272.77,17.827
NR37 3MT,East of England,1,2830462.36,53.481
NR1 2XZ,East of England,1,2830166.96,16.341
W84 2YD,Greater London,1,2829797.85,17.827
GL87 1WG,South West,1,2829596.91,35.654
LL44 7UK,Wales,1,2829355.74,17.827
SE12 4TW,Greater London,1,2827781.5,35.652
S89 6RA,Yorkshire and the Humber,1,2827758.15,38.623
W57 2HG,Greater London,1,2827741.86,17.826
BA25 7DA,South West,1,2826800.13,57.933
ST23 6FD,West Midlands,1,2824852.62,38.62
WN54 7SE,North West,1,2824483.14,22.281
S52 1HE,Yorkshire and the Humber,1,2823622.92,17.824
BL20 8NS,North West,1,2823127.32,19.309
CM58 3ZR,East of England,1,2821637.94,32.676
HU92 5YW,Yorkshire and the Humber,1,2817788.68,53.465
N2 1HX,Greater London,1,2817583.6,53.465
RG33 3JK,South East,1,2817364.27,38.613
S48 5XK,Yorkshire and the Humber,1,2816126.38,66.829
OX32 2MC,South East,1,2815148.73,71.283
WA32 2JH,North West,1,2810906.75,16.334
N73 2VW,Greater London,1,2807773.21,53.452
W24 2YK,Greater London,1,2807215.52,16.332
SE18 2GD,Greater London,1,2806150.52,17.817
DY17 2JH,West Midlands,1,2804888.56,19.301
CF68 6XV,Wales,1,2804474.83,71.264
W12 8XV,Greater London,1,2803743.13,17.816
AL13 1UJ,East of England,1,2802965.88,35.631
CH33 4NH,North West,1,2802004.32,44.538
PR89 8AX,North West,1,2800242.46,17.814
TS67 7GB,North East,1,2799500.79,53.442
BD82 4ZN,Yorkshire and the Humber,1,2798210.92,71.254
CF36 1YM,Wales,1,2797229.2,17.813
LL13 1GE,Wales,1,2796856.03,44.532
G12 3FX,Scotland,1,2793340.22,57.887
WN53 3GM,North West,1,2792966.01,17.811
BH85 6HR,South West,1,2791662.27,17.811
BT46 4VS,Northern Ireland,1,2790372.02,17.81
RG45 1ZM,South East,1,2789719.14,16.326
L35 5DE,North West,1,2789167.11,17.81
NW35 5AF,Greater London,1,2787612.41,53.427
PR80 8CT,North West,1,2785519.27,57.876
CO50 4KT,East of England,1,2784088.63,22.259
OX81 2ZD,South East,1,2783793.04,44.518
E46 1CT,Greater London,1,2783479.18,17.807
DL2 4KE,North East,1,2781933.2,71.226
BA31 4JN,South West,1,2780726.38,44.515
DH83 6KV,North East,1,2780501.71,17.806
NW96 3ET,Greater London,1,2780048.29,57.868
NW33 2SX,Greater London,1,2779918.39,38.579
CF84 5FK,Wales,1,2779475.77,17.805
HG52 5KY,Yorkshire and the Humber,1,2779288.48,17.805
EC62 7KF,Greater London,1,2777018.43,35.609
W95 6PF,Greater London,1,2776760.65,35.608
NN71 1ST,East Midlands,1,2776472.2,53.412
EX24 4HB,South West,1,2776106.88,17.804
SY8 2EU,Wales,1,2774041.06,17.803
N50 5HP,Greater London,1,2773061.42,17.803
BD54 7DR,Yorkshire and the Humber,1,2772507.02,17.802
PO70 7JD,South East,1,2771562.4,17.802
SW84 1FY,Greater London,1,2768791.11,17.801
SW89 3AD,Greater London,1,2768676.63,17.801
BN30 1CC,South East,1,2768335.09,17.801
DY52 6VV,West Midlands,1,2765152.15,17.799
OX90 7JR,South East,1,2763614.41,65.261
WS2 5AV,West Midlands,1,2762201.68,17.798
NW6 3EW,Greater London,1,2761852.94,53.393
SE19 5HY,Greater London,1,2759218.85,44.491
DD32 4CX,Scotland,1,2759126.04,35.593
S52 2YJ,Yorkshire and the Humber,1,2756129.63,17.795
EC18 7CN,Greater London,1,2755637.66,66.731
CV64 1GY,West Midlands,1,2754813.05,19.278
E64 8NA,Greater London,1,2754622.34,44.486
NP66 5ZU,Wales,1,2753625.36,17.794
EC74 5TT,Greater London,1,2753357.79,53.382
CV2 4CX,West Midlands,1,2752347.99,19.276
WA54 5EE,North West,1,2751469.62,17.793
DN92 2TV,Yorkshire and the Humber,1,2750489.75,17.793
IV45 4NC,Scotland,1,2745923.82,17.791
W79 3TK,Greater London,1,2744181.37,35.58
TS14 6ZK,North East,1,2743476.02,44.474
WC12 6JX,Greater London,1,2742681.64,17.789
DL72 5EJ,North East,1,2742057.89,17.789
HU64 4ZK,Yorkshire and the Humber,1,2741586.39,35.578
BD3 7FF,Yorkshire and the Humber,1,2737365.26,17.787
PA20 4JG,Scotland,1,2736926.05,17.787
EC22 5AK,Greater London,1,2736670.79,71.147
NG64 7DT,East Midlands,1,2736311.53,19.269
G89 3BG,Scotland,1,2735942.84,17.786
WC42 6ZU,Greater London,1,2735515.26,53.359
EC20 7SY,Greater London,1,2734898.87,35.572
IV16 5CG,Scotland,1,2734450.17,53.357
OX98 5UR,South East,1,2733840.66,53.356
BD10 3BD,Yorkshire and the Humber,1,2731813.92,16.303
DY48 8CS,West Midlands,1,2731422.1,53.353
SY44 8AH,Wales,1,2729444.18,38.531
BT67 5KT,Northern Ireland,1,2728116.34,53.349
BL74 2NB,North West,1,2724553.96,19.263
HD16 1CD,Yorkshire and the Humber,1,2724361.41,35.563
AL41 6FX,East of England,1,2723796.46,35.562
WS24 7ZV,West Midlands,1,2723194.49,57.788
WC75 7ME,Greater London,1,2722080.08,35.561
E64 7PP,Greater London,1,2719439.92,53.337
OX43 2FN,South East,1,2718794.96,71.115
OX30 1YK,South East,1,2718372.59,16.297
AB57 1EZ,Scotland,1,2717471.9,32.593
LL61 8ZA,Wales,1,2715941.29,48.888
AL1 5TT,East of England,1,2715529.78,38.518
RH71 6WC,South East,1,2714832.98,35.554
HG14 8MR,Yorkshire and the Humber,1,2713904.92,17.777
SE7 7FN,Greater London,1,2713556.86,35.553
CV91 8ZT,West Midlands,1,2713083.31,17.776
LN51 1CM,East Midlands,1,2711812.47,44.439
WC97 1TK,Greater London,1,2711415.73,35.551
IP48 1BP,East of England,1,2707277.53,44.434
SW62 4HK,Greater London,1,2707199.23,22.217
WC26 1YZ,Greater London,1,2706611.3,17.773
BA91 1VJ,South West,1,2705536.92,17.773
RH68 6MU,South East,1,2704558.49,53.318
CH88 1AE,North West,1,2704116.24,48.874
SW44 4DB,Greater London,1,2703855.87,66.646
OX29 6FE,South East,1,2702193.84,35.543
EC15 3RB,Greater London,1,2701727.9,44.428
SE82 4RN,Greater London,1,2700315.32,66.64
ST49 8UG,West Midlands,1,2698665.53,17.77
DD3 8AN,Scotland,1,2698399.61,53.309
CO2 3YD,East of England,1,2698366.29,35.54
RH66 8GU,South East,1,2697430.06,17.769
LS47 8JC,Yorkshire and the Humber,1,2695554.29,17.769
LU98 1ZA,East of England,1,2693140.52,17.767
DL84 4ZS,North East,1,2692736.14,71.069
AL65 1VG,East of England,1,2692494.82,44.418
WC73 8BX,Greater London,1,2691977.72,19.248
BB55 4EY,North West,1,2688303.63,35.531
B91 4JE,West Midlands,1,2685446.53,17.764
B83 1CF,West Midlands,1,2683119.17,53.289
W76 4TX,Greater London,1,2681095.38,53.286
HG42 6NS,Yorkshire and the Humber,1,2679175.48,19.241
B26 8GT,West Midlands,1,2678433.9,53.283
WA83 6CU,North West,1,2677439.23,16.28
HU91 6DG,Yorkshire and the Humber,1,2676953.28,17.76
EC46 7XD,Greater London,1,2674653.68,17.759
CO94 5GP,East of England,1,2673129.71,66.594
CF95 8GR,Wales,1,2672350.97,19.238
YO84 5BP,Yorkshire and the Humber,1,2669944.34,35.514
BS41 7MM,South West,1,2668540.48,19.236
E40 1GB,Greater London,1,2668141.72,32.553
BD89 1RX,Yorkshire and the Humber,1,2667052.32,35.512
LD81 5FS,Wales,1,2666311.93,35.511
IP11 5HU,East of England,1,2666219.34,35.511
RH34 4GV,South East,1,2666200.13,53.266
S37 7GH,Yorkshire and the Humber,1,2665403.61,17.755
BD4 6XU,Yorkshire and the Humber,1,2665074.18,19.234
IP9 6UH,East of England,1,2664468.78,53.264
NR8 1YY,East of England,1,2664246.67,32.55
GU72 4FE,South East,1,2664223.04,35.509
NN59 1DR,East Midlands,1,2663138.6,32.549
BN5 2PB,South East,1,2662711.03,35.508
AB98 5VX,Scotland,1,2661486.53,38.465
E89 1NV,Greater London,1,2659487.08,38.463
WC60 8YB,Greater London,1,2657608.48,35.503
OX7 6SR,South East,1,2657263.15,35.503
EH97 1HF,Scotland,1,2656687.98,17.751
LE42 1GR,East Midlands,1,2653844.64,53.249
W78 8NP,Greater London,1,2648465.18,53.242
AB34 2XC,Scotland,1,2647316.61,44.367
WA90 5ZX,North West,1,2643726.84,53.236
E72 4RG,Greater London,1,2641101.92,17.744
E29 7ZV,Greater London,1,2638850.34,53.229
DY39 7FG,West Midlands,1,2638663.89,16.264
WS86 3CR,West Midlands,1,2631756.7,17.74
DH24 6VX,North East,1,2630101.46,70.956
DE69 2FN,East Midlands,1,2629655.66,38.434
TR9 6UX,South West,1,2629319.13,38.434
SW92 8CR,Greater London,1,2628979.81,53.216
W38 3XR,Greater London,1,2628837.07,53.215
NE7 5PH,North East,1,2628282.3,17.738
EC13 7MM,Greater London,1,2626867.88,53.213
W70 1AS,Greater London,1,2625857.47,35.474
DY86 5MR,West Midlands,1,2625145.67,17.737
DE68 7UA,East Midlands,1,2622713.08,35.471
N31 7RX,Greater London,1,2622570.94,38.427
SE87 1TF,Greater London,1,2622432.26,17.736
W29 3BU,Greater London,1,2622219.39,19.213
NE41 8BW,North East,1,2620883.43,17.735
W49 2DF,Greater London,1,2620128.87,35.469
WS5 2JE,West Midlands,1,2618393.26,17.734
SE54 5EJ,Greater London,1,2616932.45,17.733
HU47 8NV,Yorkshire and the Humber,1,2616688.62,53.199
SY58 1YY,Wales,1,2615948.3,22.166
YO22 3BJ,Yorkshire and the Humber,1,2613823.15,17.732
NW58 5SN,Greater London,1,2613794.47,17.732
EH36 7PM,Scotland,1,2612958.88,35.462
L91 5RF,North West,1,2612789.88,35.462
WS39 1ZA,West Midlands,1,2611283.29,17.73
LE72 8CG,East Midlands,1,2609964.72,16.252
E73 8SN,Greater London,1,2609457.36,38.414
E82 3GC,Greater London,1,2604969.33,17.728
NN35 7WM,East Midlands,1,2604784.63,17.727
SE6 7BY,Greater London,1,2604010.2,35.454
CM11 8JB,East of England,1,2603454.0,38.408
WN67 6KP,North West,1,2601065.98,19.203
CH94 4UU,North West,1,2600668.01,19.203
HG72 8TC,Yorkshire and the Humber,1,2599150.88,44.312
WS87 4FR,West Midlands,1,2598768.38,17.725
WC56 4GD,Greater London,1,2598592.16,53.174
SO59 6AA,South East,1,2598457.12,17.725
DD88 5FU,Scotland,1,2597984.25,22.155
RG49 6AR,South East,1,2597719.85,17.724
SO80 7CY,South East,1,2596080.16,32.493
LL33 6SP,Wales,1,2594727.83,17.723
PO57 3GZ,South East,1,2594109.39,17.723
BT72 7WH,Northern Ireland,1,2593731.62,17.722
WC23 7CR,Greater London,1,2593245.08,53.166
TR32 1ZZ,South West,1,2590192.95,17.721
TS24 8XW,North East,1,2590025.79,53.162
EC73 4NF,Greater London,1,2584986.51,38.39
HU57 4UC,Yorkshire and the Humber,1,2584969.65,17.718
BT4 1AY,Northern Ireland,1,2584879.82,19.195
BN29 7FD,South East,1,2583996.58,17.718
L70 8ZW,North West,1,2583080.32,17.717
BT60 7FF,Northern Ireland,1,2581802.42,35.434
SR31 4WT,North East,1,2578275.25,17.715
BT76 5EK,Northern Ireland,1,2576831.74,53.143
HG62 5ZS,Yorkshire and the Humber,1,2576694.94,22.143
M54 1AR,North West,1,2574756.52,53.141
E12 6SB,Greater London,1,2572432.5,16.236
GU9 3EZ,South East,1,2571633.2,53.136
PR68 7WA,North West,1,2570582.1,19.188
SE26 7DK,Greater London,1,2568853.86,66.415
E32 1GE,Greater London,1,2568284.08,17.71
IP42 7EK,East of England,1,2567867.37,19.186
CH1 2XK,North West,1,2567797.19,35.421
TR39 8XB,South West,1,2567577.76,19.186
S57 3ZV,Yorkshire and the Humber,1,2566899.79,70.839
CH27 6UK,North West,1,2566392.35,17.71
RH21 3ZR,South East,1,2566209.33,17.71
RG45 7MT,South East,1,2563962.11,53.125
SE96 8TV,Greater London,1,2563645.04,53.125
LS58 6FY,Yorkshire and the Humber,1,2559320.19,16.231
DD7 5EH,Scotland,1,2558504.98,70.824
OX89 8JS,South East,1,2557412.36,35.411
M4 2SP,North West,1,2557313.1,17.705
EH24 5TC,Scotland,1,2556992.27,35.41
NG90 1SX,East Midlands,1,2556021.97,19.18
E10 4KK,Greater London,1,2555941.93,35.409
BT68 8RV,Northern Ireland,1,2553007.7,17.703
GL30 7CW,South West,1,2552852.02,35.407
TR64 1FX,South West,1,2549944.11,70.808
NW59 6BW,Greater London,1,2549077.82,19.177
SR17 3JK,North East,1,2548736.91,17.701
GL35 5PR,South West,1,2547877.6,17.701
NN40 6XB,East Midlands,1,2547578.96,17.701
DN15 3TH,Yorkshire and the Humber,1,2547142.46,53.102
CM22 3DY,East of England,1,2545766.72,35.4
L8 8HN,North West,1,2545610.73,16.225
BN51 8DK,South East,1,2545310.92,35.399
NP89 7GH,Wales,1,2545227.93,17.7
B91 6FA,West Midlands,1,2544854.7,35.399
DY69 5YF,West Midlands,1,2542912.61,32.447
LL4 1UH,Wales,1,2541103.35,17.698
NR11 4YU,East of England,1,2538660.35,19.171
GU30 8ET,South East,1,2538193.6,53.089
SW90 4AK,Greater London,1,2537584.73,53.088
WA44 1PH,North West,1,2536424.39,70.782
HD55 7NU,Yorkshire and the Humber,1,2532988.42,19.168
WA25 3FV,North West,1,2532346.54,66.351
G65 5XB,Scotland,1,2531692.91,53.08
NR59 2FS,East of England,1,2530958.29,35.386
DY26 4UX,West Midlands,1,2530169.83,88.463
WN42 8UB,North West,1,2528767.69,17.692
PA44 7RB,Scotland,1,2528578.07,53.075
SY16 3KE,Wales,1,2527421.93,19.166
B67 3XU,West Midlands,1,2526501.17,16.217
BH78 4NK,South West,1,2524998.31,17.69
ST66 2RR,West Midlands,1,2524660.24,17.69
TR78 3PR,South West,1,2524316.06,35.38
SE30 5JP,Greater London,1,2522720.94,32.43
BD10 6DP,Yorkshire and the Humber,1,2519573.37,17.688
BS10 8SR,South West,1,2518938.5,88.436
N11 3RR,Greater London,1,2518901.14,35.374
BL9 7WJ,North West,1,2518743.95,35.374
EC29 6MJ,Greater London,1,2518293.7,35.374
ST20 2XM,West Midlands,1,2518282.15,53.061
M21 2MX,North West,1,2517610.68,17.687
CV66 8UV,West Midlands,1,2517017.92,64.85
DD90 2PT,Scotland,1,2516323.05,22.107
L12 2WY,North West,1,2510533.73,19.157
LN33 4XB,East Midlands,1,2510268.42,70.732
HD33 3BG,Yorkshire and the Humber,1,2509341.34,38.312
W97 4TW,Greater London,1,2508928.06,35.365
DL96 5ZM,North East,1,2508766.37,17.682
EC63 2RD,Greater London,1,2506917.92,17.681
CO29 7ZX,East of England,1,2505784.06,70.724
IV66 6JW,Scotland,1,2505426.76,44.202
G54 5NM,Scotland,1,2503767.76,17.68
CV58 1HH,West Midlands,1,2502981.79,19.153
PL89 6MA,South West,1,2502072.75,53.037
RH75 2BX,South East,1,2502020.21,57.457
EC56 3EM,Greater London,1,2501451.97,32.411
WV36 8RM,West Midlands,1,2501069.21,16.205
NN62 8PP,East Midlands,1,2500828.36,17.679
SE39 6RT,Greater London,1,2500628.59,70.714
SY52 7PV,Wales,1,2499448.61,48.614
BS70 3BM,South West,1,2497142.25,70.707
PA42 4EB,Scotland,1,2496350.31,35.353
PA66 6ME,Scotland,1,2496340.61,17.676
BL59 2ZH,North West,1,2495145.09,44.19
GL17 8MY,South West,1,2495058.65,17.676
CF65 6VF,Wales,1,2493587.76,53.025
DL26 8EX,North East,1,2492126.23,17.674
AL40 6RT,East of England,1,2491999.12,17.674
ST49 7CH,West Midlands,1,2487363.43,16.199
N78 8FY,Greater London,1,2486277.39,70.686
E19 1FS,Greater London,1,2485356.7,35.342
LS26 1CP,Yorkshire and the Humber,1,2485298.14,35.342
SW72 4RS,Greater London,1,2484016.5,53.011
CB47 3WG,East of England,1,2483768.75,88.352
RH34 1CG,South East,1,2483703.56,35.341
EC82 1JN,Greater London,1,2482370.05,17.67
NW35 3BJ,Greater London,1,2480963.87,35.338
G3 3ZP,Scotland,1,2480604.02,57.424
BT37 2NW,Northern Ireland,1,2479953.42,53.006
N59 3AH,Greater London,1,2479748.16,17.668
DE58 1DK,East Midlands,1,2478082.77,17.668
HU95 4DE,Yorkshire and the Humber,1,2477542.98,17.667
LN38 8JV,East Midlands,1,2476805.75,17.667
LE49 2DS,East Midlands,1,2476714.84,17.667
DY28 5SH,West Midlands,1,2475927.4,17.667
BB85 6ND,North West,1,2475590.32,35.333
RH89 5HK,South East,1,2474646.91,35.332
W95 3ES,Greater London,1,2474618.97,57.414
CV40 2YN,West Midlands,1,2474582.65,17.666
M48 5AF,North West,1,2472310.91,35.33
PL6 4YD,South West,1,2470781.09,35.328
GU43 3ZU,South East,1,2469703.5,17.664
DY38 3TV,West Midlands,1,2468552.45,35.326
ST96 7XM,West Midlands,1,2468543.35,32.382
BA15 2PV,South West,1,2466781.95,17.662
WV14 8CB,West Midlands,1,2466080.7,19.134
CB57 1WH,East of England,1,2464474.62,52.983
W87 5MF,Greater London,1,2463312.16,35.321
HG25 4DE,Yorkshire and the Humber,1,2463190.7,17.66
S44 5SW,Yorkshire and the Humber,1,2463125.67,57.396
LS63 2UP,Yorkshire and the Humber,1,2461643.53,17.66
BN73 2NW,South East,1,2461279.57,52.978
LN88 4XM,East Midlands,1,2460957.66,22.074
RG85 8FW,South East,1,2456239.11,16.186
W68 2JW,Greater London,1,2455548.18,52.97
NW75 7JG,Greater London,1,2455360.51,70.626
NW14 6SV,Greater London,1,2454593.74,19.128
SW42 8CV,Greater London,1,2452421.68,17.655
S18 6ZC,Yorkshire and the Humber,1,2451429.49,35.309
SR89 5UN,North East,1,2451232.11,35.309
CB70 3SU,East of England,1,2450584.68,19.125
PR60 6ZK,North West,1,2450058.98,44.135
WC56 3NN,Greater London,1,2448533.53,32.364
N74 3XA,Greater London,1,2447784.92,35.306
ST5 6JB,West Midlands,1,2447238.11,17.653
LL88 2EG,Wales,1,2445325.04,17.652
CH7 8TX,North West,1,2444869.43,38.245
SW38 2PH,Greater London,1,2444856.46,17.651
IP52 5AA,East of England,1,2443786.33,52.953
EC1 8VY,Greater London,1,2443060.4,44.126
NP71 3AG,Wales,1,2442433.13,17.65
SW40 2VU,Greater London,1,2440041.8,44.123
GU62 5GJ,South East,1,2439390.31,35.297
LN54 3XW,East Midlands,1,2439159.76,17.649
SW46 6ED,Greater London,1,2438554.54,35.297
WS33 5MA,West Midlands,1,2437887.73,17.648
W58 7KX,Greater London,1,2436825.18,35.295
DN9 3NB,Yorkshire and the Humber,1,2436807.41,32.354
DE46 4WD,East Midlands,1,2435344.23,19.117
WN92 8JJ,North West,1,2434938.95,19.117
AB33 5DB,Scotland,1,2431295.05,22.056
GL74 4AB,South West,1,2431244.86,70.579
BB97 4FU,North West,1,2429613.65,17.644
EC40 6ZM,Greater London,1,2428203.91,52.93
N54 5CM,Greater London,1,2427623.36,35.286
WA61 3PH,North West,1,2427526.59,38.226
LS20 7YX,Yorkshire and the Humber,1,2427258.95,35.285
BN10 6UF,South East,1,2427136.23,17.643
IP81 1FE,East of England,1,2426882.77,22.053
RG79 8RR,South East,1,2425724.29,35.284
NG57 1NV,East Midlands,1,2425386.43,19.112
N3 6TP,Greater London,1,2425093.35,52.925
NG5 7ZZ,East Midlands,1,2422122.17,17.64
HD23 5JG,Yorkshire and the Humber,1,2421286.76,52.919
BB51 6RD,North West,1,2421013.75,76.438
NN65 3KZ,East Midlands,1,2420113.52,17.639
NW37 4MT,Greater London,1,2419411.72,17.639
BL9 5UY,North West,1,2418600.31,52.915
GU75 1ZA,South East,1,2417884.69,35.276
NW87 4FE,Greater London,1,2417589.07,57.323
CM51 8GD,East of England,1,2416253.56,19.107
BD95 7KG,Yorkshire and the Humber,1,2415906.61,17.637
M54 1SZ,North West,1,2415050.62,17.637
HG67 4VB,Yorkshire and the Humber,1,2414159.99,44.091
CV60 1PH,West Midlands,1,2413101.82,38.211
NR54 6ZX,East of England,1,2412843.61,17.636
HD92 3MT,Yorkshire and the Humber,1,2411435.45,66.131
SW51 2AT,Greater London,1,2410586.98,17.634
DY45 2TE,West Midlands,1,2405333.27,35.264
BT27 5DU,Northern Ireland,1,2403389.03,17.631
YO68 3YS,Yorkshire and the Humber,1,2403174.24,35.262
BT72 2FF,Northern Ireland,1,2402902.87,35.261
NR6 6VT,East of England,1,2402721.35,32.323
SE78 4FJ,Greater London,1,2402145.11,52.891
E35 6RR,Greater London,1,2400963.49,35.259
WS63 6JW,West Midlands,1,2400426.94,17.629
ST38 1VU,West Midlands,1,2399779.75,22.036
CF60 3PC,Wales,1,2399357.01,52.887
LU73 7GY,East of England,1,2399327.21,17.629
WS85 6YB,West Midlands,1,2396111.91,17.627
LU94 2US,East of England,1,2394946.44,35.253
WV48 4WH,West Midlands,1,2394924.01,52.88
BN15 5NN,South East,1,2394612.27,17.626
SE77 6HX,Greater London,1,2393965.89,16.157
BN15 7JP,South East,1,2393750.13,17.626
OX77 2TM,South East,1,2392945.36,35.251
EC57 2JC,Greater London,1,2392757.38,52.877
EC74 6NG,Greater London,1,2392537.55,17.625
DN60 3YY,Yorkshire and the Humber,1,2389528.42,38.185
LS13 7JV,Yorkshire and the Humber,1,2389134.27,35.247
DD27 1ZF,Scotland,1,2388449.53,35.247
BA94 1SZ,South West,1,2388320.95,38.184
SW58 8ZP,Greater London,1,2388279.87,44.058
IP88 3GX,East of England,1,2386964.11,76.365
WN12 6BV,North West,1,2386174.76,14.685
CB49 8MU,East of England,1,2385953.3,17.622
AL68 8CF,East of England,1,2385093.6,17.622
SO27 4ZW,South East,1,2385026.16,52.865
OX7 2WN,South East,1,2384244.43,19.09
BB34 6EG,North West,1,2383958.56,17.621
RG60 7VW,South East,1,2382140.88,17.62
N86 2GX,Greater London,1,2382102.08,35.24
ST89 3HV,West Midlands,1,2381023.12,19.088
B36 8KC,West Midlands,1,2379407.55,19.087
SE76 3WZ,Greater London,1,2379336.91,17.619
SE5 2YD,Greater London,1,2378745.63,17.619
G74 4MF,Scotland,1,2377925.05,35.236
E66 5KM,Greater London,1,2377474.33,35.236
CB53 2SP,East of England,1,2375991.32,52.851
BN28 8MC,South East,1,2374720.07,48.445
NR15 4KX,East of England,1,2373842.78,38.168
SW98 8CS,Greater London,1,2373238.61,44.039
WV54 3WM,West Midlands,1,2371960.45,17.615
SY15 4NM,Wales,1,2371889.68,17.615
SW16 7JR,Greater London,1,2370320.13,32.293
ST54 2ZB,West Midlands,1,2369876.35,35.228
PA53 7ZY,Scotland,1,2369872.1,17.614
CO61 6XY,East of England,1,2368064.35,19.081
WV90 4TH,West Midlands,1,2367900.91,17.613
TR79 1BR,South West,1,2367263.69,22.016
DY43 1WB,West Midlands,1,2367076.14,38.161
NW38 6PR,Greater London,1,2366531.44,17.612
WN15 7BH,North West,1,2364506.4,17.611
SE6 7VB,Greater London,1,2363865.77,19.079
BB18 5GC,North West,1,2362718.87,17.61
WA37 6RA,North West,1,2362299.13,16.143
WA34 2HS,North West,1,2362018.79,17.61
NG23 7RE,East Midlands,1,2361378.22,35.219
GU28 7HD,South East,1,2361189.03,35.219
WS57 3PD,West Midlands,1,2361084.02,16.142
M96 7TP,North West,1,2360833.73,35.219
W46 4ZJ,Greater London,1,2360524.64,44.023
ST65 4DM,West Midlands,1,2359537.72,17.609
DE17 3KV,East Midlands,1,2358986.97,16.141
OX47 2AP,South East,1,2358917.69,57.227
SO87 6DP,South East,1,2357828.81,22.01
G53 4PN,Scotland,1,2357092.9,35.215
SO54 8GG,South East,1,2356599.25,17.607
NW73 2TG,Greater London,1,2355617.28,35.214
BH14 1UP,South West,1,2355391.29,16.139
S84 1RU,Yorkshire and the Humber,1,2355011.72,35.213
WN36 6MP,North West,1,2353342.27,17.606
NR71 8WZ,East of England,1,2352785.89,19.072
LE46 3WK,East Midlands,1,2351786.76,17.605
BA49 2DH,South West,1,2350861.33,16.137
WS41 8FM,West Midlands,1,2350539.64,17.604
SW9 6ZP,Greater London,1,2348469.09,38.14
EC55 1WM,Greater London,1,2347909.51,17.603
CV3 3JJ,West Midlands,1,2347659.52,19.07
CH76 1RU,North West,1,2346617.05,17.602
EC81 1NR,Greater London,1,2345327.99,57.205
HG14 4FK,Yorkshire and the Humber,1,2345291.1,52.805
TR12 8SZ,South West,1,2344684.29,38.136
WN63 1HC,North West,1,2344654.51,32.269
SR71 8YD,North East,1,2343808.16,17.601
ST51 3AD,West Midlands,1,2343535.23,17.601
IP78 4HV,East of England,1,2343529.97,70.402
E4 5WG,Greater London,1,2342854.03,17.6
G40 5DH,Scotland,1,2342690.46,35.2
SO26 8BD,South East,1,2341141.83,57.198
WA91 2EA,North West,1,2339414.94,16.132
WS89 1FS,West Midlands,1,2338399.26,16.131
EC83 1UC,Greater London,1,2335678.93,52.79
BA61 2WE,South West,1,2334978.69,38.125
IV27 1DA,Scotland,1,2332204.25,19.061
CB38 8TD,East of England,1,2330457.46,52.782
SR42 7DJ,North East,1,2330145.96,35.187
SR12 2ZX,North East,1,2329429.6,17.593
WN18 5BF,North West,1,2326863.41,17.592
OX21 8SG,South East,1,2325092.34,87.956
AB71 6AW,Scotland,1,2321500.36,19.055
NR27 3NP,East of England,1,2319965.11,19.054
GU72 7BY,South East,1,2319609.1,52.765
SW30 3MR,Greater London,1,2319316.37,70.353
W41 4YM,Greater London,1,2319304.38,17.588
SO28 5XM,South East,1,2317803.2,38.106
GL42 5ES,South West,1,2315205.51,52.758
M70 6AP,North West,1,2315175.56,35.172
EC91 2BG,Greater London,1,2313046.0,16.119
CO76 7WS,East of England,1,2311712.84,19.05
S74 5BW,Yorkshire and the Humber,1,2311393.35,65.94
WC10 1ET,Greater London,1,2310371.93,32.236
LE90 4RK,East Midlands,1,2307380.19,17.582
LU95 2KP,East of England,1,2306947.72,17.582
BN44 1YE,South East,1,2305964.91,58.604
IP94 6DC,East of England,1,2305371.94,35.162
BT84 7EF,Northern Ireland,1,2305041.32,19.046
IV13 8UV,Scotland,1,2304833.98,48.347
LE91 1ZY,East Midlands,1,2304395.06,17.58
AB73 5FK,Scotland,1,2302124.08,38.088
RG49 4DJ,South East,1,2300279.94,19.043
CB16 5HT,East of England,1,2299031.45,52.733
B58 7TM,West Midlands,1,2298992.02,38.085
IP2 8UX,East of England,1,2298951.29,35.155
OX83 3SW,South East,1,2298654.6,87.887
E23 3AS,Greater London,1,2298268.53,35.154
GL51 5XK,South West,1,2298006.87,21.971
NP64 3VM,Wales,1,2296320.54,35.152
DE44 7SE,East Midlands,1,2296252.81,38.082
DD80 7SH,Scotland,1,2295490.81,17.576
M12 8DU,North West,1,2293859.75,17.575
NE85 4XK,North East,1,2293631.84,16.11
RG3 6HT,South East,1,2293470.74,52.724
NP95 5EU,Wales,1,2291705.04,35.148
EC52 6MF,Greater London,1,2291568.33,35.147
TR20 2XW,South West,1,2289571.26,76.148
SR61 3ND,North East,1,2288600.83,38.073
SO95 1UW,South East,1,2288048.68,38.072
LD88 8YG,Wales,1,2286251.87,19.035
CV91 2MD,West Midlands,1,2285998.74,17.571
WC39 2RX,Greater London,1,2285864.24,35.141
PO34 1UR,South East,1,2285531.22,21.963
SW42 8GA,Greater London,1,2284995.02,19.034
BB51 7JZ,North West,1,2283263.84,17.569
PO40 5GT,South East,1,2282103.19,87.844
PA8 7XK,Scotland,1,2279794.03,17.568
WA58 3FF,North West,1,2279599.3,35.135
SO48 1YT,South East,1,2277295.31,35.132
N95 5CR,Greater London,1,2276540.16,52.697
B92 5BZ,West Midlands,1,2274814.09,35.13
LU94 4VV,East of England,1,2274580.96,57.085
BT14 2JU,Northern Ireland,1,2273992.07,35.129
IP10 3ET,East of England,1,2273530.98,52.693
WN46 2AP,North West,1,2272272.77,43.909
WS36 2SY,West Midlands,1,2271457.41,17.563
WS35 4VU,West Midlands,1,2270440.7,65.86
SW17 6DX,Greater London,1,2269048.11,52.686
RG35 6KT,South East,1,2267621.12,35.122
B32 4EN,West Midlands,1,2265423.41,17.56
DD56 5ZU,Scotland,1,2264472.65,38.045
HU83 2UG,Yorkshire and the Humber,1,2264011.38,17.559
BL21 1PH,North West,1,2263937.02,35.118
SO11 1EJ,South East,1,2263767.11,35.118
SO6 8NE,South East,1,2262684.1,17.558
PL25 6EH,South West,1,2262187.82,19.021
BT13 2MH,Northern Ireland,1,2261882.75,17.558
BL9 7NV,North West,1,2261132.21,19.021
OX33 1BX,South East,1,2260625.04,35.115
NW57 6HW,Greater London,1,2259978.43,16.094
E88 8ZK,Greater London,1,2259624.67,17.557
E21 7WD,Greater London,1,2259045.19,35.113
NG71 1EN,East Midlands,1,2256424.28,19.018
OX86 7YW,South East,1,2256161.95,43.888
DD19 8TW,Scotland,1,2256140.5,17.555
DN31 6XE,Yorkshire and the Humber,1,2254387.81,19.017
HG75 7XV,Yorkshire and the Humber,1,2252652.01,19.016
GU16 8GN,South East,1,2252143.1,17.553
TS86 3FC,North East,1,2251128.42,21.94
PA50 8FC,Scotland,1,2251120.77,19.015
N12 7RN,Greater London,1,2250426.71,35.104
RH98 8VH,South East,1,2249048.81,38.028
SE50 3SD,Greater London,1,2248200.01,35.102
GU78 2XR,South East,1,2247370.62,19.013
BD55 5AD,Yorkshire and the Humber,1,2247115.15,17.55
RG58 1DU,South East,1,2246472.06,38.025
WA16 1DB,North West,1,2245544.0,35.099
CO24 5PW,East of England,1,2244742.11,17.549
E40 8GD,Greater London,1,2243931.37,57.033
LD50 6WR,Wales,1,2243652.24,17.548
OX95 6UC,South East,1,2242558.71,19.01
SE67 5DX,Greater London,1,2242436.74,70.191
E97 2MD,Greater London,1,2240813.08,35.094
AL72 6UG,East of England,1,2237920.64,35.091
TR40 3RP,South West,1,2236871.63,70.179
WS53 2AV,West Midlands,1,2236165.93,38.013
BH38 1XC,South West,1,2236040.11,52.633
E78 5MN,Greater London,1,2234764.89,35.087
EX23 2NB,South West,1,2234138.98,17.543
BN44 4MA,South East,1,2232510.72,17.542
WC51 7WE,Greater London,1,2231587.82,52.626
BN40 8AC,South East,1,2230235.97,35.082
BL65 2WT,North West,1,2229897.42,35.082
SO9 3XJ,South East,1,2229771.42,70.164
BA18 5RV,South West,1,2228025.5,17.54
SE48 5MV,Greater London,1,2227091.45,17.539
AB75 1SS,Scotland,1,2226652.4,19.001
RH14 3GC,South East,1,2226522.8,35.078
YO3 1ZP,Yorkshire and the Humber,1,2225841.31,57.001
PO38 2TG,South East,1,2224794.68,52.615
SE75 2SH,Greater London,1,2224234.99,17.538
IV24 3HY,Scotland,1,2223404.4,17.537
PO97 3SW,South East,1,2221754.88,70.146
BL92 5NZ,North West,1,2220886.83,65.76
B48 7BJ,West Midlands,1,2220591.72,17.536
BT68 6YX,Northern Ireland,1,2220255.46,35.072
BT69 1XF,Northern Ireland,1,2219845.02,17.536
LU20 4HF,East of England,1,2219702.8,37.993
WC47 5MD,Greater London,1,2215853.12,17.533
RG49 4AX,South East,1,2215849.53,17.533
CV74 8VG,West Midlands,1,2213694.57,52.597
ST92 8UT,West Midlands,1,2213177.04,52.596
SE36 8AG,Greater London,1,2213060.24,17.532
PR34 3BF,North West,1,2212850.38,17.532
PR51 5TA,North West,1,2211383.06,52.593
SW93 7SJ,Greater London,1,2209755.84,35.06
CH18 1DS,North West,1,2209575.4,65.737
BA35 2PY,South West,1,2208337.83,35.059
W2 2PP,Greater London,1,2205957.12,17.528
BT2 2YM,Northern Ireland,1,2205675.04,37.977
NW29 8ZB,Greater London,1,2204291.3,52.581
NR86 4UZ,East of England,1,2204190.1,21.909
WC92 2SK,Greater London,1,2204148.35,17.527
PO21 7EX,South East,1,2203551.2,87.633
RG89 1DC,South East,1,2203545.5,35.053
RH94 3ST,South East,1,2202793.94,48.197
TS44 7UF,North East,1,2200568.74,32.129
LS11 7XN,Yorkshire and the Humber,1,2200103.57,16.064
NG85 8PY,East Midlands,1,2200015.07,35.05
CM56 4XH,East of England,1,2198265.83,17.524
DD85 1HZ,Scotland,1,2195739.09,17.522
DN19 1VR,Yorkshire and the Humber,1,2194819.96,17.522
LS11 2FT,Yorkshire and the Humber,1,2194775.94,16.062
NG94 5AD,East Midlands,1,2193859.68,17.521
DL14 3JN,North East,1,2192860.63,56.943
EC14 6ED,Greater London,1,2192064.82,43.801
BB77 8WE,North West,1,2191645.36,43.8
PA73 6MF,Scotland,1,2191569.87,37.96
PR38 2PC,North West,1,2190948.02,17.52
N43 7UV,Greater London,1,2190771.92,52.559
WC84 3PV,Greater London,1,2189738.52,17.519
CO60 8XR,East of England,1,2188713.09,17.519
PA94 1TC,Scotland,1,2187728.57,17.518
NW32 8EX,Greater London,1,2185468.83,35.034
BA11 3KB,South West,1,2184527.62,18.976
IV16 1TF,Scotland,1,2184054.42,35.032
S59 2CF,Yorkshire and the Humber,1,2183937.39,35.032
CV14 3DA,West Midlands,1,2183559.02,52.547
DN39 8RC,Yorkshire and the Humber,1,2183314.89,18.975
BN43 7NU,South East,1,2183213.2,37.95
RH41 7NB,South East,1,2181505.18,17.515
PO64 3XE,South East,1,2180833.39,52.543
WA84 2VV,North West,1,2180735.89,52.543
DN98 8YP,Yorkshire and the Humber,1,2179381.74,17.513
HD32 6JX,Yorkshire and the Humber,1,2178250.82,75.889
NW33 8XR,Greater London,1,2176763.16,35.024
E62 6WE,Greater London,1,2176636.96,52.536
CB17 8JS,East of England,1,2175187.18,14.593
BT62 6PG,Northern Ireland,1,2175083.26,52.533
BT94 3UU,Northern Ireland,1,2174334.45,35.021
RG3 1PF,South East,1,2174080.33,18.97
S42 1SS,Yorkshire and the Humber,1,2174047.21,35.021
BT35 8RA,Northern Ireland,1,2173465.88,56.908
HG59 3AX,Yorkshire and the Humber,1,2173052.65,18.969
CF22 1RM,Wales,1,2171477.37,18.968
WV88 3AD,West Midlands,1,2171068.43,17.509
NW45 8DN,Greater London,1,2170528.03,18.968
EC23 1PH,Greater London,1,2170277.18,17.508
CF68 4EB,Wales,1,2169338.05,48.147
DD16 6HE,Scotland,1,2168128.89,56.899
N50 5WK,Greater London,1,2167265.14,35.014
AL98 2UJ,East of England,1,2167132.26,17.507
E18 3HM,Greater London,1,2165628.41,17.506
WN69 2MA,North West,1,2165576.29,87.529
WC23 2FS,Greater London,1,2164836.52,37.928
BL81 5XG,North West,1,2164570.4,17.505
DE28 2BU,East Midlands,1,2163426.95,17.505
SA50 3HN,Wales,1,2163401.36,17.505
SW84 6GF,Greater London,1,2160938.71,17.503
NN4 6NX,East Midlands,1,2160773.8,21.879
RH18 7VM,South East,1,2160393.33,64.178
CB93 7GU,East of England,1,2160132.51,56.884
BS13 7SC,South West,1,2160104.41,35.006
BS10 5KT,South West,1,2160012.14,75.845
AL69 3PS,East of England,1,2159393.06,35.005
OX54 6XP,South East,1,2156259.99,52.502
E72 6YS,Greater London,1,2156072.54,18.959
SR75 4WT,North East,1,2155609.47,18.959
DE47 5KW,East Midlands,1,2155340.57,52.5
PL51 5TA,South West,1,2153210.02,34.998
DL1 6FD,North East,1,2151325.28,34.996
SA92 6DH,Wales,1,2150087.55,18.955
BN64 4NR,South East,1,2150049.08,34.994
HD27 4MV,Yorkshire and the Humber,1,2148987.79,17.497
WN67 1JR,North West,1,2148714.43,17.496
GL37 7UB,South West,1,2148146.96,17.496
BT76 3RE,Northern Ireland,1,2146463.65,17.495
SE71 4VF,Greater London,1,2145397.56,17.495
DY59 3EK,West Midlands,1,2144147.79,69.976
S28 1EY,Yorkshire and the Humber,1,2144084.21,16.036
B19 7AT,West Midlands,1,2143736.34,18.951
SE11 4UH,Greater London,1,2143045.45,17.493
NW68 3AJ,Greater London,1,2142508.14,34.986
NG73 6SD,East Midlands,1,2141649.4,32.07
NN47 2BP,East Midlands,1,2140343.96,18.949
SE83 1EZ,Greater London,1,2140018.9,52.475
GL20 7VV,South West,1,2139429.19,52.474
GL95 2BM,South West,1,2138461.59,34.981
NR84 8HF,East of England,1,2138353.87,16.033
SE92 6AU,Greater London,1,2138311.2,69.963
WC78 8WK,Greater London,1,2138154.02,17.491
TS84 3WA,North East,1,2137084.77,17.49
PL75 4YC,South West,1,2135941.97,18.947
BT9 7VC,Northern Ireland,1,2134906.4,34.977
RG84 6KA,South East,1,2134598.96,16.031
LS56 3RD,Yorkshire and the Humber,1,2134227.95,34.977
SR1 7EF,North East,1,2132730.04,34.975
EC11 1BT,Greater London,1,2131892.65,64.119
OX41 1UE,South East,1,2130998.39,34.973
WV60 5ZA,West Midlands,1,2130796.14,17.486
SO61 8JM,South East,1,2130280.99,65.573
WA74 7JF,North West,1,2128673.02,17.485
CM4 2PU,East of England,1,2128538.17,34.97
CO5 8NM,East of England,1,2127504.41,34.969
LU51 6PE,East of England,1,2123801.69,52.447
WS47 7NF,West Midlands,1,2120908.19,52.442
EH15 3GJ,Scotland,1,2120749.28,34.961
WV89 4PM,West Midlands,1,2119325.05,17.48
SE50 6YM,Greater London,1,2119139.61,34.96
SW15 4AE,Greater London,1,2118662.29,17.48
GL41 3TC,South West,1,2115820.58,21.847
LS65 4DT,Yorkshire and the Humber,1,2115649.68,34.956
SA91 3DV,Wales,1,2114133.45,17.477
GL52 7MJ,South West,1,2114118.72,17.477
N67 8BF,Greater London,1,2114040.43,52.431
SE36 6YD,Greater London,1,2113323.39,16.02
EC38 7UP,Greater London,1,2113047.51,34.953
DN47 7JG,Yorkshire and the Humber,1,2110335.38,34.95
NW58 1EG,Greater London,1,2110032.34,37.862
CB22 4YG,East of England,1,2109121.29,32.036
OX73 5PA,South East,1,2108521.32,56.79
BB4 8CN,North West,1,2108363.82,34.947
S32 4HR,Yorkshire and the Humber,1,2105050.08,17.472
PO17 6SY,South East,1,2104280.21,32.031
S82 4GF,Yorkshire and the Humber,1,2102930.13,52.412
BD38 5ZJ,Yorkshire and the Humber,1,2101939.84,17.47
IV96 7EG,Scotland,1,2101115.36,52.409
M97 5RM,North West,1,2101021.19,65.511
HU1 8MU,Yorkshire and the Humber,1,2096404.53,17.467
DY70 6GF,West Midlands,1,2096228.24,34.934
DE68 8GU,East Midlands,1,2095095.87,17.466
BA1 4EV,South West,1,2094511.9,17.466
CV96 4KG,West Midlands,1,2093705.14,43.663
PO84 3CX,South East,1,2092070.24,17.464
GL47 6MU,South West,1,2090303.02,37.837
WS50 5FJ,West Midlands,1,2090153.81,34.927
WA75 4TD,North West,1,2090078.66,17.463
EC1 6BT,Greater London,1,2089029.33,69.851
BT41 8ME,Northern Ireland,1,2088829.01,18.918
BT26 1HE,Northern Ireland,1,2088243.93,17.462
LS33 4TY,Yorkshire and the Humber,1,2088109.58,37.835
EH94 8UZ,Scotland,1,2087927.27,17.462
EC44 1SG,Greater London,1,2086441.74,34.922
GL71 2BY,South West,1,2085917.89,34.922
LS22 4DF,Yorkshire and the Humber,1,2085024.81,34.921
LS16 7YY,Yorkshire and the Humber,1,2084413.78,56.745
G64 2HM,Scotland,1,2084107.27,37.83
PL71 8JY,South West,1,2083921.29,52.379
DE87 6FN,East Midlands,1,2082392.23,37.827
IV56 6WR,Scotland,1,2081769.61,21.823
WC9 3ZB,Greater London,1,2080787.61,34.916
PR13 3PV,North West,1,2080504.31,52.373
BT68 5GP,Northern Ireland,1,2080001.99,18.912
DD70 6XR,Scotland,1,2079896.77,34.915
G9 4HN,Scotland,1,2077016.04,16.001
PR33 7HF,North West,1,2076664.89,48.003
IV73 4EX,Scotland,1,2075092.58,34.909
TR45 2FT,South West,1,2074247.13,34.908
LE59 3EW,East Midlands,1,2073661.83,52.361
CV58 8PD,West Midlands,1,2072895.13,37.816
DD62 4GF,Scotland,1,2071530.06,34.905
EH66 2NV,Scotland,1,2070680.21,17.452
WV71 3YW,West Midlands,1,2070377.93,17.452
SE49 7DY,Greater London,1,2069821.61,52.355
DN64 2AS,Yorkshire and the Humber,1,2069798.6,52.355
CB94 7DZ,East of England,1,2068825.32,34.902
SO47 1WK,South East,1,2067055.41,17.45
CB64 5CN,East of England,1,2067020.71,37.808
B35 3EJ,West Midlands,1,2066131.28,37.807
PL52 7ZD,South West,1,2065808.58,34.898
SW27 5YV,Greater London,1,2065493.4,34.898
SO35 2PH,South East,1,2064138.32,17.448
BH39 7ER,South West,1,2063676.49,37.804
W59 7UD,Greater London,1,2062761.25,52.342
HG18 5JT,Yorkshire and the Humber,1,2061742.28,34.894
SE70 2BW,Greater London,1,2060578.62,34.892
E13 3EC,Greater London,1,2059811.13,21.807
EH8 3FJ,Scotland,1,2059652.08,34.891
L90 1ZK,North West,1,2059279.71,18.899
GU41 4YT,South East,1,2058588.87,52.335
SE5 5VE,Greater London,1,2057998.29,34.889
WN70 3XK,North West,1,2057942.31,34.889
NG20 7TF,East Midlands,1,2057919.33,17.445
M11 2PK,North West,1,2056605.5,56.693
HU20 5XD,Yorkshire and the Humber,1,2055811.18,18.897
S66 1TD,Yorkshire and the Humber,1,2055747.94,52.33
BT77 6XZ,Northern Ireland,1,2055305.89,17.443
PO86 7EP,South East,1,2053722.21,21.803
B32 5KV,West Midlands,1,2051709.17,18.894
SE67 5UK,Greater London,1,2051513.87,56.683
EC91 3ZM,Greater London,1,2051310.9,34.882
CF50 2VJ,Wales,1,2050774.93,34.881
B13 5PR,West Midlands,1,2050484.84,34.881
WS80 3UF,West Midlands,1,2050178.54,17.44
NN48 5NC,East Midlands,1,2049745.12,34.88
HG33 5XW,Yorkshire and the Humber,1,2049119.62,34.879
SE16 4ZW,Greater London,1,2049013.05,17.439
DD32 7KM,Scotland,1,2048996.98,34.879
B73 2DV,West Midlands,1,2048775.41,17.439
IV27 2CS,Scotland,1,2048714.62,18.893
S83 7ZB,Yorkshire and the Humber,1,2048305.13,17.439
HD87 6XG,Yorkshire and the Humber,1,2047983.91,52.317
CF18 3SD,Wales,1,2047420.72,34.877
PA79 5UK,Scotland,1,2046045.56,37.782
SW69 3GB,Greater London,1,2045659.06,52.312
L36 4DU,North West,1,2045175.99,15.984
NN91 1KM,East Midlands,1,2044927.42,56.67
LN34 3EK,East Midlands,1,2044084.56,17.437
PO75 2EG,South East,1,2043257.37,21.795
TR94 5UC,South West,1,2042903.25,52.308
SY69 6PY,Wales,1,2041449.55,56.664
B83 8JA,West Midlands,1,2040223.55,43.586
YO43 4MS,Yorkshire and the Humber,1,2039821.27,52.302
LE35 1DJ,East Midlands,1,2038848.73,17.433
HG26 1JS,Yorkshire and the Humber,1,2038736.54,17.433
OX93 8DF,South East,1,2037831.59,17.433
CF42 3WJ,Wales,1,2037591.07,17.433
OX50 3YJ,South East,1,2036937.86,18.885
PL51 1GE,South West,1,2036808.37,52.297
SO61 5XD,South East,1,2036454.36,52.296
RG74 5PU,South East,1,2035336.77,17.431
HU78 4NV,Yorkshire and the Humber,1,2035015.74,34.862
BT9 5NH,Northern Ireland,1,2033044.34,69.72
RG68 8MU,South East,1,2032528.29,34.859
WC68 8CB,Greater London,1,2029769.35,37.761
CB59 3MN,East of England,1,2027654.26,37.758
SR81 6US,North East,1,2026138.69,34.852
EC83 7HG,Greater London,1,2025726.42,31.947
SW93 2XT,Greater London,1,2025438.24,65.346
S89 1CC,Yorkshire and the Humber,1,2025216.33,34.851
E63 6UX,Greater London,1,2024828.9,34.85
RH15 1WP,South East,1,2024707.31,15.973
GU23 6CV,South East,1,2024325.51,37.754
CM58 1BM,East of England,1,2023236.92,18.876
SE10 2FZ,Greater London,1,2023073.99,37.752
HU93 7UN,Yorkshire and the Humber,1,2022525.06,65.339
M89 3MN,North West,1,2022451.56,52.271
BN49 7SZ,South East,1,2021507.73,34.846
WS20 3TH,West Midlands,1,2020131.73,34.845
BS35 2WX,South West,1,2020054.22,17.422
SA33 1YC,Wales,1,2019942.76,21.778
OX41 4FV,South East,1,2018925.44,75.494
WC13 7FC,Greater London,1,2016638.46,34.841
BH50 5TU,South West,1,2016257.73,34.84
SO18 5SJ,South East,1,2015656.76,17.42
CF71 6XP,Wales,1,2014741.99,52.258
RG53 6JR,South East,1,2014618.66,18.871
GU10 5GP,South East,1,2014055.84,52.256
CV38 1EV,West Midlands,1,2012898.13,17.418
LU63 3CF,East of England,1,2012443.46,37.739
S58 4NW,Yorkshire and the Humber,1,2011535.72,17.417
NG10 6NM,East Midlands,1,2010971.04,15.966
CF72 7GW,Wales,1,2010826.69,17.417
CB67 8NU,East of England,1,2009358.54,17.416
CM6 8GR,East of England,1,2009056.56,17.416
L30 2ZH,North West,1,2008103.73,15.964
M74 3MP,North West,1,2007462.07,17.415
NE18 3RV,North East,1,2002861.4,17.412
CM12 2PR,East of England,1,1998281.94,17.409
OX72 7HE,South East,1,1997185.31,37.719
BB96 6CR,North West,1,1996610.49,34.817
RG74 4JT,South East,1,1996298.29,65.281
B45 6MK,West Midlands,1,1995227.61,34.815
PA87 7VN,Scotland,1,1995017.78,17.407
AB48 6SV,Scotland,1,1994766.94,17.407
DY77 5EM,West Midlands,1,1994666.44,52.222
GU7 8ZJ,South East,1,1994516.34,17.407
PR15 2GC,North West,1,1994297.35,43.517
DE47 7KT,East Midlands,1,1991525.51,17.405
RG51 4EA,South East,1,1991407.52,17.405
BL96 5AJ,North West,1,1990156.88,17.404
HU84 1FU,Yorkshire and the Humber,1,1989323.46,17.404
GL46 1CX,South West,1,1988947.8,17.404
WV87 2WA,West Midlands,1,1988491.71,18.854
NW90 2BE,Greater London,1,1987240.09,15.952
LD19 8XZ,Wales,1,1986352.54,15.952
SE70 7PJ,Greater London,1,1985249.21,37.703
NP34 5YN,Wales,1,1982564.85,17.4
B73 1KF,West Midlands,1,1981714.94,34.799
RG25 8GY,South East,1,1980407.89,69.594
GL59 6YS,South West,1,1980402.27,17.399
DE56 2CT,East Midlands,1,1978474.82,65.24
BD47 8TV,Yorkshire and the Humber,1,1978419.61,14.498
CV13 3AJ,West Midlands,1,1977802.32,17.397
NN27 4ZN,East Midlands,1,1977263.66,15.947
E98 1XT,Greater London,1,1976667.26,69.585
PL26 1WG,South West,1,1974858.67,56.534
EH31 8CF,Scotland,1,1974672.7,37.689
L24 3AS,North West,1,1973881.86,43.487
SE18 6TG,Greater London,1,1972264.85,17.394
NP77 7XV,Wales,1,1971797.05,52.18
PA34 6HW,Scotland,1,1970040.59,18.842
CO58 1DA,East of England,1,1969677.48,34.784
DY96 8NG,West Midlands,1,1968144.33,56.521
BB20 1BJ,North West,1,1967670.17,17.391
RG80 5KY,South East,1,1966317.91,34.78
E22 7PF,Greater London,1,1965871.59,21.737
BT72 5YH,Northern Ireland,1,1965617.66,52.169
E11 5WH,Greater London,1,1964836.05,18.838
E74 5YT,Greater London,1,1964097.49,37.675
WV81 3CM,West Midlands,1,1963377.35,18.837
N23 6VA,Greater London,1,1961928.89,18.836
HG9 2AY,Yorkshire and the Humber,1,1961881.52,18.836
E65 5WB,Greater London,1,1961724.36,52.162
SO14 3AB,South East,1,1960318.96,34.773
GU61 1RH,South East,1,1959944.79,17.386
WC20 8RZ,Greater London,1,1959594.73,17.386
BN6 7EE,South East,1,1959381.53,17.386
G64 8BR,Scotland,1,1958528.98,52.156
BT65 6RC,Northern Ireland,1,1957800.66,17.385
SA52 4VF,Wales,1,1956286.07,17.384
CO72 8KX,East of England,1,1955575.71,17.383
SE48 2RK,Greater London,1,1954114.65,34.765
M10 3EF,North West,1,1953703.06,34.765
E54 2US,Greater London,1,1952917.84,47.8
GU21 7RA,South East,1,1950191.97,56.485
M80 7PW,North West,1,1950171.29,17.38
CM49 4DV,East of England,1,1949954.31,69.52
OX68 5RK,South East,1,1949753.87,18.828
CO45 5PB,East of England,1,1949110.4,17.379
BH21 4CG,South West,1,1948521.53,63.723
WS54 6BG,West Midlands,1,1947695.55,34.757
RG69 2CH,South East,1,1945941.76,17.378
DN73 6NF,Yorkshire and the Humber,1,1943335.73,34.752
HG24 7AC,Yorkshire and the Humber,1,1942819.55,18.824
BT38 4KR,Northern Ireland,1,1940758.27,17.374
HD37 3EN,Yorkshire and the Humber,1,1940713.0,34.749
RG69 2MW,South East,1,1939126.73,31.851
DY65 7BN,West Midlands,1,1937626.87,17.372
NW1 1FR,Greater London,1,1935495.84,15.923
BT22 8SC,Northern Ireland,1,1934724.26,17.371
W22 5CK,Greater London,1,1933513.55,52.109
NW53 6BU,Greater London,1,1933154.97,37.634
RH67 4NX,South East,1,1933014.77,31.844
BA61 5PM,South West,1,1932922.28,34.739
PL29 2JY,South West,1,1931321.66,34.737
EC15 8FU,Greater London,1,1931252.01,34.737
BH52 6HC,South West,1,1931000.82,43.421
IV25 5KA,Scotland,1,1930271.55,69.471
CF56 6RT,Wales,1,1929844.68,43.419
SW87 7UH,Greater London,1,1929472.17,18.815
PL93 6PG,South West,1,1928577.71,37.628
NG43 8GH,East Midlands,1,1928291.97,17.367
E19 6RC,Greater London,1,1927339.29,34.732
IV39 8KU,Scotland,1,1926971.77,21.707
BT3 7KN,Northern Ireland,1,1925871.12,52.095
RG23 2CK,South East,1,1925793.01,18.812
BS59 2EF,South West,1,1925738.92,56.436
W86 2UP,Greater London,1,1925480.83,15.918
PO17 4NR,South East,1,1925385.64,63.671
NE64 2TR,North East,1,1924295.65,18.811
CO37 5PJ,East of England,1,1923882.65,17.364
EC21 6HJ,Greater London,1,1923547.6,52.091
AB27 5PZ,Scotland,1,1923003.72,34.727
LD80 7BN,Wales,1,1922798.86,17.363
IP11 2XJ,East of England,1,1920105.85,17.361
W7 5MD,Greater London,1,1919524.11,21.701
ST70 8SE,West Midlands,1,1917414.28,17.36
BN36 7DH,South East,1,1915864.11,18.805
N34 8KB,Greater London,1,1913001.19,17.357
E81 6KJ,Greater London,1,1912331.17,21.696
BN27 2UJ,South East,1,1911279.62,17.356
AB10 6JR,Scotland,1,1910855.24,21.695
NE15 8HS,North East,1,1907741.62,18.8
WS88 2UM,West Midlands,1,1903975.7,34.703
NW90 8BZ,Greater London,1,1903569.7,47.715
DY51 5SK,West Midlands,1,1903568.83,31.81
NE44 3VR,North East,1,1903484.58,34.702
AL10 5VT,East of England,1,1902494.11,52.051
CO15 8ZK,East of England,1,1901439.69,34.699
SE64 8NX,Greater London,1,1899685.15,43.372
SE70 3DF,Greater London,1,1898418.98,17.348
WS97 1YV,West Midlands,1,1897901.01,56.379
SE33 2RT,Greater London,1,1897704.82,34.695
BB14 4UE,North West,1,1897673.76,56.379
CH79 3AW,North West,1,1897640.05,52.042
DL85 2HR,North East,1,1897372.74,52.042
DE20 8AR,East Midlands,1,1897346.49,37.586
PL41 8XY,South West,1,1894286.7,52.036
BD87 6HZ,Yorkshire and the Humber,1,1893604.65,75.161
SW37 8MJ,Greater London,1,1893031.15,69.378
DY85 8SG,West Midlands,1,1891384.47,18.789
SE83 7ED,Greater London,1,1890409.61,14.452
G45 6PD,Scotland,1,1889937.08,34.685
NW69 4GZ,Greater London,1,1889103.33,34.684
WA34 8JH,North West,1,1887829.03,52.023
RH76 6GS,South East,1,1886659.2,31.791
S41 2ST,Yorkshire and the Humber,1,1886170.94,37.57
WC15 3PD,Greater London,1,1885159.33,15.894
M71 5CN,North West,1,1884200.13,37.567
CF32 2SU,Wales,1,1883988.92,69.355
WC43 8MA,Greater London,1,1883651.23,52.015
EH84 6DP,Scotland,1,1881040.73,18.782
CH58 4WD,North West,1,1879943.87,52.008
HD45 7MW,Yorkshire and the Humber,1,1879512.99,37.561
GL85 5HU,South West,1,1879286.28,34.671
BN54 1WX,South East,1,1878798.01,17.335
RH95 5TR,South East,1,1878405.03,17.335
M97 5FZ,North West,1,1876203.76,17.334
CB43 4DJ,East of England,1,1874808.34,17.333
CB92 8XC,East of England,1,1873451.43,17.332
BT44 6ZE,Northern Ireland,1,1873322.21,14.443
PL28 1UX,South West,1,1873010.1,34.663
SO16 3TX,South East,1,1872698.03,17.331
GU57 4ZR,South East,1,1871935.99,18.775
WV86 3SB,West Midlands,1,1870679.13,56.323
LU78 5UK,East of England,1,1869126.99,17.329
DY95 3UF,West Midlands,1,1866799.47,17.328
HD49 8BF,Yorkshire and the Humber,1,1865891.94,51.981
LS42 5MD,Yorkshire and the Humber,1,1864854.46,17.326
W86 3DK,Greater London,1,1864313.49,34.652
OX44 1NC,South East,1,1862395.04,56.306
EH7 3BN,Scotland,1,1862342.4,34.65
SW74 5AV,Greater London,1,1860696.28,18.767
SW82 7HE,Greater London,1,1860556.0,56.302
EC51 6PB,Greater London,1,1854463.22,17.32
DE20 4MK,East Midlands,1,1853688.78,14.433
CH8 6NB,North West,1,1853516.78,37.525
PA50 8JP,Scotland,1,1853292.17,51.957
CF98 6VS,Wales,1,1853022.55,17.319
RH30 1UE,South East,1,1851386.71,37.522
SY58 7FR,Wales,1,1850423.74,17.317
BA59 7WP,South West,1,1845129.35,56.269
EC73 2FR,Greater London,1,1845027.79,47.612
SW31 2SV,Greater London,1,1844885.29,18.756
CM51 8PJ,East of England,1,1844276.28,18.756
PO75 8NB,South East,1,1843659.93,86.564
L46 7KD,North West,1,1842670.0,34.624
PA23 7BE,Scotland,1,1841009.0,17.311
ST48 3KM,West Midlands,1,1840964.43,17.311
DD40 4XC,Scotland,1,1840890.74,21.639
E69 5NS,Greater London,1,1839556.59,37.505
W45 2YT,Greater London,1,1839056.46,34.619
L25 8BG,North West,1,1836977.55,34.617
EC19 3PM,Greater London,1,1836968.98,56.252
AB47 8ZW,Scotland,1,1836492.76,51.924
HD7 7SB,Yorkshire and the Humber,1,1835885.49,37.5
N18 3ZR,Greater London,1,1834598.96,17.307
HG59 5YV,Yorkshire and the Humber,1,1834099.86,51.919
BT74 6DV,Northern Ireland,1,1832772.04,21.632
SE89 6KZ,Greater London,1,1832492.51,37.495
G98 2PV,Scotland,1,1832193.19,51.916
DE76 5EK,East Midlands,1,1831400.65,34.609
WC76 3FB,Greater London,1,1830903.67,51.913
E65 4FU,Greater London,1,1830252.05,34.608
WC92 8SH,Greater London,1,1830002.24,34.608
DE45 1CD,East Midlands,1,1829651.83,18.746
ST62 2AW,West Midlands,1,1828568.94,34.606
NW42 6UH,Greater London,1,1827774.27,51.907
BN77 8KP,South East,1,1827489.79,17.302
LS8 4FM,Yorkshire and the Humber,1,1827412.1,18.744
NW52 1NP,Greater London,1,1826323.78,34.603
DY83 1WA,West Midlands,1,1826164.8,17.301
SE9 6AC,Greater London,1,1824114.14,51.9
SW36 5VU,Greater London,1,1822348.32,56.221
SA9 1US,Wales,1,1821105.37,18.739
CH78 7NA,North West,1,1820231.43,17.297
N61 3NW,Greater London,1,1820170.42,47.568
EH36 6XZ,Scotland,1,1820093.12,34.595
SW75 8TJ,Greater London,1,1818871.73,34.593
NN98 5FE,East Midlands,1,1817720.03,34.591
PO53 1AF,South East,1,1817402.16,34.591
SO38 4FB,South East,1,1817337.93,18.737
SO21 8GM,South East,1,1816827.12,17.295
GU46 8CF,South East,1,1816471.61,18.736
BT20 8AU,Northern Ireland,1,1816338.75,34.59
PA43 2RE,Scotland,1,1815265.26,21.618
NN64 5ZW,East Midlands,1,1815160.27,17.294
BA12 8BH,South West,1,1814881.94,18.735
WV48 3KY,West Midlands,1,1814416.81,17.294
SE7 2BF,Greater London,1,1813314.4,34.586
PL45 1WM,South West,1,1812971.69,37.467
BT51 3AP,Northern Ireland,1,1812877.58,56.201
G38 6KM,Scotland,1,1810628.32,56.196
BD64 8NJ,Yorkshire and the Humber,1,1809514.01,18.731
WN2 6WP,North West,1,1808593.1,34.579
GU83 4BF,South East,1,1806832.83,18.729
DD17 4RR,Scotland,1,1806576.87,18.729
SA77 8RJ,Wales,1,1806313.97,18.729
AL54 6ZA,East of England,1,1805041.04,18.728
W35 6TU,Greater London,1,1803994.92,34.573
DH46 3YE,North East,1,1803968.49,17.287
WC37 4CN,Greater London,1,1803817.68,34.573
ST76 6ZJ,West Midlands,1,1803123.2,17.286
HU4 3UW,Yorkshire and the Humber,1,1802429.57,17.286
TR55 5NR,South West,1,1802012.24,18.726
EX29 6WE,South West,1,1801823.23,51.856
HU85 5CA,Yorkshire and the Humber,1,1801452.63,18.725
W69 6GD,Greater London,1,1800525.39,34.569
WC18 2FK,Greater London,1,1799304.72,34.567
DE32 2RX,East Midlands,1,1799253.78,18.724
WC83 6GY,Greater London,1,1798687.4,15.843
S18 2BG,Yorkshire and the Humber,1,1798677.12,51.849
TS23 4CC,North East,1,1798293.84,51.848
N19 3PZ,Greater London,1,1798099.79,51.848
WC30 4RM,Greater London,1,1797483.71,51.847
HU55 7AS,Yorkshire and the Humber,1,1797060.21,34.564
DL79 7ZJ,North East,1,1796316.9,17.281
WS84 4YS,West Midlands,1,1795953.16,34.563
OX63 2XD,South East,1,1794474.66,34.561
N45 5HM,Greater London,1,1793995.08,17.28
NW40 2TU,Greater London,1,1793687.15,51.839
EC41 2PF,Greater London,1,1793131.68,34.559
SE67 5MB,Greater London,1,1793036.65,74.877
SE54 4EZ,Greater London,1,1791995.92,34.557
SA12 4RW,Wales,1,1791593.36,18.718
PO17 5MU,South East,1,1791199.96,17.278
BH8 2RN,South West,1,1790599.2,17.278
NW3 7UP,Greater London,1,1790433.71,37.435
LU94 5ZM,East of England,1,1789686.51,34.554
B42 4NG,West Midlands,1,1788683.98,17.276
WA18 5TB,North West,1,1787379.37,51.827
SO67 3YJ,South East,1,1787059.22,57.584
GU47 2NN,South East,1,1787029.86,51.826
N72 7SF,Greater London,1,1786942.33,51.826
W90 5YD,Greater London,1,1786634.67,17.275
SO13 8GN,South East,1,1786341.96,17.275
SR73 4YY,North East,1,1783282.25,31.667
NW95 7UD,Greater London,1,1782171.86,17.272
E37 4NE,Greater London,1,1781588.82,74.844
OX8 7UC,South East,1,1781381.02,37.422
SO40 5GK,South East,1,1780905.03,21.589
WC17 1CX,Greater London,1,1779832.01,17.27
WS15 4NF,West Midlands,1,1779641.38,17.27
E36 4VT,Greater London,1,1779226.02,18.709
DD57 8TV,Scotland,1,1779101.55,43.175
BL94 7PA,North West,1,1778641.85,34.539
EH81 7JR,Scotland,1,1778605.24,51.809
WC2 6YP,Greater London,1,1778583.64,34.539
WV97 8MP,West Midlands,1,1778032.56,18.708
NR18 6VD,East of England,1,1777677.22,51.807
BN12 8KN,South East,1,1776638.91,17.268
NR41 3JK,East of England,1,1774646.78,17.267
WC21 2RY,Greater London,1,1774364.06,51.8
DY66 7UV,West Midlands,1,1774342.17,18.706
OX88 4PD,South East,1,1774315.44,17.267
CO77 4GA,East of England,1,1774244.05,37.411
EH8 1NB,Scotland,1,1773663.36,43.166
PL85 7HY,South West,1,1773450.81,51.798
BL83 3UA,North West,1,1773045.7,34.532
W50 5CN,Greater London,1,1772457.9,18.704
S24 2BW,Yorkshire and the Humber,1,1771642.03,18.704
EC53 1PZ,Greater London,1,1771032.08,28.774
W16 3TT,Greater London,1,1770030.75,51.791
BD56 8PX,Yorkshire and the Humber,1,1769896.18,14.386
BH15 1XT,South West,1,1769635.19,17.264
E85 4YF,Greater London,1,1768543.0,21.579
BH48 1FF,South West,1,1768513.07,34.526
LS19 1YK,Yorkshire and the Humber,1,1767256.68,34.524
NW16 4CJ,Greater London,1,1766463.26,15.823
PR63 7JX,North West,1,1764489.57,37.397
EC23 6WE,Greater London,1,1763283.02,17.259
WA69 7NS,North West,1,1762518.99,18.697
AL97 6HB,East of England,1,1762123.75,56.09
PL69 1BA,South West,1,1761238.39,17.258
L47 8XM,North West,1,1760914.13,37.391
AL36 8HX,East of England,1,1760365.76,17.257
YO70 1GC,Yorkshire and the Humber,1,1760168.46,34.514
IP85 6MJ,East of England,1,1758854.48,17.256
SW48 4KP,Greater London,1,1758051.96,17.256
N85 6TG,Greater London,1,1757653.88,17.255
SW14 3XH,Greater London,1,1757198.26,18.693
S44 8RB,Yorkshire and the Humber,1,1756628.73,17.255
CB89 3WR,East of England,1,1756580.19,69.019
PL67 7TF,South West,1,1754510.13,15.815
EH59 5RB,Scotland,1,1754103.85,31.63
SO39 7AM,South East,1,1752994.09,15.815
EH40 2KH,Scotland,1,1752964.75,18.69
N82 8ZP,Greater London,1,1752217.09,18.689
GU11 6EF,South East,1,1748790.87,43.123
DE83 2FE,East Midlands,1,1748398.19,68.996
ST76 8FH,West Midlands,1,1748354.95,51.747
CM8 8WB,East of England,1,1746921.59,34.496
W54 4JT,Greater London,1,1746318.95,37.37
SO83 5US,South East,1,1746304.48,51.743
GU30 1KX,South East,1,1746055.59,28.746
HG15 2KJ,Yorkshire and the Humber,1,1744557.39,17.246
M27 2RK,North West,1,1744437.39,68.985
NW16 5TJ,Greater London,1,1744310.89,34.492
L64 6MY,North West,1,1743700.3,47.426
SO98 1KA,South East,1,1743447.14,34.491
CB13 6RB,East of England,1,1741835.87,34.489
EC37 8YJ,Greater London,1,1741626.36,18.681
PO73 1BT,South East,1,1741179.36,17.244
BT21 7ZU,Northern Ireland,1,1739945.78,37.36
LS79 2SD,Yorkshire and the Humber,1,1739663.53,47.418
BH95 7JN,South West,1,1739268.33,68.971
W62 2XW,Greater London,1,1739068.24,34.485
DN70 7HT,Yorkshire and the Humber,1,1738591.98,34.485
BT37 2CR,Northern Ireland,1,1737881.66,63.22
BN1 7DY,South East,1,1737760.18,17.242
N88 1VA,Greater London,1,1737225.94,17.241
RH61 4FN,South East,1,1736075.56,68.962
WC20 3YG,Greater London,1,1730837.66,34.474
CV48 4YW,West Midlands,1,1729962.61,37.345
ST91 4NV,West Midlands,1,1729210.57,68.943
BT88 2FF,Northern Ireland,1,1728127.64,18.671
WC48 1GT,Greater London,1,1726926.84,17.234
N21 7TW,Greater London,1,1726700.93,34.468
E38 6SV,Greater London,1,1726581.06,28.723
N57 1BF,Greater London,1,1725666.29,34.467
LL56 4UE,Wales,1,1723266.81,37.335
LE81 6SW,East Midlands,1,1722654.53,15.795
LS83 8EG,Yorkshire and the Humber,1,1721586.76,57.435
RH48 4PS,South East,1,1721150.01,37.332
HD72 4BP,Yorkshire and the Humber,1,1721015.44,51.69
EC72 3KB,Greater London,1,1719610.6,37.33
CF15 5KE,Wales,1,1718343.71,34.456
LU98 4BD,East of England,1,1717193.76,34.455
BL11 3AU,North West,1,1716635.08,17.227
N34 5FC,Greater London,1,1716287.34,64.601
E91 2MR,Greater London,1,1714748.57,68.903
CV3 7BZ,West Midlands,1,1714377.3,17.225
PA36 7JM,Scotland,1,1713705.28,17.225
WA86 7YX,North West,1,1712205.44,17.224
DY2 4BA,West Midlands,1,1710524.16,17.223
NG11 7DS,East Midlands,1,1709803.09,18.657
NE68 3ZH,North East,1,1709787.32,17.222
BT55 3BW,Northern Ireland,1,1709383.26,34.444
WV3 6RS,West Midlands,1,1707932.71,15.786
NW85 3KP,Greater London,1,1707640.24,43.052
EC23 8GG,Greater London,1,1705935.35,18.655
G50 3SU,Scotland,1,1705904.48,17.22
W36 5GT,Greater London,1,1705093.27,68.876
GU88 6EA,South East,1,1704474.88,28.698
PO62 6EF,South East,1,1703924.22,17.218
SO80 5US,South East,1,1703123.73,17.218
PR54 1GX,North West,1,1703016.04,37.305
WA29 5BT,North West,1,1702756.78,34.435
E6 1SD,Greater London,1,1702558.06,17.217
LD40 8EM,Wales,1,1700623.18,34.432
LU12 3HE,East of England,1,1698834.08,57.382
E23 1MZ,Greater London,1,1697928.24,51.642
SW40 8MP,Greater London,1,1697501.56,55.944
SW33 7YU,Greater London,1,1694549.46,21.514
CV75 6DC,West Midlands,1,1694246.03,17.211
BT60 5XB,Northern Ireland,1,1694185.11,15.777
WC80 7FK,Greater London,1,1693480.17,34.422
DY60 3SH,West Midlands,1,1691797.97,14.341
LE58 6YU,East Midlands,1,1690572.59,18.643
SW93 7MC,Greater London,1,1690398.36,51.626
RH73 5BV,South East,1,1690252.79,21.511
CB32 8UC,East of England,1,1689946.74,17.208
GU83 8TY,South East,1,1688564.51,37.282
BS5 3HJ,South West,1,1686330.68,18.639
RH18 2PT,South East,1,1685779.11,17.205
WA96 8AR,North West,1,1685600.93,31.543
BT59 2SF,Northern Ireland,1,1684319.02,34.408
TR37 3FM,South West,1,1680670.51,34.403
LU55 8AJ,East of England,1,1680618.76,34.403
SO64 5RD,South East,1,1680173.63,34.403
LE10 4FU,East Midlands,1,1680009.56,17.201
PA73 1VT,Scotland,1,1678462.82,34.4
BT1 8PG,Northern Ireland,1,1677933.75,51.599
OX76 7YG,South East,1,1677705.4,15.766
CH67 3ZC,North West,1,1677507.06,34.399
DE42 5XX,East Midlands,1,1675277.58,18.631
BS64 6VW,South West,1,1674662.8,34.395
HD19 2YH,Yorkshire and the Humber,1,1672770.77,64.485
BT31 1DE,Northern Ireland,1,1672369.78,34.391
WC17 2RT,Greater London,1,1672193.86,37.257
WC19 5AF,Greater London,1,1672188.88,17.196
TR83 3WP,South West,1,1670631.24,17.194
PA71 8NN,Scotland,1,1670301.62,51.583
CV45 7JJ,West Midlands,1,1669436.43,18.626
PA86 7SZ,Scotland,1,1668142.63,14.327
LD34 7BV,Wales,1,1666836.95,17.192
WC33 3MK,Greater London,1,1666029.84,34.382
E78 1RU,Greater London,1,1665681.94,17.191
B33 8KH,West Midlands,1,1665449.34,17.191
GU12 3MH,South East,1,1665340.84,68.763
HU50 3SV,Yorkshire and the Humber,1,1665338.05,17.191
PO78 5XK,South East,1,1665310.29,18.623
SO5 8VF,South East,1,1664730.09,17.19
M36 7JM,North West,1,1664513.94,17.19
BB19 8AT,North West,1,1663341.58,37.243
SY78 8MF,Wales,1,1663085.23,17.189
W94 7XA,Greater London,1,1662815.9,17.189
BT41 1UT,Northern Ireland,1,1662008.22,68.753
W2 8HX,Greater London,1,1661527.57,34.376
YO77 4NW,Yorkshire and the Humber,1,1660667.99,17.187
EC80 2JG,Greater London,1,1660601.63,47.265
BD75 2DS,Yorkshire and the Humber,1,1660293.28,51.561
CH44 6ZA,North West,1,1660189.53,18.619
HU41 3XP,Yorkshire and the Humber,1,1660033.48,37.238
LE19 7YD,East Midlands,1,1659912.11,42.967
NN65 8NC,East Midlands,1,1659007.21,42.965
PA56 7DN,Scotland,1,1658122.66,34.371
PO92 6GA,South East,1,1657926.74,34.371
W58 7XE,Greater London,1,1657106.26,55.85
SE69 8NF,Greater London,1,1656604.43,34.369
BN51 3SY,South East,1,1656581.09,17.184
WV38 5MK,West Midlands,1,1654762.41,15.751
BT5 4JA,Northern Ireland,1,1654613.51,14.319
LD76 3WJ,Wales,1,1653924.77,17.182
EC81 8PM,Greater London,1,1653635.1,51.547
LL56 3KC,Wales,1,1653114.69,17.182
IV41 5CW,Scotland,1,1652726.43,17.182
DD97 1GK,Scotland,1,1651554.12,51.542
BT75 7CP,Northern Ireland,1,1648984.87,17.179
PL41 1WE,South West,1,1648790.76,17.179
SA69 5EX,Wales,1,1648411.87,34.357
EX96 4VH,South West,1,1648119.28,17.178
NP30 1JJ,Wales,1,1647945.45,37.219
LS44 4BA,Yorkshire and the Humber,1,1647476.19,34.355
BT20 6DH,Northern Ireland,1,1646993.24,34.355
AB62 7TX,Scotland,1,1646571.58,17.177
WN58 2CD,North West,1,1645608.66,34.353
IP83 2YJ,East of England,1,1644844.5,17.176
CH90 5WG,North West,1,1644799.65,28.626
PL96 3AM,South West,1,1643780.3,37.213
RG80 4DY,South East,1,1643356.21,17.175
RG10 8NZ,South East,1,1642944.23,37.211
PR47 2YF,North West,1,1642740.09,51.523
IP92 3ZP,East of England,1,1641919.58,68.695
E1 5KR,Greater London,1,1640913.45,34.346
PO24 5VJ,South East,1,1639519.99,51.516
BT29 5GF,Northern Ireland,1,1637361.18,17.17
WN8 2AH,North West,1,1636789.24,18.601
N82 2WY,Greater London,1,1633824.5,17.168
OX58 6NX,South East,1,1632916.05,17.167
CH32 1KT,North West,1,1632639.81,17.167
W28 5RY,Greater London,1,1631539.14,31.471
WS64 4HB,West Midlands,1,1630432.57,34.33
CM59 6EX,East of England,1,1630147.28,34.33
DY67 1KD,West Midlands,1,1630087.09,17.165
DE36 2KS,East Midlands,1,1630023.77,18.595
NP97 5DM,Wales,1,1629295.73,68.658
BT3 1FW,Northern Ireland,1,1629069.04,15.734
EC31 4CV,Greater London,1,1628101.28,51.491
TR97 1HZ,South West,1,1627894.51,15.733
DY12 4YA,West Midlands,1,1627044.26,51.488
LU5 8DP,East of England,1,1626625.58,51.487
LN68 6SU,East Midlands,1,1626124.27,15.732
WC1 1DF,Greater London,1,1626109.32,14.302
E84 6XS,Greater London,1,1625424.72,51.485
SR56 7SP,North East,1,1624701.48,37.182
NR46 3AG,East of England,1,1624442.13,64.353
SO3 4WX,South East,1,1624439.22,17.161
SW89 8XR,Greater London,1,1624397.55,34.322
CV68 2ZF,West Midlands,1,1623936.11,37.181
L67 3TH,North West,1,1623246.29,28.6
AL44 3UM,East of England,1,1622467.69,34.319
B58 8AM,West Midlands,1,1620580.16,17.158
NW97 7SS,Greater London,1,1620139.32,51.473
SW16 1GD,Greater London,1,1619522.57,17.157
BN61 3ST,South East,1,1618867.17,42.892
CH83 1DA,North West,1,1618588.44,14.297
CB68 2BC,East of England,1,1618585.21,18.586
CH6 5PP,North West,1,1618262.36,17.156
DY61 1BG,West Midlands,1,1617126.38,28.592
LU28 3SW,East of England,1,1617124.31,34.311
DD21 8NY,Scotland,1,1616793.73,34.31
L31 8RR,North West,1,1616682.01,17.155
EC66 1DU,Greater London,1,1616133.66,21.443
BT53 3ZC,Northern Ireland,1,1615354.01,17.154
IV34 3JD,Scotland,1,1615351.26,17.154
HD78 1CR,Yorkshire and the Humber,1,1614415.53,17.153
NW44 3DC,Greater London,1,1612897.14,34.305
BD5 5CR,Yorkshire and the Humber,1,1612447.7,55.744
PO58 4GT,South East,1,1612246.44,37.162
N75 8DJ,Greater London,1,1610771.11,51.452
AL79 2HD,East of England,1,1610388.01,31.442
BN62 6JX,South East,1,1610246.08,21.438
LE27 4GF,East Midlands,1,1608370.54,17.149
BN96 4VR,South East,1,1608043.09,55.733
IP85 3WU,East of England,1,1608033.04,21.436
EC88 1ZK,Greater London,1,1606294.19,37.153
BD1 5HC,Yorkshire and the Humber,1,1604364.42,34.292
AL2 5HC,East of England,1,1603374.62,34.29
NW61 1HY,Greater London,1,1603307.36,17.145
WA66 4KA,North West,1,1602051.34,17.144
OX63 4BX,South East,1,1602013.68,17.144
RG53 2UF,South East,1,1601483.75,17.144
WV9 5TV,West Midlands,1,1601404.45,15.715
EX92 2CU,South West,1,1600213.28,51.428
E53 8MW,Greater London,1,1600008.13,17.143
SE74 6SN,Greater London,1,1599603.2,17.142
HU98 7ZY,Yorkshire and the Humber,1,1598284.36,31.426
RG96 8MH,South East,1,1597796.07,17.141
OX82 5TM,South East,1,1597147.3,31.424
EC3 6DR,Greater London,1,1596878.25,31.424
N52 6XP,Greater London,1,1596798.04,34.28
GU45 2NM,South East,1,1596763.13,14.283
SE3 7KV,Greater London,1,1595699.15,42.848
LD85 1BJ,Wales,1,1594633.18,42.846
E63 4VJ,Greater London,1,1594477.44,51.415
CH81 4SB,North West,1,1594314.21,34.277
NW41 3XT,Greater London,1,1594050.78,37.133
WS21 6KG,West Midlands,1,1593790.97,17.138
SA93 7ZS,Wales,1,1593114.89,17.137
NE97 6BW,North East,1,1592905.02,37.131
EC57 2BJ,Greater London,1,1591943.87,17.137
BN30 6PK,South East,1,1591644.46,55.693
NR55 1ZM,East of England,1,1591269.89,15.708
BD66 2FJ,Yorkshire and the Humber,1,1590060.46,51.405
BS82 8XG,South West,1,1589004.07,17.134
SW54 3TT,Greater London,1,1588379.64,17.134
HU91 8PX,Yorkshire and the Humber,1,1587120.99,51.399
L41 2AE,North West,1,1585354.26,14.276
PO46 2HB,South East,1,1584392.36,17.131
RH37 5HR,South East,1,1583720.92,28.551
N78 5CK,Greater London,1,1583703.22,68.521
OX87 5DG,South East,1,1583224.79,17.13
WN22 2ZX,North West,1,1583074.17,18.557
RG37 4KP,South East,1,1582893.28,18.557
WC82 5UG,Greater London,1,1580093.43,18.555
DE79 5FS,East Midlands,1,1579787.0,55.664
CB27 8RV,East of England,1,1579394.9,18.554
BN25 4SN,South East,1,1578519.05,15.699
BL64 8TD,North West,1,1577689.2,55.659
E47 3GN,Greater London,1,1577147.8,15.698
SY66 6MB,Wales,1,1576836.04,18.552
E90 2MT,Greater London,1,1576601.13,21.406
LU62 5DE,East of England,1,1575642.85,51.373
IP6 7NJ,East of England,1,1575099.07,51.371
PA91 8KE,Scotland,1,1574823.81,55.652
EH14 3AG,Scotland,1,1574751.79,21.404
BA31 8DU,South West,1,1573084.41,51.367
M94 7PA,North West,1,1572932.42,37.098
M85 4KU,North West,1,1571997.02,28.536
RH55 1WD,South East,1,1571904.58,17.121
NG17 6VA,East Midlands,1,1571624.88,37.096
M63 7HY,North West,1,1570223.86,85.6
EH4 6BE,Scotland,1,1570027.45,21.4
SW49 5CU,Greater London,1,1569941.94,18.547
WA39 6TC,North West,1,1569569.33,18.546
PO69 1EV,South East,1,1569272.42,18.546
AB13 2YR,Scotland,1,1568627.3,51.357
E60 3PJ,Greater London,1,1568432.0,18.545
EH73 7YR,Scotland,1,1567707.57,64.193
GL35 6AZ,South West,1,1567573.76,34.236
LD79 6SM,Wales,1,1567243.43,34.236
SO62 5AJ,South East,1,1565821.27,34.233
E27 1UP,Greater London,1,1565623.87,34.233
BH28 8TS,South West,1,1565373.49,42.791
RG78 5DT,South East,1,1560955.29,51.339
BB42 2NK,North West,1,1560834.92,17.113
EX84 4GR,South West,1,1560626.64,34.225
DD77 2KR,Scotland,1,1560404.33,15.687
E7 8HS,Greater London,1,1559657.98,34.224
SE30 2PJ,Greater London,1,1558815.47,17.111
HG88 4FR,Yorkshire and the Humber,1,1556378.95,18.535
WV28 1AT,West Midlands,1,1556136.3,17.109
N20 1ZV,Greater London,1,1555859.85,28.515
RH48 5BX,South East,1,1555249.05,34.217
GL82 5NR,South West,1,1554630.21,17.108
WS45 7FH,West Midlands,1,1554226.62,34.216
CV33 7FE,West Midlands,1,1553870.55,21.384
TR23 3UZ,South West,1,1553253.41,34.214
EC26 7KT,Greater London,1,1552439.2,17.106
IP25 6HY,East of England,1,1550738.42,21.381
E69 6RD,Greater London,1,1549526.82,28.507
IP21 8WX,East of England,1,1549369.71,18.529
PO69 2NA,South East,1,1549083.96,34.208
WC82 5FP,Greater London,1,1548254.11,17.103
TR45 4AH,South West,1,1547709.13,21.378
PA76 4AW,Scotland,1,1546691.41,51.306
PA31 6MA,Scotland,1,1546359.17,18.527
YO53 7TA,Yorkshire and the Humber,1,1545787.14,17.101
SO8 3DM,South East,1,1545148.36,51.302
DE2 2NW,East Midlands,1,1544493.85,34.2
DE36 6PV,East Midlands,1,1542748.75,17.099
CM45 1PK,East of England,1,1542524.69,55.571
NW48 5ZW,Greater London,1,1541133.52,15.673
LS18 7BB,Yorkshire and the Humber,1,1540612.21,34.194
N5 2VV,Greater London,1,1540497.3,68.389
NG59 7GY,East Midlands,1,1539487.46,34.193
IV75 2WW,Scotland,1,1539422.73,17.096
LU41 3ZA,East of England,1,1539382.08,34.193
NW22 2MC,Greater London,1,1538371.38,17.095
N21 6SV,Greater London,1,1538333.17,17.095
SW47 5CD,Greater London,1,1537993.57,34.19
DD8 3YM,Scotland,1,1536986.09,17.094
LD69 1VA,Wales,1,1536286.45,34.188
WS93 4YP,West Midlands,1,1534648.9,37.034
ST51 1TH,West Midlands,1,1532503.2,37.03
BT98 3RE,Northern Ireland,1,1532151.5,21.363
SW45 6PC,Greater London,1,1532120.11,74.059
G16 5YT,Scotland,1,1530964.54,17.09
DD6 1EM,Scotland,1,1530834.59,34.179
EC46 1HC,Greater London,1,1530766.91,14.241
LE27 8VM,East Midlands,1,1530677.02,17.089
W26 2RC,Greater London,1,1530469.49,17.089
WS34 8CZ,West Midlands,1,1530304.89,31.33
HD70 3ZG,Yorkshire and the Humber,1,1530201.77,17.089
WN42 3FH,North West,1,1529502.79,17.089
DY40 3KB,West Midlands,1,1529156.49,17.088
BB53 3NH,North West,1,1528645.17,18.512
ST46 7KG,West Midlands,1,1528599.79,17.088
BL84 5VB,North West,1,1528488.36,34.175
LD81 8TN,Wales,1,1528229.64,15.664
PL75 1YE,South West,1,1528138.76,51.262
WV93 4JZ,West Midlands,1,1527735.77,21.359
LE94 8TG,East Midlands,1,1526973.05,14.239
NW32 1WB,Greater London,1,1526945.7,17.087
NP10 7RR,Wales,1,1526634.19,14.239
IV92 6RE,Scotland,1,1526165.93,17.086
TR50 7MK,South West,1,1526098.78,51.258
WS6 1CZ,West Midlands,1,1525940.33,34.171
BD57 4NN,Yorkshire and the Humber,1,1525378.23,15.662
EH96 7DN,Scotland,1,1524882.82,55.526
SO26 4FB,South East,1,1524204.02,51.253
DD91 8UR,Scotland,1,1523959.56,34.168
YO2 8ZX,Yorkshire and the Humber,1,1523491.57,17.084
SW55 1WF,Greater London,1,1523168.58,34.167
W53 7EH,Greater London,1,1522384.24,55.52
BL50 3CP,North West,1,1522159.42,34.166
HD67 3XR,Yorkshire and the Humber,1,1521784.22,34.165
E96 7ER,Greater London,1,1521279.64,34.164
IP95 5HG,East of England,1,1521070.33,51.246
NP38 4SH,Wales,1,1520961.4,51.245
BH11 2MC,South West,1,1520882.68,14.235
WS30 4UN,West Midlands,1,1520487.62,37.01
E3 1GW,Greater London,1,1520330.02,18.505
LS69 1FP,Yorkshire and the Humber,1,1519555.62,18.504
NW53 7EU,Greater London,1,1519370.52,18.504
WC5 1GR,Greater London,1,1519269.6,31.314
DE43 7MW,East Midlands,1,1519196.15,18.504
DH11 5JS,North East,1,1518021.6,37.006
WC64 8GC,Greater London,1,1516213.26,51.234
GU64 7YD,South East,1,1515090.86,17.077
SW16 4TJ,Greater London,1,1514786.58,17.077
RG32 6HD,South East,1,1513572.87,36.998
CF54 3UH,Wales,1,1513322.19,64.034
RH9 1RY,South East,1,1510936.03,18.497
GL47 4TX,South West,1,1509150.2,17.072
W14 6MZ,Greater London,1,1507438.1,55.481
BL68 1CS,North West,1,1507332.25,51.213
CH36 7CV,North West,1,1507210.58,68.284
SR87 8UT,North East,1,1506656.69,17.07
CB6 3SF,East of England,1,1505539.69,34.139
WV34 3GF,West Midlands,1,1504550.04,14.224
PL53 5AD,South West,1,1504506.35,18.491
E69 2EM,Greater London,1,1504038.37,73.963
N15 3JD,Greater London,1,1503496.58,34.136
W91 5FW,Greater London,1,1502167.23,42.667
SE72 3WH,Greater London,1,1501511.26,42.666
GL93 8YR,South West,1,1499907.16,18.487
OX30 4ZD,South East,1,1499812.59,62.572
GU92 7HY,South East,1,1499496.29,21.331
NR85 6PF,East of England,1,1499157.03,56.882
SE1 5VF,Greater London,1,1498631.72,42.66
PA2 1KZ,Scotland,1,1498548.96,15.642
SW68 4ED,Greater London,1,1497932.23,17.064
ST62 3EP,West Midlands,1,1497717.35,34.127
PL50 5ZZ,South West,1,1497639.28,36.97
WC15 2ZW,Greater London,1,1496889.33,42.657
CV10 8AY,West Midlands,1,1495985.79,15.64
GL65 7GP,South West,1,1495607.67,51.185
PO75 1XA,South East,1,1495236.94,17.061
PO96 6ZS,South East,1,1492079.93,34.118
E94 3JE,Greater London,1,1491614.8,34.117
EX71 3BW,South West,1,1490997.64,17.058
CV1 2GP,West Midlands,1,1490642.0,34.115
EH71 1EN,Scotland,1,1489909.25,34.114
LU23 6SV,East of England,1,1488446.71,17.056
LL51 4ZH,Wales,1,1488295.31,14.213
LU48 6PY,East of England,1,1488264.63,34.111
L37 6FY,North West,1,1487863.21,17.055
L21 5NA,North West,1,1487491.82,15.634
PO78 7VW,South East,1,1487124.69,17.055
AB35 5XU,Scotland,1,1486594.83,55.427
RG94 4TV,South East,1,1485517.65,18.475
BT24 6CA,Northern Ireland,1,1485076.05,17.053
N77 3CD,Greater London,1,1484437.92,17.053
DE74 4DP,East Midlands,1,1483758.12,34.104
SW70 5RX,Greater London,1,1483256.44,34.103
EC61 6VC,Greater London,1,1482957.04,55.417
NN51 6DP,East Midlands,1,1482652.84,18.472
SW6 2CA,Greater London,1,1480951.67,51.15
LU65 5KK,East of England,1,1479851.87,51.147
WN55 1TX,North West,1,1479627.13,17.049
EC81 6GT,Greater London,1,1478000.39,17.047
ST74 4EX,West Midlands,1,1477969.25,51.142
WV77 4VV,West Midlands,1,1477808.59,34.095
BT71 3UY,Northern Ireland,1,1477341.55,34.094
BS83 3EK,South West,1,1477253.09,51.141
EH84 1PB,Scotland,1,1477193.77,34.094
M64 6VH,North West,1,1475803.3,17.046
GU82 7UY,South East,1,1475390.94,21.307
TR57 1DS,South West,1,1474704.85,17.045
CO28 8YH,East of England,1,1474024.1,34.088
AL67 3MW,East of England,1,1473322.57,36.928
RG69 3KR,South East,1,1473292.54,34.087
HG79 2EP,Yorkshire and the Humber,1,1473291.24,17.044
LE93 3VF,East Midlands,1,1472971.16,17.043
BN10 7BF,South East,1,1472209.6,34.085
CM20 5ZA,East of England,1,1471759.8,15.622
BD81 7VZ,Yorkshire and the Humber,1,1471569.89,34.084
EC51 7PB,Greater London,1,1471382.12,34.084
L96 3WS,North West,1,1469841.19,18.461
LS34 6SS,Yorkshire and the Humber,1,1469817.97,17.041
SY55 5JU,Wales,1,1468527.68,34.079
EC40 3BK,Greater London,1,1467995.78,34.079
PA18 4VT,Scotland,1,1467509.64,17.039
AB12 1AW,Scotland,1,1466989.82,17.038
B52 5KR,West Midlands,1,1466705.07,17.038
YO25 1UK,Yorkshire and the Humber,1,1466098.18,28.396
SE67 4ZU,Greater London,1,1465287.69,34.074
DD55 6PN,Scotland,1,1464985.81,17.037
NN70 6FP,East Midlands,1,1464914.08,46.851
DY24 6HZ,West Midlands,1,1463055.97,14.196
OX19 1MC,South East,1,1462695.36,17.035
OX67 6TK,South East,1,1462224.45,18.454
DY36 3XE,West Midlands,1,1461776.31,17.034
WC63 2CY,Greater London,1,1461301.3,34.068
LD63 7EU,Wales,1,1460625.82,34.067
WS74 6VA,West Midlands,1,1460228.77,17.033
E98 4ME,Greater London,1,1459974.44,68.131
AB11 4FE,Scotland,1,1458609.96,36.902
PO83 4MM,South East,1,1458348.61,68.126
CH41 5WJ,North West,1,1458142.3,17.031
CF29 6DG,Wales,1,1457729.25,36.9
SW37 7UZ,Greater London,1,1457376.38,36.9
PR61 2TY,North West,1,1457360.5,34.061
CB38 3HA,East of England,1,1457123.81,17.03
N72 6CF,Greater London,1,1456174.77,34.059
HG83 7YN,Yorkshire and the Humber,1,1455900.54,28.382
SA54 8DS,Wales,1,1455370.28,17.029
PA13 1JH,Scotland,1,1454991.56,34.057
EC47 3ZA,Greater London,1,1453716.9,34.055
CV90 3JA,West Midlands,1,1453652.99,36.893
PA93 6XC,Scotland,1,1453425.32,51.082
YO36 7UG,Yorkshire and the Humber,1,1452003.86,18.445
PO88 1SW,South East,1,1451889.48,15.607
WN5 6SK,North West,1,1451271.16,14.188
SA3 5MG,Wales,1,1451147.19,31.213
N29 8EX,Greater London,1,1450626.03,17.025
WC46 6VZ,Greater London,1,1450327.24,18.443
NW35 3UF,Greater London,1,1449417.32,51.072
LL3 1JD,Wales,1,1449187.85,36.885
WV85 6SP,West Midlands,1,1448309.47,14.186
EC52 6KB,Greater London,1,1448222.46,17.023
SW84 1UG,Greater London,1,1447553.77,36.882
EC89 4NT,Greater London,1,1447487.84,34.045
DD32 8HM,Scotland,1,1445956.13,14.184
HD84 2PX,Yorkshire and the Humber,1,1445729.38,51.063
NW47 7UW,Greater London,1,1444409.15,34.04
EX60 5YD,South West,1,1444177.08,14.183
BS23 6GH,South West,1,1443900.04,17.019
BN48 3UC,South East,1,1441859.78,51.053
EH54 4JG,Scotland,1,1441408.04,34.035
L18 1CH,North West,1,1441052.8,31.198
BL36 8EG,North West,1,1440960.59,68.068
W34 7PV,Greater London,1,1439330.84,18.434
M10 5AR,North West,1,1438565.45,17.015
WC72 7WE,Greater London,1,1438460.19,46.791
WS85 4VP,West Midlands,1,1438190.71,31.194
BL77 5WB,North West,1,1438148.14,17.015
E16 6YJ,Greater London,1,1436464.39,17.013
BH44 4WK,South West,1,1431811.52,51.028
EC63 1MY,Greater London,1,1431565.51,18.427
DE64 6WE,East Midlands,1,1430999.75,34.017
NW28 3AS,Greater London,1,1430710.93,18.426
NW94 7WT,Greater London,1,1430584.88,34.017
SO22 2SV,South East,1,1430495.38,34.016
BB27 2RP,North West,1,1429768.0,46.771
HD48 6TX,Yorkshire and the Humber,1,1428196.76,18.424
BD72 2JU,Yorkshire and the Humber,1,1427391.16,17.006
ST12 8PD,West Midlands,1,1427220.37,34.011
WA77 2BG,North West,1,1426717.08,51.015
BT72 2ZU,Northern Ireland,1,1423814.62,68.01
RG21 5SF,South East,1,1422520.19,17.002
SA89 2PC,Wales,1,1421976.22,21.251
S37 4GA,Yorkshire and the Humber,1,1421603.35,17.001
DY79 7TZ,West Midlands,1,1421022.7,17.0
RH85 4TH,South East,1,1420845.72,14.167
HU71 4WW,Yorkshire and the Humber,1,1420320.5,73.665
LL14 4GW,Wales,1,1419054.36,33.997
W67 2JW,Greater London,1,1418915.95,50.995
WC17 8NV,Greater London,1,1418424.73,33.996
NW1 8AX,Greater London,1,1418383.1,15.582
RH89 1CN,South East,1,1416438.17,62.32
IP74 6XV,East of England,1,1416051.76,42.49
AL54 4CA,East of England,1,1416009.82,16.996
BS40 3HT,South West,1,1415656.28,14.163
WN62 3UG,North West,1,1414805.08,33.99
DE20 2HU,East Midlands,1,1414724.39,16.995
IP6 6RN,East of England,1,1413482.8,42.485
SW12 1VT,Greater London,1,1413089.27,36.819
PR95 1JR,North West,1,1412777.5,46.732
WS65 3MK,West Midlands,1,1412517.73,16.993
GU46 4UG,South East,1,1411914.62,67.97
NG73 1KZ,East Midlands,1,1411860.91,33.985
HD88 4FB,Yorkshire and the Humber,1,1411240.41,16.992
SY70 2FX,Wales,1,1411158.38,33.984
EX25 8JY,South West,1,1410545.31,16.991
PL53 7JJ,South West,1,1410129.58,16.991
RG55 5AW,South East,1,1410082.36,33.982
TR96 3WG,South West,1,1408935.03,33.98
BA56 2BB,South West,1,1408767.6,36.811
EH18 7RS,Scotland,1,1408276.47,67.958
N95 8RV,Greater London,1,1408044.94,62.294
DD49 4TA,Scotland,1,1407732.7,50.967
OX49 8HR,South East,1,1406008.58,28.313
DY1 1UD,West Midlands,1,1405383.99,16.987
ST81 3DM,West Midlands,1,1404692.28,18.402
RH83 1EC,South East,1,1404472.68,14.155
PO51 7HW,South East,1,1403719.78,36.802
DH10 4AK,North East,1,1403715.78,18.401
BT98 1KS,Northern Ireland,1,1402933.06,28.308
BT34 1FZ,Northern Ireland,1,1402072.99,33.968
NW21 4GW,Greater London,1,1401931.54,16.984
WN35 7UT,North West,1,1401209.67,15.568
RH2 1RU,South East,1,1400734.57,55.195
SE15 2YW,Greater London,1,1399860.18,33.965
CV69 6WG,West Midlands,1,1399819.07,16.982
WC86 1TZ,Greater London,1,1399596.32,14.152
PO69 3NM,South East,1,1399591.07,21.228
PO33 1CX,South East,1,1398793.76,33.963
PA93 6RM,Scotland,1,1398267.27,16.981
W21 7YY,Greater London,1,1397420.58,33.96
EC4 8KY,Greater London,1,1397106.53,42.45
RH29 3DP,South East,1,1396862.32,18.395
NR47 1AX,East of England,1,1396680.1,31.129
EC96 6XF,Greater London,1,1396012.02,67.916
SO62 5PT,South East,1,1395201.6,33.957
SE39 7TR,Greater London,1,1395148.5,16.978
SO49 4NV,South East,1,1395045.67,15.563
DN89 2WV,Yorkshire and the Humber,1,1394852.28,55.178
EH30 2UH,Scotland,1,1394847.46,28.297
WC65 8HJ,Greater London,1,1394071.3,28.295
WC70 2FG,Greater London,1,1392904.16,42.441
TR68 5HH,South West,1,1392428.12,33.952
WC25 3PB,Greater London,1,1392118.21,16.976
HD39 2HC,Yorkshire and the Humber,1,1391602.97,50.925
SO32 8WF,South East,1,1390994.89,36.778
LL75 1WN,Wales,1,1389156.91,56.577
SA21 4FK,Wales,1,1387406.29,36.772
B65 8CT,West Midlands,1,1387290.52,16.971
LE70 3AT,East Midlands,1,1387047.16,18.385
EC73 4PF,Greater London,1,1386767.31,67.884
EC67 2FY,Greater London,1,1386546.23,36.77
LL23 1YD,Wales,1,1386342.1,55.155
N78 2DE,Greater London,1,1385734.24,42.425
BN53 5ZD,South East,1,1384620.15,18.383
CB5 4PP,East of England,1,1383590.38,33.936
OX71 4XK,South East,1,1383454.35,28.28
EH13 2TT,Scotland,1,1383442.39,50.904
N92 7VD,Greater London,1,1383420.74,50.904
CM25 4XB,East of England,1,1382620.6,15.553
CO11 7VN,East of England,1,1382467.95,42.418
NE16 5TE,North East,1,1382356.91,55.143
GU5 6NK,South East,1,1382246.01,50.901
PR63 5TH,North West,1,1382123.73,33.934
WN5 5MZ,North West,1,1381441.43,14.139
EH53 7ZM,Scotland,1,1381436.13,16.966
NW15 5BJ,Greater London,1,1380830.89,16.966
DN68 1RZ,Yorkshire and the Humber,1,1380014.08,14.138
BB16 2WF,North West,1,1379833.53,36.757
IP1 4ST,East of England,1,1377713.39,33.926
B1 4TE,West Midlands,1,1377555.81,16.963
SO10 1UV,South East,1,1376869.25,42.406
BT74 4XF,Northern Ireland,1,1376680.94,36.751
LL68 4HK,Wales,1,1376384.83,31.097
NG90 1FS,East Midlands,1,1375225.25,31.095
SO96 1GV,South East,1,1373824.04,16.96
NW26 5VU,Greater London,1,1372821.09,50.877
N42 4PJ,Greater London,1,1371514.74,14.131
NN83 8BF,East Midlands,1,1371334.64,36.741
M10 8VG,North West,1,1370819.77,33.914
ST9 6YB,West Midlands,1,1370511.3,33.914
SE79 7BW,Greater London,1,1369647.11,16.956
SO50 1ET,South East,1,1369490.03,28.26
NG1 6XD,East Midlands,1,1368714.65,31.085
E53 4GG,Greater London,1,1368186.17,33.91
WS85 6UF,West Midlands,1,1367784.92,36.735
DY86 6RZ,West Midlands,1,1367030.27,21.192
DD90 8KM,Scotland,1,1365788.48,42.382
GL32 2CW,South West,1,1364393.13,36.728
BN34 2NK,South East,1,1364019.88,16.951
AL4 4KK,East of England,1,1361807.86,55.085
WC11 5BP,Greater London,1,1361720.18,56.497
NW45 8AC,Greater London,1,1360865.89,33.897
EC12 7SK,Greater London,1,1360837.97,18.361
CM38 7CV,East of England,1,1359464.73,16.947
EX53 3TE,South West,1,1358883.43,16.947
G66 2GA,Scotland,1,1358754.99,28.244
S5 1KH,Yorkshire and the Humber,1,1358747.67,16.946
SW34 3VC,Greater London,1,1357357.78,21.182
CM93 8NP,East of England,1,1356945.66,42.362
SE81 3FG,Greater London,1,1356540.79,67.778
AL73 4JC,East of England,1,1355316.24,50.83
NR74 1BZ,East of England,1,1355037.38,50.83
W15 7TY,Greater London,1,1352967.58,18.353
BD13 7EY,Yorkshire and the Humber,1,1352825.72,14.118
E78 8JJ,Greater London,1,1352675.28,42.353
BH68 8JD,South West,1,1351828.94,14.117
BT41 4XK,Northern Ireland,1,1351245.35,16.94
BH95 3XP,South West,1,1349810.24,36.7
SO96 5BM,South East,1,1349676.77,36.7
GL98 7KC,South West,1,1349666.77,67.754
SO98 2FU,South East,1,1349241.47,16.938
GL90 7SH,South West,1,1349089.82,14.115
HD56 7ZA,Yorkshire and the Humber,1,1349071.13,16.938
BB42 8XT,North West,1,1349005.85,33.876
WC33 3WS,Greater London,1,1348984.05,28.23
RH78 6US,South East,1,1348454.4,33.875
DH24 2TF,North East,1,1347884.8,50.811
EH3 4TD,Scotland,1,1346989.39,14.113
EC61 1PE,Greater London,1,1346964.04,63.51
DE29 7PG,East Midlands,1,1346734.67,36.694
HU32 7XU,Yorkshire and the Humber,1,1345708.18,42.337
RH88 7CH,South East,1,1345619.96,36.692
CM30 7MS,East of England,1,1345373.21,28.224
IV47 5AM,Scotland,1,1345010.36,33.869
BB9 7EY,North West,1,1344671.1,28.223
HD49 3UG,Yorkshire and the Humber,1,1344292.02,55.034
GU80 6YZ,South East,1,1344114.25,33.867
BH46 6DJ,South West,1,1343385.26,84.664
NW58 2WX,Greater London,1,1343234.41,33.865
N43 6YR,Greater London,1,1343077.06,50.798
RH98 2BG,South East,1,1342979.17,50.797
LE46 5KM,East Midlands,1,1342815.09,16.932
SW35 5DN,Greater London,1,1342023.64,36.685
CO59 3RM,East of England,1,1341774.35,18.342
AB7 8PU,Scotland,1,1340814.17,18.341
BD18 2XD,Yorkshire and the Humber,1,1340385.84,16.93
NW58 8TD,Greater London,1,1340068.01,50.79
S45 6FA,Yorkshire and the Humber,1,1339940.2,42.324
SR1 1KA,North East,1,1339715.8,67.718
CO77 7XT,East of England,1,1338629.67,42.321
SE82 6GP,Greater London,1,1338152.44,42.32
SR88 1UM,North East,1,1337887.41,36.677
BN69 1JA,South East,1,1337784.07,16.928
CV93 3CY,West Midlands,1,1337151.99,18.338
E81 6DW,Greater London,1,1335554.02,33.852
BH18 6RJ,South West,1,1335378.38,14.105
SR3 5HZ,North East,1,1334957.39,16.925
WV40 3EX,West Midlands,1,1334627.43,50.775
EC48 7XY,Greater London,1,1333766.44,18.335
RH57 1PD,South East,1,1333237.26,50.771
WS40 6DA,West Midlands,1,1331516.52,54.997
DL44 5BF,North East,1,1331464.78,15.512
RG49 4UK,South East,1,1331266.14,18.332
LE71 1DD,East Midlands,1,1330849.42,67.686
PL44 6KG,South West,1,1330626.4,50.764
L51 1SY,North West,1,1329426.46,16.92
NW90 1UN,Greater London,1,1328600.46,33.839
DL24 7BW,North East,1,1327142.63,36.656
LL60 1WH,Wales,1,1326980.93,33.836
BN20 1XU,South East,1,1326116.57,15.508
SO71 2DA,South East,1,1325657.74,18.327
NP39 1DY,Wales,1,1325531.57,36.653
BT89 3KT,Northern Ireland,1,1325132.66,33.833
PR19 8SB,North West,1,1324936.9,46.52
GL51 8GH,South West,1,1324788.95,16.916
LL10 6MV,Wales,1,1324562.76,16.916
SO49 4UP,South East,1,1324201.89,36.65
NN50 4VS,East Midlands,1,1324131.52,42.289
NW93 5VT,Greater London,1,1324021.45,54.975
RH12 8WH,South East,1,1323683.75,14.096
NG71 7ZG,East Midlands,1,1323584.61,18.325
SE87 5CG,Greater London,1,1323175.55,54.973
NW30 1YH,Greater London,1,1323110.73,73.297
LD20 5TS,Wales,1,1322331.5,28.19
BD63 6DC,Yorkshire and the Humber,1,1321607.66,14.094
BH88 3EE,South West,1,1321495.12,36.645
NW35 6HX,Greater London,1,1321152.64,50.738
CH62 6PN,North West,1,1320559.58,33.825
DY53 7JH,West Midlands,1,1319530.39,14.093
PA27 1NX,Scotland,1,1319431.9,54.962
SE84 8TF,Greater London,1,1319380.41,16.911
L9 3WK,North West,1,1317782.31,28.183
B68 8TD,West Midlands,1,1317553.54,33.819
OX40 7WG,South East,1,1317428.68,46.501
SO95 2MF,South East,1,1315782.47,73.268
SW72 2JU,Greater London,1,1315173.53,16.907
N98 3UX,Greater London,1,1314159.15,50.719
E58 8ND,Greater London,1,1313458.9,28.176
EC33 5MY,Greater London,1,1313212.28,50.717
NG71 3RN,East Midlands,1,1313207.39,33.811
W37 2NT,Greater London,1,1311764.92,33.809
EX19 5RD,South West,1,1311176.19,18.312
DY47 5SR,West Midlands,1,1311157.19,33.807
BT43 5BG,Northern Ireland,1,1311133.48,28.173
ST84 4MV,West Midlands,1,1310758.18,14.086
DE77 2WN,East Midlands,1,1310672.1,28.172
NP14 1RU,Wales,1,1310302.44,67.612
W43 4RY,Greater London,1,1310290.51,33.806
WC28 1YN,Greater London,1,1308864.95,50.705
GU77 2ZT,South East,1,1307286.33,36.617
IV50 8JB,Scotland,1,1306800.44,16.9
AB58 8UH,Scotland,1,1306608.01,42.249
N92 1MY,Greater London,1,1305633.08,33.797
SW39 6RG,Greater London,1,1304720.0,54.918
EC83 3XE,Greater London,1,1304211.83,28.162
W13 3DV,Greater London,1,1304166.17,16.897
E34 7XA,Greater London,1,1303714.38,36.61
CF17 5SY,Wales,1,1303361.97,33.793
PO23 5JK,South East,1,1303018.56,28.16
N28 3NJ,Greater London,1,1302853.45,33.792
SE16 4UU,Greater London,1,1302075.01,16.895
W23 4CW,Greater London,1,1301684.23,54.909
OX70 4KH,South East,1,1301674.41,15.487
NW12 5GS,Greater London,1,1300862.7,33.788
BB64 7CC,North West,1,1300579.01,30.972
HD38 7NF,Yorkshire and the Humber,1,1300453.8,33.788
M7 4HA,North West,1,1300084.42,18.301
NG3 3XD,East Midlands,1,1299596.38,30.971
DY59 8ZC,West Midlands,1,1299215.77,67.571
SE15 6EV,Greater London,1,1299110.35,50.678
LE59 1JH,East Midlands,1,1298554.13,14.077
IP66 6VW,East of England,1,1297484.12,18.299
WC91 2BG,Greater London,1,1296929.79,50.672
BS28 3YH,South West,1,1296501.04,42.226
HU17 6JU,Yorkshire and the Humber,1,1296306.28,14.075
W57 6FJ,Greater London,1,1295826.78,21.112
IP41 2KK,East of England,1,1294670.86,33.777
SY87 5GF,Wales,1,1294028.68,16.888
CH39 8EA,North West,1,1293401.06,15.48
PA35 6KJ,Scotland,1,1293316.49,33.775
DY48 5FP,West Midlands,1,1292242.12,33.773
CB43 4DD,East of England,1,1291667.34,18.293
BD44 2WB,Yorkshire and the Humber,1,1291504.48,30.957
TR12 2GT,South West,1,1290773.62,16.885
NW13 2GE,Greater London,1,1290731.98,67.539
PO43 8GW,South East,1,1290089.51,42.211
EC73 8ZZ,Greater London,1,1289597.55,28.14
CV58 7YT,West Midlands,1,1288962.93,33.766
SE84 8MK,Greater London,1,1288798.83,50.649
GU54 1VM,South East,1,1288579.92,30.952
W62 5HN,Greater London,1,1288386.2,36.579
SO12 5DD,South East,1,1288276.59,50.648
LU31 2VY,East of England,1,1285451.66,54.86
BH72 5GJ,South West,1,1284901.63,50.638
CH3 2DK,North West,1,1284692.64,50.638
SY44 3FX,Wales,1,1284427.34,16.879
EC60 4UN,Greater London,1,1283990.98,36.57
SA66 4RZ,Wales,1,1283910.24,16.879
RH50 7KH,South East,1,1283334.59,30.943
BD53 3CJ,Yorkshire and the Humber,1,1282842.88,63.291
BT22 2MS,Northern Ireland,1,1282708.82,33.755
HU98 2PD,Yorkshire and the Humber,1,1282440.03,16.877
HU37 2GW,Yorkshire and the Humber,1,1282411.47,54.851
DH82 6HB,North East,1,1281687.03,36.566
N27 3ZE,Greater London,1,1281503.14,14.064
YO91 4AJ,Yorkshire and the Humber,1,1281257.24,36.565
BL65 3SX,North West,1,1280835.88,30.939
WC21 5TD,Greater London,1,1280380.58,50.626
SE87 2PR,Greater London,1,1280154.73,36.562
NE68 7BX,North East,1,1279912.8,54.843
IV86 8TP,Scotland,1,1279838.99,16.875
N66 8US,Greater London,1,1279570.88,50.623
L89 5HJ,North West,1,1278735.52,16.874
NW81 1WY,Greater London,1,1278551.78,33.747
M37 5NU,North West,1,1277615.75,28.121
SO37 4RN,South East,1,1276369.41,18.277
CV14 4TU,West Midlands,1,1275518.76,16.871
BL67 2GZ,North West,1,1274719.5,28.116
NW34 7WW,Greater London,1,1274108.9,15.464
DN83 7FS,Yorkshire and the Humber,1,1273399.83,16.869
GU83 8DP,South East,1,1273042.61,56.228
BT43 8TZ,Northern Ireland,1,1272610.91,15.462
LU12 4PS,East of England,1,1270582.45,33.732
S33 5KG,Yorkshire and the Humber,1,1269795.64,28.109
NN50 8NG,East Midlands,1,1269643.95,18.271
WS40 6XZ,West Midlands,1,1268892.77,73.079
CV98 3XX,West Midlands,1,1268210.07,14.053
WA60 2EX,North West,1,1266874.24,56.208
BT42 1FR,Northern Ireland,1,1266605.45,16.862
IP76 5VV,East of England,1,1266162.74,14.052
BA61 8WZ,South West,1,1266129.51,50.585
SW55 5ND,Greater London,1,1264153.02,33.72
EC98 3HU,Greater London,1,1263178.58,36.528
L30 4BV,North West,1,1262769.55,14.049
GU23 5TJ,South East,1,1262552.31,50.575
ST32 7DM,West Midlands,1,1262396.37,50.575
WN91 5SH,North West,1,1262190.08,18.263
NN34 5VN,East Midlands,1,1261531.65,36.524
BS34 3ZK,South West,1,1259929.1,50.568
SO68 8ND,South East,1,1259885.66,21.07
RG65 2VV,South East,1,1259519.33,14.046
PO1 8EG,South East,1,1257993.85,50.562
BL70 5NH,North West,1,1257652.22,16.854
AB27 5MW,Scotland,1,1256954.09,33.706
NG23 5NN,East Midlands,1,1256429.83,21.066
DD5 4EC,Scotland,1,1254532.85,33.701
RH79 3MA,South East,1,1254133.02,42.126
EX85 7CE,South West,1,1253506.43,16.85
SE88 6GH,Greater London,1,1253465.33,28.083
GL36 6GU,South West,1,1253464.18,16.85
SA59 4WS,Wales,1,1252712.33,14.041
CO24 8JE,East of England,1,1252589.2,54.759
SE5 8BC,Greater London,1,1251989.27,33.697
NE77 5JC,North East,1,1249857.85,18.25
SY78 6CF,Wales,1,1248856.97,33.691
BH40 1MA,South West,1,1247453.83,14.037
BT92 6TM,Northern Ireland,1,1246866.73,50.53
RG52 8TZ,South East,1,1246865.26,16.843
OX31 4HV,South East,1,1245479.12,28.07
W68 4WJ,Greater London,1,1244818.83,28.069
WN59 4NT,North West,1,1244818.2,67.366
PL1 3EU,South West,1,1243140.91,15.436
BT38 4GE,Northern Ireland,1,1242142.33,36.484
E93 2NC,Greater London,1,1241572.53,28.064
AL67 3KP,East of England,1,1241020.08,30.869
EH47 1VZ,Scotland,1,1240704.4,67.35
BS27 5AK,South West,1,1240469.71,54.721
DD17 8AT,Scotland,1,1240217.26,16.837
GU93 6GH,South East,1,1240146.9,33.674
L23 7WT,North West,1,1239999.42,16.837
NW56 1UC,Greater London,1,1239914.42,42.092
BD24 3TV,Yorkshire and the Humber,1,1239551.7,36.479
LU85 2CD,East of England,1,1239092.38,36.478
CH17 2PD,North West,1,1238895.88,36.477
BH80 7TG,South West,1,1238607.2,36.477
CV19 5GM,West Midlands,1,1236906.31,28.056
NN86 5TA,East Midlands,1,1236653.18,28.056
WV75 3ER,West Midlands,1,1236105.45,16.833
AB32 5XG,Scotland,1,1235712.87,21.041
N76 2PD,Greater London,1,1235649.95,18.235
NP34 4TE,Wales,1,1234861.78,54.703
YO65 2PJ,Yorkshire and the Humber,1,1234207.69,36.467
DY61 6TH,West Midlands,1,1233716.59,54.7
LS18 1GM,Yorkshire and the Humber,1,1233274.78,16.83
NW10 7CE,Greater London,1,1233036.42,16.83
DE27 8KS,East Midlands,1,1231437.75,33.657
NW66 8SG,Greater London,1,1231012.98,28.047
CH10 7TE,North West,1,1230460.71,50.482
SW2 7BM,Greater London,1,1229544.44,16.827
CB10 2UA,East of England,1,1228853.33,36.456
GL73 6BY,South West,1,1228616.13,36.456
DE36 7UP,East Midlands,1,1228089.22,50.475
EH71 2FK,Scotland,1,1227794.48,36.454
BA20 3DB,South West,1,1227579.04,56.082
E91 8YP,Greater London,1,1227301.38,14.02
CH72 7ER,North West,1,1227024.95,21.03
PO55 7VT,South East,1,1226495.14,33.647
PA8 2VA,Scotland,1,1226117.22,33.646
W94 2ED,Greater London,1,1225393.77,67.29
WA52 2FV,North West,1,1224920.11,14.018
RH79 1WH,South East,1,1223816.79,14.017
DE24 3DA,East Midlands,1,1223792.14,50.463
EC86 1HE,Greater London,1,1223422.61,16.821
GU80 7UZ,South East,1,1223336.81,54.667
TS47 6AY,North East,1,1222877.15,16.82
BT24 7XT,Northern Ireland,1,1222190.54,50.458
S92 3CP,Yorkshire and the Humber,1,1221395.57,36.44
LE42 2UZ,East Midlands,1,1221020.51,33.636
EC96 3ZV,Greater London,1,1220887.39,16.818
WV65 5TC,West Midlands,1,1220367.9,42.044
BL2 8DM,North West,1,1220248.44,46.248
AB10 4NB,Scotland,1,1219616.62,14.014
SW28 5FZ,Greater London,1,1217465.1,28.025
PA63 1JJ,Scotland,1,1216261.95,50.441
NW39 3AG,Greater London,1,1216191.61,30.825
TR85 5XK,South West,1,1215320.35,61.646
SE2 4RR,Greater London,1,1214381.93,28.019
WA97 6PP,North West,1,1214267.2,15.411
B10 3WW,West Midlands,1,1213996.44,33.623
LE11 7UP,East Midlands,1,1213067.17,14.009
WC62 2FR,Greater London,1,1212656.19,50.43
N94 3EY,Greater London,1,1212544.78,16.81
BL72 5AK,North West,1,1212062.71,54.631
L58 3TF,North West,1,1211692.92,16.809
NR47 3DU,East of England,1,1211387.56,50.426
BL41 7FG,North West,1,1211231.25,36.419
SR20 8BP,North East,1,1211115.86,18.209
W35 2PS,Greater London,1,1211081.76,36.418
RG91 4BX,South East,1,1207432.24,36.41
S81 5AS,Yorkshire and the Humber,1,1207268.47,21.006
SE35 6YS,Greater London,1,1206255.08,16.804
WV17 3FA,West Midlands,1,1206232.94,14.003
DD2 5GN,Scotland,1,1206116.68,16.804
SW17 6FX,Greater London,1,1205813.67,18.203
EX85 6EZ,South West,1,1205099.7,67.21
TR36 2GA,South West,1,1204489.54,16.802
NG84 3CJ,East Midlands,1,1203403.16,33.602
BT24 1FP,Northern Ireland,1,1203023.61,50.401
GU23 8XJ,South East,1,1203003.92,14.0
W29 5SB,Greater London,1,1202351.34,14.0
RG33 3VE,South East,1,1202325.28,16.8
GL57 4NX,South West,1,1202316.97,54.599
OX22 4VM,South East,1,1202260.22,30.799
PR81 4HU,North West,1,1201804.0,27.999
BB41 3KA,North West,1,1201645.25,13.999
SA16 3DC,Wales,1,1201224.67,33.597
CV28 8VB,West Midlands,1,1200776.12,16.798
WV96 2EG,West Midlands,1,1199147.38,16.797
NN80 4WR,East Midlands,1,1198195.89,20.994
G20 3JR,Scotland,1,1197849.15,16.795
B94 8FS,West Midlands,1,1197458.51,33.59
SW28 5AU,Greater London,1,1197190.04,41.986
NN30 7ZF,East Midlands,1,1196758.37,33.588
IV27 8EF,Scotland,1,1196721.53,50.382
SE55 7VT,Greater London,1,1195494.97,15.393
GU38 2SB,South East,1,1195243.53,50.378
NE68 5PT,North East,1,1194443.46,33.584
EC41 4UD,Greater London,1,1193511.98,27.985
HG5 3PC,Yorkshire and the Humber,1,1193436.24,18.19
DN33 1BS,Yorkshire and the Humber,1,1193357.26,13.992
B41 3HV,West Midlands,1,1193063.1,41.976
N44 6MM,Greater London,1,1191904.32,27.982
BL43 7YC,North West,1,1191723.37,18.188
SY3 1CH,Wales,1,1190300.53,18.187
E10 8ES,Greater London,1,1189459.71,18.186
EX56 3HT,South West,1,1189221.14,16.787
PO27 1DA,South East,1,1189098.51,41.966
SO24 1KK,South East,1,1188017.28,27.976
EC56 7RZ,Greater London,1,1186302.16,50.351
BT81 6EM,Northern Ireland,1,1185716.59,13.986
DY17 6KK,West Midlands,1,1185610.59,62.936
BL30 5TV,North West,1,1185294.06,36.362
AL93 2CU,East of England,1,1184921.26,41.956
PR48 8KK,North West,1,1184600.92,33.564
E93 7AW,Greater London,1,1181614.79,30.761
OX26 5VP,South East,1,1181142.18,55.928
NW76 4FH,Greater London,1,1181069.25,54.53
DN76 5NU,Yorkshire and the Humber,1,1180211.34,18.176
TR19 8AP,South West,1,1179814.7,50.331
LS39 4XN,Yorkshire and the Humber,1,1179125.19,33.553
DY65 2YJ,West Midlands,1,1179069.29,33.553
SO43 4VN,South East,1,1178394.86,41.939
S34 1ZW,Yorkshire and the Humber,1,1178245.2,13.98
BN91 8MD,South East,1,1178146.66,18.173
TS47 4PN,North East,1,1178118.0,27.959
NN70 5SC,East Midlands,1,1177947.49,18.173
BD69 8RX,Yorkshire and the Humber,1,1177768.4,18.173
WA33 5KX,North West,1,1177556.48,33.549
HD77 7MN,Yorkshire and the Humber,1,1177234.37,27.957
OX90 3XC,South East,1,1176983.22,18.172
RH45 8ER,South East,1,1176464.92,36.343
YO2 4PH,Yorkshire and the Humber,1,1176458.76,50.321
RG20 7DR,South East,1,1176092.71,41.933
SE70 8PY,Greater London,1,1175587.91,50.318
BB46 6AS,North West,2,1175341.33,29.857
B35 2UW,West Midlands,1,1173691.09,33.542
S93 8GN,Yorkshire and the Humber,1,1173689.3,13.976
N60 3DN,Greater London,1,1173515.86,67.082
AL73 2VW,East of England,1,1173320.15,41.926
E35 6NU,Greater London,1,1172545.24,13.975
L76 3XD,North West,1,1171474.72,41.921
BT42 3FD,Northern Ireland,1,1171194.55,16.768
BH52 5CX,South West,1,1171039.39,16.768
LE73 4JS,East Midlands,1,1169701.4,16.767
N63 5WW,Greater London,1,1169409.04,83.832
HG83 7KY,Yorkshire and the Humber,1,1169236.61,18.163
WV9 6CH,West Midlands,1,1169114.45,33.532
LD40 2YW,Wales,1,1167892.63,13.971
NG24 4ME,East Midlands,1,1166140.25,13.969
NR90 3WN,East of England,1,1165653.17,13.969
DY82 7WP,West Midlands,1,1165315.3,36.318
RG96 5AF,South East,1,1165176.86,18.159
NN48 5JD,East Midlands,1,1163543.03,15.364
CO7 3SW,East of England,1,1163360.94,67.041
TS42 6ZE,North East,1,1163001.47,54.469
DN78 5AF,Yorkshire and the Humber,1,1161759.04,27.931
CV18 4JV,West Midlands,1,1161251.54,16.758
SW4 4DJ,Greater London,1,1159924.94,36.306
BT81 4ZX,Northern Ireland,1,1159424.6,18.152
PR23 4RP,North West,1,1159253.97,33.512
PA32 6UD,Scotland,1,1158629.38,27.925
BS20 5DR,South West,1,1158614.56,16.755
LU9 3WB,East of England,1,1158411.67,16.755
CM40 8NZ,East of England,1,1156460.98,30.714
LS74 3CB,Yorkshire and the Humber,1,1156140.51,36.298
LU52 5XG,East of England,1,1156038.45,16.753
RH14 3AC,South East,1,1155296.89,33.504
SY54 3UX,Wales,1,1155218.15,55.839
W81 2TG,Greater London,1,1153716.63,13.959
CV70 6CY,West Midlands,1,1153115.22,20.937
PO89 1RG,South East,1,1153030.04,16.749
WV54 8CD,West Midlands,1,1153002.04,54.436
NR67 1DY,East of England,1,1152751.02,33.498
N46 2CF,Greater London,1,1151010.28,16.747
LS5 8EU,Yorkshire and the Humber,1,1148954.41,13.954
CB32 6SA,East of England,1,1148391.32,46.048
PR52 4FR,North West,1,1147105.67,16.743
B87 3DF,West Midlands,1,1146909.65,33.486
PL60 3ZB,South West,1,1146865.47,83.715
EH60 6KH,Scotland,1,1146493.17,16.743
ST20 5EK,West Midlands,1,1146297.9,18.138
WC39 1WF,Greater London,1,1145945.21,36.275
E9 3ET,Greater London,1,1145449.36,72.547
BT40 2VS,Northern Ireland,1,1145148.9,27.902
EC88 6DC,Greater London,1,1145095.52,36.273
CV90 3YD,West Midlands,1,1144641.05,16.741
PL24 6ZD,South West,1,1144470.94,33.481
BB33 3WG,North West,1,1144275.6,16.74
LD85 8PY,Wales,1,1144269.28,16.74
GU98 5NT,South East,1,1143752.16,18.135
BT28 7JY,Northern Ireland,1,1143710.19,33.479
CV36 8ZR,West Midlands,1,1143703.66,33.479
W52 7EM,Greater London,1,1143109.7,16.739
ST76 1UZ,West Midlands,1,1142438.8,13.949
DN93 8AP,Yorkshire and the Humber,1,1142342.37,33.477
N89 4MD,Greater London,1,1142131.78,27.897
WC77 8WJ,Greater London,1,1141788.81,41.844
N14 5UP,Greater London,1,1141584.7,54.397
EC81 1PX,Greater London,1,1140695.0,27.894
W9 4EK,Greater London,1,1138749.51,50.204
W90 5BR,Greater London,1,1138561.54,33.469
W6 3SY,Greater London,1,1138522.59,18.129
BL37 1NR,North West,1,1137134.8,16.733
CV4 8TC,West Midlands,1,1136912.88,41.831
SY78 8YA,Wales,1,1136248.23,18.126
BH48 3FR,South West,1,1136101.97,36.252
EC21 7EC,Greater London,1,1135876.88,33.463
NG49 6DB,East Midlands,1,1135122.11,33.461
BT84 8KG,Northern Ireland,1,1134852.65,72.498
EC54 5WG,Greater London,1,1134706.96,30.672
M81 3TN,North West,1,1134401.98,27.883
PO20 1PC,South East,1,1133721.34,18.123
PR98 8HA,North West,1,1133608.58,13.941
GU63 7KF,South East,1,1133591.17,13.941
SO5 1FJ,South East,1,1132651.4,27.88
ST13 3SW,West Midlands,1,1132305.72,18.122
ST72 5YX,West Midlands,1,1131995.08,36.243
W51 3TR,Greater London,1,1131085.89,16.726
SE55 1GH,Greater London,1,1131057.08,16.726
SE97 7FW,Greater London,1,1130438.85,27.876
EC39 2DY,Greater London,1,1130393.1,13.938
WS54 7EE,West Midlands,1,1130235.91,13.938
SE89 5HH,Greater London,1,1129803.18,13.938
E5 8AT,Greater London,1,1128654.09,33.448
BT61 3WE,Northern Ireland,1,1128308.57,36.234
GU71 7NG,South East,1,1127652.3,33.446
BT67 6XA,Northern Ireland,1,1127608.93,33.445
OX4 4TK,South East,1,1126632.25,45.985
W66 6GY,Greater London,1,1126202.8,33.442
W66 8AC,Greater London,1,1125199.9,54.341
SE36 7EB,Greater London,1,1124716.73,50.159
CB22 1KF,East of England,1,1123768.41,18.112
YO11 1PG,Yorkshire and the Humber,1,1123633.12,16.718
PA78 4ZF,Scotland,1,1122808.23,33.435
ST94 3SH,West Midlands,1,1122100.03,16.717
HD38 8ZY,Yorkshire and the Humber,1,1122047.51,18.11
NE48 4XD,North East,1,1121725.13,16.716
PA37 7KY,Scotland,1,1121683.21,33.433
NR7 6PJ,East of England,1,1121538.99,55.721
SW43 1GZ,Greater London,1,1120652.88,50.146
HD93 4XT,Yorkshire and the Humber,1,1120600.92,33.431
WN32 7TB,North West,1,1120600.15,16.715
PA51 8UR,Scotland,1,1120078.18,13.929
SW38 1WN,Greater London,1,1119893.88,50.143
LU2 3VV,East of England,1,1119477.34,61.285
DN68 3CD,Yorkshire and the Humber,1,1119413.52,50.142
LS39 4YE,Yorkshire and the Humber,1,1119056.98,18.106
BA71 6MN,South West,1,1118385.34,41.782
AB25 2ZJ,Scotland,1,1118369.61,16.713
BL14 6TV,North West,1,1117875.14,50.137
HG16 8YJ,Yorkshire and the Humber,1,1116425.51,62.665
WC58 2CE,Greater London,1,1116424.25,16.711
NW40 4BP,Greater London,1,1115909.02,16.71
BT80 6AK,Northern Ireland,1,1114709.3,27.848
OX54 8XF,South East,1,1113930.46,50.124
SE11 5TS,Greater London,1,1113008.01,16.707
DE27 8DX,East Midlands,1,1112373.15,18.099
SE3 8KZ,Greater London,1,1110145.1,50.112
CH78 7AT,North West,1,1109095.3,41.757
L81 6XZ,North West,1,1107636.81,72.372
EC25 8PW,Greater London,1,1107272.44,54.278
PR42 8ZD,North West,1,1107179.5,54.278
RH93 3TB,South East,1,1106304.7,36.183
WC29 1UW,Greater London,1,1106033.98,33.399
N97 3JF,Greater London,1,1105919.43,16.699
M58 6PC,North West,1,1105632.97,61.23
DN20 5SU,Yorkshire and the Humber,1,1105043.23,27.831
BS56 2SN,South West,1,1104759.85,36.179
SE72 6GW,Greater London,1,1104554.47,16.698
S21 6PZ,Yorkshire and the Humber,1,1103696.27,27.828
YO20 8ZD,Yorkshire and the Humber,1,1103629.72,16.697
BT33 7FS,Northern Ireland,1,1103255.32,13.914
EC47 1PT,Greater London,1,1103013.64,13.914
LD72 8ZJ,Wales,1,1102207.42,13.913
WA11 6DJ,North West,1,1099478.92,16.692
NG37 4FR,East Midlands,1,1099427.63,27.821
NN63 7NH,East Midlands,1,1099015.55,50.076
PA17 5CJ,Scotland,1,1098846.83,18.083
N29 7KX,Greater London,1,1098806.88,36.165
SE7 5UJ,Greater London,1,1098667.15,27.819
BN42 8BV,South East,1,1098646.49,13.91
BN97 7SV,South East,1,1098642.22,66.766
RH45 3CY,South East,1,1098613.2,16.691
N95 2PU,Greater London,1,1098194.02,33.382
N4 7RT,Greater London,1,1097744.67,33.381
BN59 7XD,South East,1,1097414.54,50.07
N16 8FJ,Greater London,1,1097366.16,13.908
N14 4PJ,Greater London,1,1097226.57,45.897
BT59 3SC,Northern Ireland,1,1096040.17,13.907
PA50 3UZ,Scotland,1,1095283.38,33.376
BT85 8CW,Northern Ireland,1,1094037.92,27.811
RH65 3JX,South East,1,1093977.43,16.686
GU83 2HU,South East,1,1093333.03,13.905
EC18 3UM,Greater London,1,1093185.52,55.618
SE9 1DN,Greater London,1,1093127.22,18.076
WA38 3SM,North West,1,1092893.8,33.37
PR22 7FA,North West,1,1092754.41,33.37
E8 3CA,Greater London,1,1092057.06,13.904
NG36 4KT,East Midlands,1,1090111.16,18.072
NP30 4TN,Wales,1,1090095.22,36.145
SY78 8DV,Wales,1,1089511.19,16.681
NR13 3RW,East of England,1,1086603.5,41.696
EC60 3DR,Greater London,1,1085753.94,16.677
IV69 7JX,Scotland,1,1085356.19,33.354
AL2 4BW,East of England,1,1084807.4,33.353
W28 1JA,Greater London,1,1084542.17,13.897
WC93 4ZV,Greater London,1,1083943.24,50.026
HD3 2PM,Yorkshire and the Humber,1,1083935.02,36.13
NP56 2NN,Wales,1,1083304.66,50.024
GU87 6HC,South East,1,1083160.47,13.895
G13 3UX,Scotland,1,1083007.54,13.895
CO29 8DW,East of England,1,1082828.02,41.685
BT27 8BD,Northern Ireland,2,1082146.6400000001,39.567499999999995
E44 2GT,Greater London,1,1081840.38,16.673
DE28 8XS,East Midlands,1,1081360.06,33.345
BB6 7HN,North West,1,1080844.05,16.672
HG22 5CS,Yorkshire and the Humber,1,1080176.35,33.342
HD84 8ZM,Yorkshire and the Humber,1,1080090.26,18.06
CM86 1EF,East of England,1,1079948.76,41.677
B4 1DJ,West Midlands,1,1079745.68,33.341
NW70 2XC,Greater London,1,1079262.32,36.119
SE18 5SJ,Greater London,1,1079258.01,33.34
EH77 8WX,Scotland,1,1079068.19,13.892
EX54 7CF,South West,1,1078976.29,33.34
GU97 8GG,South East,1,1078934.18,27.783
E69 4ZT,Greater London,1,1078689.78,50.009
BA54 5RK,South West,1,1078592.08,33.339
SY43 7US,Wales,1,1077853.61,55.562
WS85 1YG,West Midlands,1,1076828.79,33.335
BN70 1RE,South East,1,1076681.16,27.779
YO4 7CR,Yorkshire and the Humber,1,1076430.85,41.667
EC21 3VK,Greater London,1,1075756.73,16.666
HU82 1DB,Yorkshire and the Humber,1,1075093.59,41.664
OX6 7JX,South East,1,1075069.56,36.109
SW84 2YG,Greater London,1,1075059.04,55.552
DE67 7VK,East Midlands,1,1074767.79,18.054
TR9 6GE,South West,1,1074425.64,41.662
WA71 3WP,North West,1,1073094.99,36.104
OX9 3RJ,South East,1,1071967.88,49.986
DL22 2YJ,North East,1,1071848.12,16.662
L8 2DF,North West,1,1071585.55,18.05
WC95 8WM,Greater London,1,1071297.21,55.538
NW26 3ZJ,Greater London,1,1070695.25,33.321
EC32 6RJ,Greater London,1,1070467.15,49.981
EX50 6TY,South West,1,1069146.7,13.882
SY43 8DX,Wales,1,1069065.92,13.882
NN96 3GN,East Midlands,1,1069019.11,16.659
NW11 7SX,Greater London,1,1068519.54,15.27
HU77 1MC,Yorkshire and the Humber,1,1067435.85,16.657
RH17 5DW,South East,1,1067390.01,13.881
NW75 7KN,Greater London,1,1067218.96,33.313
ST29 1PF,West Midlands,1,1066875.92,13.88
TS50 8NR,North East,1,1066531.1,27.76
WC88 5VN,Greater London,1,1065539.24,16.655
GU94 7SZ,South East,1,1064286.68,33.307
L63 8VE,North West,1,1064031.26,27.755
CO80 3DC,East of England,1,1063871.37,54.122
B88 8VV,West Midlands,1,1063096.67,13.877
SW3 5GX,Greater London,1,1062630.25,13.876
WV1 1KM,West Midlands,1,1061200.44,27.75
SW24 1NP,Greater London,1,1061124.45,36.075
NG65 1TX,East Midlands,1,1060833.37,16.649
E62 3SM,Greater London,1,1060766.97,18.037
EH82 4RG,Scotland,1,1060194.73,13.874
W52 6YK,Greater London,1,1058381.1,45.778
CO36 7CE,East of England,1,1058057.84,16.646
WV1 1NX,West Midlands,1,1057593.97,27.743
S65 6XG,Yorkshire and the Humber,1,1056846.08,18.032
CH46 1GX,North West,1,1056702.93,33.29
W60 8KE,Greater London,1,1056567.41,18.032
B21 6CA,West Midlands,1,1056389.15,16.644
SE66 7YX,Greater London,1,1055865.38,13.87
ST74 3CT,West Midlands,1,1055607.92,33.287
W70 1PM,Greater London,1,1055564.85,18.03
W28 4GF,Greater London,1,1054463.64,13.869
BN69 3JF,South East,1,1054274.95,13.868
LN27 6YU,East Midlands,1,1054254.34,13.868
L60 6VZ,North West,1,1053877.42,66.566
LD2 4ZC,Wales,1,1053256.3,16.641
BN10 8CY,South East,1,1053164.99,36.055
LE15 6DJ,East Midlands,1,1052807.22,33.281
EC90 4RP,Greater London,1,1050819.7,27.73
PO65 3UC,South East,1,1050367.26,13.865
G64 6SG,Scotland,1,1050325.73,13.865
CB43 7CF,East of England,1,1050313.02,16.638
E29 4WP,Greater London,1,1049588.28,16.637
W6 4VJ,Greater London,1,1049518.9,16.637
N91 5AM,Greater London,1,1049042.72,13.863
DH27 7XF,North East,1,1048465.94,13.863
DL6 6SJ,North East,1,1047725.09,33.269
E74 8HU,Greater London,1,1047709.93,36.042
BT34 7HW,Northern Ireland,1,1047498.8,27.724
E80 6SK,Greater London,1,1047035.25,49.901
AL82 7XP,East of England,1,1047031.34,36.04
WC26 6FH,Greater London,1,1046457.8,49.899
LL86 5BY,Wales,1,1045805.17,16.632
SW39 3HH,Greater London,1,1045451.79,33.264
SE51 3FH,Greater London,1,1045361.39,55.439
EX27 6MP,South West,1,1044479.55,16.631
WS31 6YW,West Midlands,1,1044328.93,16.631
N33 8AG,Greater London,1,1042193.87,54.042
BS23 5RP,South West,1,1042144.14,16.628
TR69 3VM,South West,1,1041635.17,27.713
ST88 7AS,West Midlands,1,1041154.16,13.856
LS77 3NZ,Yorkshire and the Humber,1,1040314.22,16.626
E10 5AC,Greater London,1,1040083.26,18.011
SE61 2WR,Greater London,1,1039843.68,33.251
S39 4XZ,Yorkshire and the Humber,1,1039790.6,49.876
BD39 7WW,Yorkshire and the Humber,1,1039400.5,13.854
IV13 7FC,Scotland,1,1038769.56,41.561
NN98 2NW,East Midlands,1,1038719.13,45.717
HG71 4BK,Yorkshire and the Humber,1,1038718.06,49.873
TS85 7WM,North East,1,1038235.51,60.953
BD33 8UB,Yorkshire and the Humber,1,1035298.48,33.24
HU87 1MG,Yorkshire and the Humber,1,1034609.23,49.858
BT13 7SB,Northern Ireland,1,1034339.72,18.004
CH50 2RS,North West,1,1034288.68,13.849
LE32 4NE,East Midlands,1,1033481.12,13.848
NW1 2FG,Greater London,1,1033271.33,18.003
DH97 4PG,North East,1,1032715.82,13.848
BH95 3UA,South West,1,1031859.6,41.541
NG56 1PA,East Midlands,1,1031551.54,33.232
LE45 8FN,East Midlands,1,1031371.28,49.847
BL1 1JE,North West,1,1031347.29,16.616
GL82 6AP,South West,1,1030886.39,18.0
AL66 2VH,East of England,1,1030560.33,13.846
N33 7DE,Greater London,1,1030051.69,17.999
G71 4ST,Scotland,1,1029791.82,20.767
CH70 5GH,North West,1,1029668.2,33.227
W93 4MF,Greater London,1,1028986.3,49.839
L39 5EA,North West,1,1028442.37,13.844
SE53 6MD,Greater London,1,1028242.03,17.996
LN94 1CN,East Midlands,1,1027587.21,53.987
BT67 6JB,Northern Ireland,1,1027494.07,15.227
WN96 7VS,North West,1,1027054.26,45.679
HU9 3FK,Yorkshire and the Humber,1,1026835.9,53.984
WN60 8PP,North West,1,1026586.43,35.989
LE12 8KN,East Midlands,1,1026331.77,13.842
CM45 6EG,East of England,1,1025901.88,13.841
SE94 2UV,Greater London,1,1025728.36,13.841
BL16 5VU,North West,1,1025436.85,13.841
BN83 1RK,South East,1,1025310.35,16.609
RH66 8VC,South East,1,1023886.17,27.678
IV14 5MG,Scotland,1,1023724.76,55.356
DY65 7KP,West Midlands,1,1023377.83,17.99
PO71 4TZ,South East,1,1022496.18,27.676
EC22 4YG,Greater London,1,1021280.92,27.673
RG10 7EH,South East,1,1021024.02,17.987
IV59 6WX,Scotland,1,1020762.0,17.987
BN49 1EC,South East,1,1020134.37,17.986
BT43 7AG,Northern Ireland,1,1019507.52,33.204
PO47 2BG,South East,1,1019405.57,35.97
AB23 3ER,Scotland,1,1018687.99,17.984
NW89 2ZU,Greater London,1,1018354.56,13.834
LS19 8ZE,Yorkshire and the Humber,1,1018034.03,41.5
LS13 6CH,Yorkshire and the Humber,1,1017175.86,27.665
BT57 3SN,Northern Ireland,1,1017097.83,27.665
SE95 1ZF,Greater London,1,1016605.64,17.982
CV86 1TV,West Midlands,1,1016017.32,16.598
DD92 1KJ,Scotland,1,1015548.71,13.831
LE98 3DG,East Midlands,1,1015454.63,33.194
SE44 2RG,Greater London,1,1015410.56,33.194
BB78 7HH,North West,1,1014865.58,27.661
N90 2TT,Greater London,1,1014728.23,27.66
PL75 1SJ,South West,1,1014625.71,30.426
BN25 1PM,South East,1,1014610.18,33.192
EC2 4GC,Greater London,1,1014194.24,13.83
IP95 5AN,East of England,1,1013262.77,49.783
WV66 5KE,West Midlands,1,1013067.06,17.977
LS15 7PE,Yorkshire and the Humber,1,1012444.77,13.828
WC6 3MV,Greater London,1,1012267.26,16.593
DN96 6RZ,Yorkshire and the Humber,1,1011705.49,27.654
WA68 6DC,North West,1,1011512.33,13.827
NW41 6SX,Greater London,1,1011447.2,49.777
BL14 3ZJ,North West,1,1011228.75,27.653
DL1 5DH,North East,1,1010954.5,17.974
W75 3MB,Greater London,1,1010798.12,16.592
LD8 8JA,Wales,1,1010073.56,33.181
SA68 5CS,Wales,1,1009784.81,13.825
BB5 1VS,North West,1,1009753.24,16.59
WS53 4XF,West Midlands,1,1009073.85,16.589
RH3 3JS,South East,1,1008154.98,16.588
DD74 8CE,Scotland,1,1007934.85,27.647
AB13 8CZ,Scotland,1,1007675.01,16.588
BH41 5KX,South West,1,1007606.2,13.823
LE44 8FG,East Midlands,1,1007534.51,55.292
PR39 4ND,North West,1,1007282.97,41.468
RH38 2TZ,South East,1,1006873.52,16.587
LN50 7MD,East Midlands,1,1006665.21,13.822
E30 5NN,Greater London,1,1006499.86,17.969
DD88 3CP,Scotland,1,1006304.8,27.644
SO79 1FM,South East,1,1006104.02,66.344
DL84 3UW,North East,1,1005944.13,16.586
M41 3VW,North West,1,1005535.68,17.967
G11 3YM,Scotland,1,1005450.57,13.821
DN48 8RT,Yorkshire and the Humber,1,1005097.8,16.585
G67 2GJ,Scotland,1,1005027.69,35.933
TS31 7WM,North East,1,1004938.77,16.585
CV9 6AY,West Midlands,1,1004785.57,41.461
BS72 2TU,South West,1,1004735.47,41.461
RG78 4SN,South East,1,1004632.84,33.168
RH66 3UX,South East,1,1004483.01,16.584
WV44 2UH,West Midlands,1,1004044.77,16.583
CO14 6AJ,East of England,1,1003383.6,49.748
B59 8CG,West Midlands,1,1003326.8,45.602
N49 2FE,Greater London,1,1002774.61,41.455
GU85 5CY,South East,1,1001513.07,17.962
BB46 8JD,North West,1,1001439.53,27.634
NW40 7HU,Greater London,1,1000718.95,13.816
SA27 6ME,Wales,1,1000595.09,13.816
NR36 3UU,East of England,1,1000557.36,41.448
LS41 2NT,Yorkshire and the Humber,1,1000086.88,13.816
SE18 4BA,Greater London,1,999994.25,33.157
CF46 2XR,Wales,1,999882.64,15.197
IV57 8UV,Scotland,1,999221.84,33.155
HU36 6WC,Yorkshire and the Humber,1,998954.97,49.732
PR5 3UD,North West,1,998698.53,53.875
WV94 4VY,West Midlands,1,998692.76,13.814
PA41 1UB,Scotland,1,998187.48,35.916
PO23 5AP,South East,1,997859.69,55.253
BT30 3SW,Northern Ireland,1,997782.7,35.915
WA26 2EM,North West,1,997719.76,16.576
CV11 2YU,West Midlands,1,997349.92,35.913
SW59 7AV,Greater London,1,997262.16,17.957
HU45 6VY,Yorkshire and the Humber,1,997150.48,27.625
LN40 8VB,East Midlands,1,996667.12,33.149
M97 3KG,North West,1,996360.3,16.574
B73 3GY,West Midlands,1,995947.14,16.574
CV52 8FT,West Midlands,1,995713.57,16.573
RH55 8VU,South East,1,994822.25,16.572
CM57 2TC,East of England,1,994820.04,13.81
E18 8YH,Greater London,1,994308.99,27.62
DN37 2JE,Yorkshire and the Humber,1,994029.82,16.571
IP19 1DJ,East of England,1,993907.15,33.143
PA77 3VK,Scotland,1,992129.58,27.615
GU54 2SR,South East,1,992099.28,55.23
IV50 4MK,Scotland,1,991969.98,13.807
CF32 8ZG,Wales,1,991843.28,16.569
GL32 4YW,South West,1,991838.8,41.422
SE36 8SX,Greater London,1,991678.35,16.569
E90 4EC,Greater London,1,991599.46,27.614
PR89 5GS,North West,1,990647.19,17.948
CO41 2DW,East of England,1,990262.21,41.417
BH9 6BA,South West,1,990128.4,41.417
LS51 1XV,Yorkshire and the Humber,1,988750.77,27.608
PO11 1FX,South East,1,987923.58,41.41
NR10 3GA,East of England,1,987918.33,17.944
SW22 7AP,Greater London,1,987539.31,13.803
PA38 8EB,Scotland,1,986819.84,41.407
DY80 2MX,West Midlands,1,986029.09,35.884
NW4 6EF,Greater London,1,985921.52,13.801
DH36 4EV,North East,1,985027.35,13.8
GU32 5ZH,South East,1,984787.8,27.6
LN76 2TT,East Midlands,1,983609.33,15.179
DY71 6PS,West Midlands,1,983529.57,41.397
CF95 3JW,Wales,1,983340.78,41.396
WC58 5FB,Greater London,1,983029.01,16.558
OX33 5DH,South East,1,982096.81,33.114
RG13 6SF,South East,1,981970.38,13.797
W23 2HX,Greater London,1,981674.68,41.391
BN35 6SA,South East,1,981490.29,27.594
AB60 6ZJ,Scotland,1,981068.08,16.556
PO43 2ED,South East,1,981002.61,41.389
S64 7GE,Yorkshire and the Humber,1,980503.74,49.665
PO44 6PZ,South East,1,979717.47,33.108
WS28 7EX,West Midlands,1,979589.99,41.385
SE44 3RP,Greater London,1,978889.32,27.588
W6 5WN,Greater London,1,978268.42,41.381
N38 5YU,Greater London,1,978221.02,41.38
L75 7BS,North West,1,977284.4,55.17
RH86 5SB,South East,1,976778.63,13.792
LD23 4XG,Wales,1,976684.79,17.929
PO93 3WX,South East,1,976187.44,15.171
WC1 2HW,Greater London,1,975300.04,33.097
W22 6AR,Greater London,1,975121.64,33.097
BD36 3HB,Yorkshire and the Humber,1,974987.9,17.927
PA19 4GS,Scotland,1,973195.84,13.788
SE90 7CF,Greater London,1,972809.76,13.788
BN15 8CT,South East,1,972804.9,33.091
DY78 2VV,West Midlands,1,972684.61,33.091
BD4 8WN,Yorkshire and the Humber,1,972612.1,16.545
EX92 4YZ,South West,1,972451.57,17.924
NR75 8YC,East of England,1,972082.54,16.545
AL1 5AW,East of England,1,970696.8,41.357
RG70 3JK,South East,1,970439.65,33.085
DD61 2JT,Scotland,1,970411.84,27.571
AL6 1JA,East of England,1,970389.24,27.571
BL47 3AC,North West,1,970291.9,35.842
WC22 7JH,Greater London,1,970134.37,13.785
BL71 5DX,North West,1,969813.88,16.542
WV85 2YH,West Midlands,1,968275.53,13.783
BN78 5MH,South East,1,968127.83,27.566
EH55 4JP,Scotland,1,967976.47,49.619
LU46 1KT,East of England,1,967841.55,13.783
NR52 8ME,East of England,1,967470.39,16.539
WN45 8MF,North West,1,967322.49,41.347
WV17 1DJ,West Midlands,1,965904.92,13.781
NR36 4RM,East of England,1,965639.32,27.561
LU93 4NW,East of England,1,965065.24,33.072
BB21 7AK,North West,1,964761.56,27.559
NN2 4NA,East Midlands,1,963875.51,41.336
SO27 8AG,South East,1,963515.28,41.335
RG56 5SK,South East,1,963445.55,41.335
LD94 4MS,Wales,1,963268.92,66.135
CH76 7VN,North West,1,962617.08,33.066
CV93 4TW,West Midlands,1,962182.95,27.554
NG97 4GY,East Midlands,1,962071.28,27.554
NG9 1KC,East Midlands,1,961621.57,27.553
YO55 8MB,Yorkshire and the Humber,1,961518.73,17.909
WS10 1AN,West Midlands,1,961275.57,35.818
BH14 1KG,South West,1,960623.97,15.153
WA77 1RY,North West,1,960460.13,30.305
IV14 2ES,Scotland,1,960304.51,27.55
M94 7DA,North West,1,960167.4,27.55
NN26 1GW,East Midlands,1,960089.82,13.775
SE33 8TF,Greater London,1,959300.6,41.322
DN72 1EA,Yorkshire and the Humber,1,959120.67,53.718
DD10 6FN,Scotland,1,958797.9,13.773
NW66 4FY,Greater London,1,957909.84,49.581
EH78 4ST,Scotland,1,957716.45,49.58
OX90 3PD,South East,1,957074.53,16.526
GL60 6BA,South West,1,957057.9,27.543
PR14 8TF,North West,1,956670.76,35.805
CF83 8RV,Wales,1,955975.69,27.541
N71 4UR,Greater London,1,955682.91,27.54
E51 7VC,Greater London,1,955503.38,13.77
WC15 2TG,Greater London,1,955485.72,33.048
N57 7KW,Greater London,1,955111.77,27.539
WV35 6YT,West Midlands,1,954767.94,16.523
DY1 8WR,West Midlands,1,954670.39,33.046
BL70 6RY,North West,1,954656.77,30.292
LL94 6MX,Wales,1,954498.71,35.799
WS66 5HY,West Midlands,1,953957.89,41.305
PO11 5ZW,South East,1,953320.65,45.433
GL87 3TY,South West,1,953036.0,27.535
SO55 1VF,South East,1,952839.58,49.562
BT90 5PJ,Northern Ireland,1,952837.31,49.562
W11 8MK,Greater London,1,952260.85,16.52
BT26 2CA,Northern Ireland,1,952104.11,13.766
RH66 4FK,South East,1,951631.59,55.064
BS93 5WW,South West,1,951576.49,13.766
N76 3CE,Greater London,1,951492.64,13.766
CB4 3YK,East of England,1,951310.7,13.766
G1 1CX,Scotland,1,951023.4,13.765
W97 7HP,Greater London,1,950797.99,13.765
G87 5CD,Scotland,1,950618.23,33.036
IP29 1VR,East of England,1,950262.96,27.529
HG7 2WU,Yorkshire and the Humber,1,950043.22,27.529
WC90 8WV,Greater London,1,949707.96,16.517
WN82 3RK,North West,1,949477.67,13.764
CH70 2YK,North West,1,949086.53,41.29
BT53 1RU,Northern Ireland,1,948356.72,30.277
B42 4XS,West Midlands,1,946527.74,33.025
GL74 7JG,South West,1,946059.53,13.76
WV94 8AH,West Midlands,1,945951.48,17.888
EX32 7VH,South West,1,945773.25,27.52
DH56 4VP,North East,1,944845.97,17.886
CF40 4RN,Wales,1,944434.01,16.51
LD12 7ZJ,Wales,1,944071.59,33.019
GU34 1CW,South East,1,943806.05,13.758
E93 6AK,Greater London,1,942996.68,55.027
E94 3RY,Greater London,1,942304.21,16.507
L54 1WR,North West,1,942176.91,16.507
EC5 6UB,Greater London,1,941792.99,27.511
ST12 2YZ,West Midlands,1,941734.37,17.882
EX94 4TK,South West,1,941587.7,27.511
PR62 4TX,North West,1,941507.35,41.266
WC67 5ET,Greater London,1,941219.3,27.51
W2 3NT,Greater London,1,940149.31,17.88
RG76 6HZ,South East,1,940144.89,27.508
S22 4AK,Yorkshire and the Humber,1,939695.39,13.753
NW62 5EP,Greater London,1,939311.43,17.879
AB30 5EU,Scotland,1,939195.26,16.503
WV20 3TD,West Midlands,1,938841.75,27.505
E96 6NH,Greater London,1,938641.61,33.005
PL44 2KG,South West,1,938616.95,35.756
LD59 1GZ,Wales,1,938328.5,13.752
WV44 2RR,West Midlands,1,938115.88,13.752
DD60 3XA,Scotland,1,937977.27,13.751
EX91 6FX,South West,1,937930.82,33.003
BT19 4MX,Northern Ireland,1,937412.43,53.628
BN27 8BC,South East,1,937095.93,13.751
GU28 5UT,South East,1,936769.75,35.751
CH87 7SN,North West,1,936579.37,41.25
DH76 2TU,North East,1,935897.51,27.499
BT21 3UH,Northern Ireland,1,935613.79,41.247
RG1 6SE,South East,1,935605.95,32.997
BN63 3XW,South East,1,935401.56,41.246
WC9 8DU,Greater London,1,935214.9,49.495
E37 1SX,Greater London,1,934956.2,27.497
CO36 6PM,East of England,1,933758.88,13.747
HD98 7UU,Yorkshire and the Humber,1,933238.57,17.87
EH78 4NJ,Scotland,1,932337.48,13.745
WC97 3HG,Greater London,1,931740.5,16.494
BA45 2NG,South West,1,931579.06,54.979
SY78 4BT,Wales,1,931193.61,13.744
DL43 6FM,North East,1,931100.28,61.849
SA64 2DC,Wales,1,930924.94,71.468
CH91 8KX,North West,1,930723.59,17.867
E94 5GG,Greater London,1,928677.13,27.483
SR64 5US,North East,1,928579.94,17.864
IP96 4PG,East of England,1,928303.78,27.482
BA66 4WF,South West,1,928301.3,61.835
BT34 4EN,Northern Ireland,1,928105.78,13.741
BL65 2BN,North West,1,927257.75,54.96
EC60 1HK,Greater London,1,926326.32,32.974
YO88 1KN,Yorkshire and the Humber,1,925080.54,35.718
CV81 8BJ,West Midlands,1,925050.95,32.97
BN46 2ZN,South East,1,925025.09,13.738
LL82 3GJ,Wales,1,924970.43,41.213
PL36 6KV,South West,1,923798.04,27.472
LE18 4GC,East Midlands,1,922339.38,13.735
EC36 4BT,Greater London,1,922136.24,54.938
TR57 7AD,South West,1,922110.08,16.481
IV74 1ZU,Scotland,1,921471.41,27.467
EC48 2FR,Greater London,1,921228.82,27.467
BD42 7SR,Yorkshire and the Humber,1,921052.64,13.733
LU97 5VW,East of England,1,920941.38,35.706
ST57 6RK,West Midlands,1,920598.77,16.479
WV11 1DH,West Midlands,1,920287.79,27.465
N33 2KS,Greater London,1,919599.68,13.732
LS53 7DK,Yorkshire and the Humber,1,919036.06,13.731
OX21 8VG,South East,1,918585.43,32.953
NW88 2ZZ,Greater London,1,918584.49,13.731
N23 6PG,Greater London,1,918486.22,32.953
EC59 2CK,Greater London,1,918349.96,30.207
WC38 6VA,Greater London,1,918271.13,16.476
CM52 6XD,East of England,1,918085.65,27.46
SY7 5HJ,Wales,1,916952.25,13.729
LL97 7DG,Wales,1,916359.4,41.184
TR98 2CH,South West,1,916143.86,13.728
PO93 8HE,South East,1,915685.16,13.727
CV59 5SH,West Midlands,1,914849.29,13.727
NN40 6UR,East Midlands,1,914612.65,13.726
E76 2ED,Greater London,1,913605.94,32.94
LU34 2DW,East of England,1,913025.81,35.684
LE69 5TV,East Midlands,1,912925.44,16.469
OX52 3SR,South East,1,912380.56,13.724
ST98 1YD,West Midlands,1,911736.71,16.468
NG82 2BN,East Midlands,1,911691.35,16.468
RG29 8CF,South East,1,911589.0,13.723
L71 4EW,North West,1,911318.12,49.402
RG19 8MP,South East,1,911182.82,65.868
WV51 4AX,West Midlands,1,910993.9,13.722
W13 8CR,Greater London,1,910521.6,13.722
IV1 6KH,Scotland,1,910502.44,13.722
SR60 7CK,North East,1,910212.67,27.443
HG91 8RH,Yorkshire and the Humber,1,909326.48,13.72
HU3 7KJ,Yorkshire and the Humber,1,909276.21,32.929
BT47 6CY,Northern Ireland,1,909101.73,15.092
N89 3EE,Greater London,1,908744.16,17.836
CB41 4RU,East of England,1,908491.03,32.927
GU40 4EN,South East,1,907758.47,27.437
M59 1AV,North West,1,907726.94,30.181
GU91 5PE,South East,1,907586.53,13.719
SW60 2BB,Greater London,1,906944.66,13.718
NN6 8GH,East Midlands,1,906480.99,13.717
LS74 6SK,Yorkshire and the Humber,1,906451.29,16.461
N76 8AM,Greater London,1,906389.02,13.717
RH94 5TJ,South East,1,905255.84,27.432
IV58 4AC,Scotland,1,905021.67,35.661
HG67 5VH,Yorkshire and the Humber,1,904960.7,27.431
NR33 4PE,East of England,1,904699.94,27.431
BD32 7XV,Yorkshire and the Humber,1,904692.63,13.715
SR53 5EV,North East,1,903523.36,13.714
SA83 5UY,Wales,1,903355.66,27.428
E58 7YU,Greater London,1,902817.18,16.456
RH94 6RB,South East,1,902367.86,16.455
BT75 1DM,Northern Ireland,1,901929.33,65.819
PL33 6TJ,South West,1,901866.55,35.652
PL8 1EY,South West,1,901463.92,27.424
HU6 2DV,Yorkshire and the Humber,1,901307.99,17.825
AL71 6VJ,East of England,1,900733.28,53.473
PO12 1HR,South East,1,900401.29,13.711
EC64 4UP,Greater London,1,900358.54,13.711
S95 4MZ,Yorkshire and the Humber,1,900162.55,53.47
NN37 1BT,East Midlands,1,899916.1,17.823
L82 5VS,North West,1,899255.76,16.451
G36 7JV,Scotland,1,898975.86,16.451
W87 3DC,Greater London,1,898058.4,13.708
WN3 7RE,North West,1,897502.1,13.707
AB97 6HE,Scotland,1,896996.03,13.707
DH57 8RY,North East,1,896751.15,16.448
OX98 4KY,South East,1,896292.63,54.824
HG7 3UT,Yorkshire and the Humber,1,895569.62,17.817
LE94 2GK,East Midlands,1,895234.28,17.816
WN41 7HG,North West,1,894855.52,17.816
HG53 6AA,Yorkshire and the Humber,1,894818.79,13.704
ST65 2XZ,West Midlands,1,894783.27,27.409
DN33 5TN,Yorkshire and the Humber,1,894629.65,54.817
DH78 2TW,North East,1,894047.73,41.111
W29 6FC,Greater London,1,894012.23,41.11
PA90 3HZ,Scotland,1,893916.06,13.703
PR94 1UG,North West,1,893751.33,15.074
LD33 4KA,Wales,1,893636.19,27.406
B86 1NC,West Midlands,1,893632.87,16.444
YO82 6NK,Yorkshire and the Humber,1,893579.21,17.814
WS85 5GV,West Midlands,1,893473.91,27.406
M90 6TG,North West,1,893464.04,13.703
RG34 2FH,South East,1,892926.6,32.885
BA89 6YA,South West,1,892758.61,27.404
BB27 4DY,North West,1,892301.21,13.702
WC29 8ZM,Greater London,1,892049.06,17.812
CH52 4FC,North West,1,891035.44,27.4
NN71 6NR,East Midlands,1,889902.29,41.097
B5 6EK,West Midlands,1,888589.82,27.395
SW20 2WA,Greater London,1,888332.78,32.873
PO26 6KG,South East,1,888208.14,13.697
ST97 8TJ,West Midlands,1,888005.14,13.697
B50 2DG,West Midlands,1,888001.08,13.697
SW49 8AP,Greater London,1,887990.69,41.09
CV83 1PF,West Midlands,1,887627.34,13.696
PO60 7BY,South East,1,886591.66,16.434
PO89 2FZ,South East,1,886404.03,32.868
HG50 4BP,Yorkshire and the Humber,1,886034.56,13.695
LS69 7GT,Yorkshire and the Humber,1,885382.16,27.388
NW36 7KR,Greater London,1,885323.81,41.081
BT9 7BH,Northern Ireland,1,885240.47,32.865
NW25 8YP,Greater London,1,884645.41,13.693
SW92 5XV,Greater London,1,884588.99,32.863
BS46 4VE,South West,1,884542.42,53.402
WC81 2RA,Greater London,1,884235.34,27.385
E29 8YS,Greater London,1,884039.37,27.385
IP73 4PK,East of England,1,883691.02,17.799
BB51 2GX,North West,1,883550.46,71.197
PO8 1HC,South East,1,883410.08,27.383
GU15 8RJ,South East,1,883012.28,13.691
DD75 7FY,Scotland,1,882904.07,30.12
BN67 3AT,South East,1,882664.42,13.691
BS57 1YU,South West,1,882382.11,32.857
SW83 7RM,Greater London,1,881573.72,16.427
GU87 4MK,South East,1,881130.45,13.689
WN50 5UG,North West,1,880926.29,13.689
EH55 5PN,Scotland,1,880541.92,71.179
RH30 6SN,South East,1,879686.56,16.425
BL71 8ZE,North West,1,879547.4,27.374
N67 8VP,Greater London,1,879487.43,32.849
WA52 2HT,North West,1,879030.33,13.687
B86 7GX,West Midlands,1,878771.58,30.11
BL96 7YN,North West,1,878616.54,13.686
WC10 4TK,Greater London,1,878594.93,17.792
N63 3TT,Greater London,1,877783.39,35.581
BT65 8HD,Northern Ireland,1,877762.47,13.685
EH80 1UG,Scotland,1,877489.96,27.37
YO47 8GP,Yorkshire and the Humber,1,877418.16,27.369
BB26 2HN,North West,1,876967.09,17.789
LN27 2NZ,East Midlands,1,876901.33,35.579
WN6 4JD,North West,1,876530.32,13.684
NW66 8UZ,Greater London,1,876237.06,35.577
M67 8HW,North West,1,876136.59,13.683
DY91 2BF,West Midlands,1,875851.24,13.683
WC50 2GU,Greater London,1,874959.83,27.364
CV2 2VB,West Midlands,1,874725.45,13.682
E98 7CR,Greater London,1,874616.0,27.363
RG46 6PN,South East,1,874565.65,27.363
W55 2GS,Greater London,1,874311.6,49.252
BL3 8UH,North West,1,873741.86,54.722
SA43 3ZD,Wales,1,873635.3,16.417
ST18 7MW,West Midlands,1,872706.34,16.415
IV39 7RT,Scotland,1,872205.21,17.782
L43 7PT,North West,1,871879.13,13.678
W56 7EZ,Greater London,1,870584.76,49.237
GL45 1WP,South West,1,869879.4,54.704
AB67 1BT,Scotland,1,869279.56,13.675
BD17 6ZJ,Yorkshire and the Humber,1,868888.93,49.23
BN83 4GS,South East,1,868595.31,27.349
DY21 3ND,West Midlands,1,868562.7,41.024
EC82 5YJ,Greater London,1,868223.26,13.674
B79 2HA,West Midlands,1,868219.06,13.674
LS35 7KZ,Yorkshire and the Humber,1,868151.03,32.818
HG10 5HX,Yorkshire and the Humber,1,867499.81,27.347
BT18 3WM,Northern Ireland,1,867265.67,13.673
DN91 1AU,Yorkshire and the Humber,1,867193.52,27.346
IV80 7FM,Scotland,1,866952.8,54.691
M95 5VU,North West,1,866623.99,13.672
BL56 8TW,North West,1,866464.52,27.344
WN53 8BE,North West,1,866433.42,16.407
BD61 5EM,Yorkshire and the Humber,1,865494.25,53.317
BA94 7SA,South West,1,864979.99,41.011
SA62 3AX,Wales,1,864902.02,27.341
HG10 1GW,Yorkshire and the Humber,1,864770.49,27.34
WC90 4ZN,Greater London,1,864536.61,27.34
NW35 1RE,Greater London,1,864529.77,32.808
LS85 2SW,Yorkshire and the Humber,1,864427.69,32.808
EC43 2RE,Greater London,1,864187.13,49.21
RG51 2BG,South East,1,863991.55,41.008
SE97 1TE,Greater London,1,863921.74,41.008
GU61 8BC,South East,1,863748.32,32.806
HU3 8YJ,Yorkshire and the Humber,1,863640.48,13.669
SA3 4MK,Wales,1,863422.22,54.675
WN15 4EN,North West,1,863204.75,35.538
BA75 4YM,South West,1,863148.64,35.538
N31 4NM,Greater London,1,862769.83,27.336
NE94 5JB,North East,1,862706.39,13.668
DN63 6EP,Yorkshire and the Humber,1,862625.65,13.668
IV20 1US,Scotland,1,862362.8,41.002
DY67 4AR,West Midlands,1,862331.16,16.401
IP6 6AC,East of England,1,861565.96,35.533
BN28 1ZZ,South East,1,861423.24,13.666
PO80 3VJ,South East,1,861367.61,13.666
SY10 2HC,Wales,1,861348.35,13.666
PR80 2HF,North West,1,861235.38,27.332
SE73 5JX,Greater London,1,861105.94,53.297
BN59 1VU,South East,1,861041.46,17.766
EH53 4DB,Scotland,1,860906.97,16.399
LD23 6BY,Wales,1,860746.32,16.399
SW5 4VA,Greater London,1,860118.02,27.33
WA16 8XB,North West,1,860084.22,40.994
CO40 4DG,East of England,1,859751.44,13.664
HU54 1ER,Yorkshire and the Humber,1,859473.54,54.656
GU38 1SH,South East,1,859217.23,53.289
DY97 1HM,West Midlands,1,858946.4,17.763
DY94 2WZ,West Midlands,1,858758.18,32.792
PR41 7MG,North West,1,858673.22,27.326
SW40 4WY,Greater London,1,857560.55,27.324
PL8 6RZ,South West,1,857525.88,40.985
LD27 5VJ,Wales,1,857516.59,27.324
CB73 2GJ,East of England,1,857332.11,30.055
NP57 4NX,Wales,1,857262.87,16.394
BB23 1FK,North West,1,857130.05,16.394
WA95 6KP,North West,1,857066.06,13.661
EX31 8YR,South West,1,857052.65,17.76
WC76 6DH,Greater London,1,856626.19,40.982
BD37 7CT,Yorkshire and the Humber,1,856591.79,40.982
GU69 8DK,South East,1,856252.4,40.981
HU21 7NH,Yorkshire and the Humber,1,856227.78,13.66
N46 3ZM,Greater London,1,856005.52,13.66
CB58 3YX,East of England,1,855957.83,13.66
BL93 1SF,North West,1,855655.37,27.319
EH33 2UV,Scotland,1,855438.21,13.659
PR37 7SM,North West,1,855413.46,13.659
WV6 7XX,West Midlands,1,854945.85,16.391
PR35 5FR,North West,1,854868.98,32.781
CM45 7MR,East of England,1,854712.14,16.39
HU5 5EF,Yorkshire and the Humber,1,854430.09,27.316
DY62 1RD,West Midlands,1,853969.89,13.658
SO78 6VJ,South East,1,853644.31,13.657
PA95 6VX,Scotland,1,853333.77,27.314
GU29 8CW,South East,1,853274.47,13.657
S25 1GV,Yorkshire and the Humber,1,853266.69,27.314
BS67 2RC,South West,1,853000.8,16.388
EC6 3SK,Greater London,1,852987.64,27.313
HG74 8HU,Yorkshire and the Humber,1,852648.01,13.656
LD95 6CS,Wales,1,852533.83,13.656
IP22 5HR,East of England,1,852465.09,16.387
PR30 4MB,North West,1,852416.04,17.753
W6 6FD,Greater London,1,852340.83,40.967
EH50 1ER,Scotland,1,852202.15,16.387
NN20 5VB,East Midlands,1,851761.67,16.386
W39 8CC,Greater London,1,851114.57,54.617
NR74 4RR,East of England,1,850986.26,40.962
G85 2XA,Scotland,1,850586.98,13.654
LD55 5GJ,Wales,1,850505.65,17.75
SO83 8GF,South East,1,850439.83,17.75
E10 2XE,Greater London,1,850278.78,32.768
BL9 1VS,North West,1,849666.81,17.748
YO8 4HP,Yorkshire and the Humber,1,849643.41,49.149
WS32 6GR,West Midlands,1,848958.66,13.652
BD93 5HB,Yorkshire and the Humber,1,848797.86,27.303
PO26 6EA,South East,1,848681.06,13.651
BN10 2TC,South East,1,848144.29,27.302
NG66 3SE,East Midlands,1,847898.31,13.651
E53 6XB,Greater London,1,847568.19,27.3
E38 7HY,Greater London,1,847029.51,13.649
DD27 1TJ,Scotland,1,846985.77,13.649
CM67 6PU,East of England,1,846591.53,27.298
RG23 6HG,South East,1,846119.01,13.648
SA83 3CE,Wales,1,846052.28,13.648
RG19 3SU,South East,1,845587.03,13.648
DY11 7NF,West Midlands,1,845572.92,40.943
DE35 5MB,East Midlands,1,844646.52,13.647
WV3 7AD,West Midlands,1,844481.35,54.586
WS69 8VR,West Midlands,1,844212.78,40.938
E91 1MH,Greater London,1,844168.45,27.292
N50 2XF,Greater London,1,844088.93,16.375
CB74 1RZ,East of England,1,843963.46,32.75
N43 8DS,Greater London,1,843883.16,27.292
SW98 2ST,Greater London,1,843677.07,40.937
CF97 8AD,Wales,1,843621.92,27.291
E83 8AR,Greater London,1,843351.72,13.645
G47 1KT,Scotland,1,843291.74,65.496
SW18 2JN,Greater London,1,843263.93,13.645
DN89 5TK,Yorkshire and the Humber,1,842036.83,27.287
DE14 6CR,East Midlands,1,841822.2,16.372
BT16 5CG,Northern Ireland,1,841374.56,13.643
PO65 1CR,South East,1,841370.04,40.928
CM2 6AA,East of England,1,841212.73,32.742
E50 2ZJ,Greater London,1,840714.2,27.284
TS74 5UH,North East,1,840497.67,13.642
BT66 7WK,Northern Ireland,1,840105.19,40.924
BB19 3AA,North West,1,840102.14,13.641
DL11 5JY,North East,1,839963.58,27.282
IV9 6YT,Scotland,1,839567.89,16.369
CH33 7HZ,North West,1,839513.37,13.641
OX88 5HF,South East,1,839477.98,13.641
SE86 8MX,Greater London,1,839301.57,54.561
CB35 4XE,East of England,1,839195.84,49.105
S11 6BD,Yorkshire and the Humber,1,838599.9,35.463
W72 1AP,Greater London,1,838594.24,16.367
NW69 5WV,Greater London,1,838371.13,13.639
LU8 3ZW,East of England,1,838274.59,27.278
G3 2EV,Scotland,1,838090.43,40.917
EX89 4ED,South West,1,838071.6,27.278
RG26 6PW,South East,1,837747.18,27.277
IV41 6SF,Scotland,1,837650.57,53.19
NW37 4VM,Greater London,1,837623.66,13.638
WN69 8SJ,North West,1,836569.81,15.001
LU46 1TF,East of England,1,836491.97,27.274
DY11 5DH,West Midlands,1,836226.51,13.637
RH49 5BP,South East,1,836143.99,13.637
PR82 5XD,North West,1,835982.7,49.091
HG2 8ZB,Yorkshire and the Humber,1,835791.15,13.636
PA32 1GA,Scotland,1,835350.57,13.636
IP73 3ZZ,East of England,1,835242.46,49.088
CV55 5ZR,West Midlands,1,835148.73,27.271
ST23 6FV,West Midlands,1,834633.43,13.635
HD34 7UG,Yorkshire and the Humber,1,834517.76,32.723
OX17 4XR,South East,1,833864.72,13.634
PO63 8NR,South East,1,833510.19,13.633
E91 6MN,Greater London,1,833398.36,27.267
E92 3GF,Greater London,1,833329.99,49.079
DD96 7EH,Scotland,1,833204.29,13.633
HU31 2MU,Yorkshire and the Humber,1,833053.2,32.719
BH23 6TT,South West,1,832693.7,32.718
N97 8FJ,Greater London,1,832043.41,27.263
G53 5KX,Scotland,1,831654.54,27.262
HG33 2JR,Yorkshire and the Humber,1,831435.63,40.893
NG14 5FB,East Midlands,1,831270.33,32.714
RG75 5DZ,South East,1,831064.56,27.261
NW55 3PH,Greater London,1,830967.68,27.261
GL81 2VB,South West,1,830893.04,13.63
L34 7WH,North West,1,830856.7,35.439
YO82 4XJ,Yorkshire and the Humber,1,830677.94,49.068
DE66 8PH,East Midlands,1,830332.0,40.889
LD70 5SG,Wales,1,830266.17,27.259
OX75 7DV,South East,1,829571.05,65.418
LD21 8MX,Wales,1,829419.28,32.708
N84 6HK,Greater London,1,828681.88,35.432
LN93 3SS,East Midlands,1,828629.72,27.255
CM1 8PN,East of England,1,827619.41,27.253
SE62 3AB,Greater London,1,827149.96,54.503
N7 2DJ,Greater London,1,826681.27,13.625
OX51 6EB,South East,1,826592.81,27.25
DL46 3WV,North East,1,826118.25,27.249
SO51 4RG,South East,1,825694.24,13.624
EH78 1MM,Scotland,1,825446.84,13.624
BL80 3MN,North West,1,824885.56,49.043
RG53 8CY,South East,1,824675.9,16.347
CB60 1KW,East of England,1,824362.14,13.622
DH41 1BZ,North East,1,824282.68,13.622
GU47 1ZG,South East,1,824176.06,16.347
N80 5MZ,Greater London,1,824080.86,27.244
PR43 1JD,North West,1,824029.44,16.346
WV75 7MS,West Midlands,1,823975.32,13.622
CH53 6YG,North West,1,823850.88,27.243
LU28 7HR,East of England,1,823637.23,49.037
ST81 8VU,West Midlands,1,822900.18,13.621
LN94 3PV,East Midlands,1,822528.18,27.24
AB67 5MR,Scotland,1,822288.8,27.24
TS30 8UJ,North East,1,822091.16,40.859
L94 3RJ,North West,1,822077.76,27.239
OX78 2RA,South East,1,821729.45,13.619
BB60 3MW,North West,1,821669.58,13.619
CO69 8XS,East of England,1,821651.84,54.476
SA54 1NP,Wales,1,821597.47,27.238
B6 6WG,West Midlands,1,821595.64,16.343
WA75 8AC,North West,1,821395.9,13.619
DD51 6CT,Scotland,1,821368.94,27.237
SE98 7CC,Greater London,1,821351.88,49.027
RG69 8XG,South East,1,821250.39,13.619
PA72 2SK,Scotland,1,821222.66,32.685
OX97 5HF,South East,1,821021.25,40.855
E58 2BE,Greater London,1,820943.17,40.855
PO23 7UE,South East,1,820936.78,59.92
OX11 4UP,South East,1,820761.56,27.236
CV63 5NG,West Midlands,1,820607.58,13.618
GU71 8XH,South East,1,820248.42,65.363
NW29 4KT,Greater London,1,820226.81,27.235
CM82 5GR,East of England,1,819947.69,27.234
IP11 7ZP,East of England,1,819694.88,13.617
NN42 5WU,East Midlands,1,819610.74,27.233
SY9 2XN,Wales,1,819348.8,32.679
PA98 7ZV,Scotland,1,819280.71,13.616
CM57 3TX,East of England,1,819263.19,13.616
W79 2PP,Greater London,1,818740.6,49.016
NP39 5VH,Wales,1,818737.4,35.4
SE54 4VU,Greater London,1,818321.1,32.676
SE15 4CU,Greater London,1,818105.16,40.844
NW54 4JG,Greater London,1,817051.22,54.454
BD94 1HJ,Yorkshire and the Humber,1,816743.2,40.839
BB23 5UG,North West,1,816210.68,54.45
PR59 3NR,North West,1,815875.68,27.224
E32 7WD,Greater London,1,815571.13,35.39
BB27 8WK,North West,1,815501.14,44.918
BT12 7YZ,Northern Ireland,1,815496.86,13.612
SW10 4DW,Greater London,1,815034.3,65.333
AB89 2CZ,Scotland,1,814929.04,32.666
GU94 1FA,South East,1,814859.59,40.832
SW46 1EM,Greater London,1,814673.07,40.832
W87 1ZY,Greater London,1,814315.52,40.83
L49 2MB,North West,1,813754.94,17.692
HG7 6CV,Yorkshire and the Humber,1,813466.3,27.218
BT95 5ZG,Northern Ireland,1,813282.09,35.383
E55 4ER,Greater London,1,812611.5,27.216
IP38 3YV,East of England,1,812523.08,16.329
M3 3GU,North West,1,811548.89,27.213
LS71 1YB,Yorkshire and the Humber,1,811474.44,16.328
CV5 7UE,West Midlands,1,811451.58,35.377
CH18 7EH,North West,1,811393.56,13.607
IV24 8UB,Scotland,1,811379.16,40.819
CH97 1JY,North West,1,810886.54,13.606
E10 8SP,Greater London,1,810684.12,40.817
WS85 4WV,West Midlands,1,810567.0,27.211
GU73 5DN,South East,1,810541.62,40.816
DN86 2DM,Yorkshire and the Humber,1,809728.62,27.209
WS68 7YS,West Midlands,1,809542.27,13.604
SW96 5AR,Greater London,1,809448.11,27.208
NN41 3NX,East Midlands,1,808971.51,13.604
ST83 5WG,West Midlands,1,808919.97,13.603
CF69 6UE,Wales,1,808459.58,16.323
BA56 7JA,South West,1,808216.82,13.603
SW38 3XV,Greater London,1,807801.16,13.602
NW13 7MK,Greater London,1,807318.8,27.203
PR9 1DS,North West,1,806935.66,29.922
W65 1DW,Greater London,1,806796.07,13.601
WC76 4FE,Greater London,1,806599.17,40.802
HG58 2KZ,Yorkshire and the Humber,1,806584.53,27.201
G40 7HU,Scotland,1,806579.83,70.723
DY94 7CX,West Midlands,1,805905.88,16.32
IP44 4MG,East of England,1,805408.27,54.396
S98 7HN,Yorkshire and the Humber,1,805138.58,16.319
DN96 5ZK,Yorkshire and the Humber,1,804931.37,13.599
N53 8EX,Greater London,1,804835.68,27.197
OX2 3FJ,South East,1,804740.63,27.197
OX80 4SN,South East,1,804669.28,27.196
SE52 8MV,Greater London,1,804662.45,13.598
WS65 5UT,West Midlands,1,804602.39,27.196
SE19 5KF,Greater London,1,804577.36,32.635
DD69 7CS,Scotland,1,804453.66,13.598
W83 4FE,Greater London,1,804184.59,27.195
CH75 2KZ,North West,1,803807.12,17.676
BS93 7TW,South West,1,803537.84,40.79
DN57 8RA,Yorkshire and the Humber,1,803383.65,48.948
BL5 8PZ,North West,1,803217.8,16.316
PA2 2DC,Scotland,1,803137.47,27.193
CV11 6KU,West Midlands,1,802954.13,13.596
NR51 6BW,East of England,1,802876.65,32.63
SE48 8EN,Greater London,1,802836.02,40.788
S98 8PF,Yorkshire and the Humber,1,802626.68,48.944
N40 7JX,Greater London,1,802263.7,48.943
SW84 1YF,Greater London,1,802009.55,17.673
WA44 7MD,North West,1,801600.72,27.189
CB7 3DX,East of England,1,801202.49,27.188
SY29 7JM,Wales,1,801168.33,40.781
CM18 3PG,East of England,1,801113.58,27.188
DN68 1BK,Yorkshire and the Humber,1,801079.1,27.187
AB28 8XJ,Scotland,1,800839.7,27.187
HU98 2VJ,Yorkshire and the Humber,1,800382.11,27.186
TR54 2MU,South West,1,800354.79,13.593
BT10 4YT,Northern Ireland,1,800260.33,53.012
ST2 1ZY,West Midlands,1,799980.4,27.185
PR38 4ZS,North West,1,799937.33,32.621
DY1 8ZT,West Midlands,1,799934.3,13.592
LE88 5SP,East Midlands,1,799349.55,17.669
ST77 1DZ,West Midlands,1,798738.84,17.668
W35 8TX,Greater London,1,798558.77,13.591
NE21 2XK,North East,1,798326.1,13.59
RH38 2MM,South East,1,797916.29,13.59
BH89 8BU,South West,1,797812.08,17.667
ST20 4UB,West Midlands,1,797639.06,17.666
BB29 8SM,North West,1,797160.51,13.589
BL14 2VT,North West,1,797087.93,27.177
BB56 5FW,North West,1,797001.48,29.895
EC46 2SH,Greater London,1,796989.74,13.589
N91 7NG,Greater London,1,796253.81,13.588
GU60 5PC,South East,1,796240.44,27.175
BT33 7ED,Northern Ireland,1,796055.21,27.175
LU46 8UD,East of England,1,795729.26,54.348
DD70 7UH,Scotland,1,795473.43,35.325
SO45 7HN,South East,1,795267.17,27.173
NW55 1SC,Greater London,1,795024.33,70.648
NW59 5XR,Greater London,1,794271.93,27.17
NG39 5RW,East Midlands,1,794269.26,13.585
YO21 7TB,Yorkshire and the Humber,1,793897.75,27.169
GL28 2GH,South West,1,793820.06,16.302
DY44 8VH,West Midlands,1,793689.66,13.584
BN72 3CS,South East,1,793431.29,27.168
SW94 2EE,Greater London,1,793092.61,35.318
E9 4TS,Greater London,1,793021.88,27.167
SE23 5AN,Greater London,1,792165.86,40.748
NR84 5RX,East of England,1,791646.38,13.582
PR4 4CB,North West,1,791067.96,40.743
W47 8TA,Greater London,1,790910.62,13.581
DL36 1DD,North East,1,790883.81,27.162
GU47 3ZF,South East,1,790463.19,44.815
ST16 1VU,West Midlands,1,790252.24,13.58
HU27 3FK,Yorkshire and the Humber,1,789787.47,17.653
BB90 4CN,North West,1,789701.69,40.738
BA33 7CX,South West,1,789156.86,13.579
BL33 7AN,North West,1,788874.07,13.578
LU26 4UG,East of England,1,788275.63,35.302
RG13 2EV,South East,1,788093.61,13.577
EX8 3KB,South West,1,787846.28,16.292
BH73 3YR,South West,1,787559.31,27.153
NR12 6TF,East of England,1,787426.39,13.577
N37 1MD,Greater London,1,787077.47,40.728
DN95 8ZA,Yorkshire and the Humber,1,786993.23,40.728
OX30 7KA,South East,1,786091.84,13.575
WA74 4ZM,North West,1,785848.46,27.149
NP7 2FV,Wales,1,785799.58,54.298
G85 5HK,Scotland,1,785686.55,13.574
SE20 1XN,Greater London,1,785655.05,48.867
M94 4GN,North West,1,785560.83,27.148
SE11 6YH,Greater London,1,785308.66,48.866
BT94 2CP,Northern Ireland,1,784968.67,27.147
WV48 4KE,West Midlands,1,784776.03,13.573
DD26 5ET,Scotland,1,784752.22,13.573
SW15 5TR,Greater London,1,784490.39,27.146
AB23 6YZ,Scotland,1,783917.0,27.144
BS90 5PF,South West,1,783692.83,13.572
HU34 7XH,Yorkshire and the Humber,1,783251.95,27.142
LS96 3KA,Yorkshire and the Humber,1,782367.65,13.57
SA82 3ZB,Wales,1,782235.85,48.852
W69 2UU,Greater London,1,782060.87,27.139
WN23 1JK,North West,1,782054.95,13.57
AB49 7YW,Scotland,1,781923.35,40.709
OX43 8EE,South East,1,781676.62,27.138
CV71 1GZ,West Midlands,1,781408.98,27.138
SE52 7ND,Greater London,1,781121.51,35.278
OX80 4ZX,South East,1,780730.38,32.563
BN49 4RS,South East,1,780701.21,13.568
TR97 6EZ,South West,1,780624.1,13.568
SA54 5CM,Wales,1,780147.06,13.567
BD11 4TE,Yorkshire and the Humber,1,779743.89,32.56
BB71 5HR,North West,1,779515.05,13.566
E61 1RF,Greater London,1,779364.22,13.566
WN61 7KY,North West,1,779325.39,27.132
NW72 8TC,Greater London,1,779038.58,32.558
E7 5DR,Greater London,1,778942.86,27.131
BT5 6VK,Northern Ireland,1,778421.42,40.695
WC72 7AG,Greater London,1,778398.81,40.695
NN77 8PB,East Midlands,1,778352.34,13.565
EH85 2CX,Scotland,1,777940.69,40.693
LD14 6BN,Wales,1,777674.38,13.564
DL8 2WX,North East,1,777534.77,13.564
OX56 1BA,South East,1,777413.17,27.127
YO63 7WD,Yorkshire and the Humber,1,777353.11,35.265
LL46 4GV,Wales,1,777353.0,27.127
GU90 4DA,South East,1,777204.88,13.563
NR45 5ME,East of England,1,777171.14,44.759
DN98 3WZ,Yorkshire and the Humber,1,777011.93,27.126
RG17 3AH,South East,1,776479.33,32.55
SW58 6ED,Greater London,1,776397.5,17.631
TR11 6RB,South West,1,776281.39,40.687
SW54 7YC,Greater London,1,776145.75,16.275
SE93 3YM,Greater London,1,775473.32,13.561
BH93 8GB,South West,1,775209.92,13.561
PA12 5VT,Scotland,1,775154.45,27.122
DH96 4HK,North East,1,774555.16,13.56
CM13 4WK,East of England,1,774482.61,13.56
NP70 3FW,Wales,1,774379.5,27.12
WA24 4BS,North West,1,773900.86,13.559
RH46 5HV,South East,1,773743.77,27.118
E24 8TM,Greater London,1,772500.18,52.874
B72 5SJ,West Midlands,1,772496.82,27.115
DN71 8CE,Yorkshire and the Humber,1,772298.15,27.114
SW25 2CA,Greater London,1,771733.74,16.268
WA47 4SX,North West,1,771479.37,13.556
BH26 1DF,South West,1,771414.99,13.556
W4 8ZZ,Greater London,1,771128.29,14.911
OX92 4BX,South East,1,770997.78,40.666
IP52 3SD,East of England,1,770971.13,27.111
HU53 4CJ,Yorkshire and the Humber,1,770848.42,17.622
NR44 5RU,East of England,1,770670.81,13.555
NR71 5SS,East of England,1,770638.56,13.555
B78 2BR,West Midlands,1,770629.28,16.266
LE12 7PT,East Midlands,1,770563.7,13.555
EX14 1UF,South West,1,770440.59,13.555
NW31 3AF,Greater London,1,770080.25,32.53
BL41 2YF,North West,1,769532.09,13.554
BN82 4NH,South East,1,769482.32,40.66
RG23 7NF,South East,1,769184.65,13.553
BT46 4EZ,Northern Ireland,1,769170.44,27.106
E64 6TF,Greater London,1,769139.39,27.106
NR17 8AE,East of England,1,769001.91,48.79
RG74 6KK,South East,1,768975.7,27.106
LU51 7JH,East of England,1,768857.25,48.79
OX60 1MY,South East,1,768653.97,27.105
HG88 4SE,Yorkshire and the Humber,1,768419.88,27.104
NR42 2JH,East of England,1,768158.02,40.655
SA6 8NK,Wales,1,768073.25,13.552
E68 7GW,Greater London,1,768071.51,27.103
N60 7RP,Greater London,1,767959.43,54.206
IV28 7YZ,Scotland,1,767930.05,13.551
SY30 4KJ,Wales,1,767769.55,35.233
L6 5PZ,North West,1,767104.02,27.101
PR93 5EF,North West,1,767055.61,27.101
LL70 3CT,Wales,1,766933.56,13.55
CM34 2DH,East of England,1,766911.24,13.55
HD22 4BK,Yorkshire and the Humber,1,766892.33,35.23
BH58 8DS,South West,1,766686.11,40.65
LN28 6VJ,East Midlands,1,766605.02,13.55
B93 2WX,West Midlands,1,766273.97,13.549
WV42 6RM,West Midlands,1,766149.59,17.614
LL71 1HZ,Wales,1,766143.64,13.549
CV39 8GY,West Midlands,1,765852.38,13.549
BN41 3ZD,South East,1,765726.38,40.646
IP87 8KY,East of England,1,765331.66,70.45
TR42 1CE,South West,1,765301.82,13.548
NG6 3ZJ,East Midlands,1,765293.72,13.548
BB63 5HA,North West,1,764967.67,13.548
SA72 6NM,Wales,1,764925.91,54.19
G34 5GC,Scotland,1,764410.96,48.769
NW24 7ZW,Greater London,1,764336.31,54.187
PR71 3XG,North West,1,764333.74,40.64
PR14 7AU,North West,1,764215.29,13.547
LS91 4CJ,Yorkshire and the Humber,1,764196.53,35.221
SE96 1EG,Greater London,1,763807.42,40.638
WA67 6MH,North West,1,763703.57,27.092
EC76 6PN,Greater London,1,763548.87,27.091
LU13 4GM,East of England,1,763422.15,13.546
DE75 3KV,East Midlands,1,763223.89,13.545
LE77 6BX,East Midlands,1,762437.14,27.089
SW66 6SU,Greater London,1,762373.9,27.088
HU60 5SV,Yorkshire and the Humber,1,761668.09,13.543
WS84 6RR,West Midlands,1,761637.38,27.086
SW98 3CN,Greater London,1,761247.36,40.628
WA76 2UD,North West,1,760950.23,32.502
G16 3KV,Scotland,1,760598.12,13.542
BH8 1SM,South West,1,760324.88,13.542
DD38 7NU,Scotland,1,759938.68,35.207
M35 5ZN,North West,1,759900.54,16.249
LD70 2UZ,Wales,1,759890.24,27.082
HG27 5XM,Yorkshire and the Humber,1,759754.31,40.622
LL20 3PS,Wales,1,759602.22,13.541
BA8 3WA,South West,1,759445.49,27.081
W87 8YY,Greater London,1,759318.03,13.54
CB51 5SX,East of England,1,759234.64,48.744
RG23 4YH,South East,1,759223.67,27.08
RH27 3ZT,South East,1,759110.51,16.248
E86 5YV,Greater London,1,758820.36,27.079
AL30 2BC,East of England,1,758794.14,13.539
AL9 2TS,East of England,1,758740.21,27.079
TR70 8UC,South West,1,758392.57,48.74
SE96 2JG,Greater London,1,758391.17,13.539
RG18 7NA,South East,1,758177.29,13.539
BT70 3YA,Northern Ireland,1,757912.15,16.246
RH59 6FY,South East,1,757731.19,27.076
SW96 1KJ,Greater London,1,757644.75,13.538
DY49 2VJ,West Midlands,1,757395.67,13.538
BT35 1AH,Northern Ireland,1,756988.89,40.611
HD45 4DP,Yorkshire and the Humber,1,756933.37,27.074
G83 5RF,Scotland,1,756341.66,13.536
WC27 2SS,Greater London,1,756288.57,40.609
NW7 6XK,Greater London,1,756015.77,27.072
EC54 7MW,Greater London,1,755860.38,13.536
E78 2MG,Greater London,1,755752.38,27.071
DD15 6GK,Scotland,1,755207.76,27.069
BB34 6VF,North West,1,755151.24,32.483
B92 7AB,West Midlands,1,755148.87,27.069
PR33 4VG,North West,1,755119.81,48.725
SW59 5SC,Greater London,1,755107.89,32.483
W49 7CW,Greater London,1,754638.09,32.482
CO66 5UP,East of England,1,754346.45,13.534
M86 3JR,North West,1,754147.49,40.6
BH9 4CJ,South West,1,753949.65,13.533
CO79 6DW,East of England,1,753604.27,40.598
GU87 3ER,South East,1,753565.11,27.065
BS25 3MA,South West,1,753165.09,13.532
OX97 1BG,South East,1,752989.75,13.532
DE38 5EF,East Midlands,1,752836.49,13.532
WC66 7FA,Greater London,1,752605.78,27.063
WN66 8WG,North West,1,752594.78,27.063
BD36 5GJ,Yorkshire and the Humber,1,752564.28,13.531
LN83 5PH,East Midlands,1,752555.09,27.062
TR14 5NS,South West,1,752367.68,64.949
IP29 5CJ,East of England,1,751914.42,48.709
E58 6BA,Greater London,1,751678.49,17.589
RG98 1JP,South East,1,751440.83,27.059
NN92 4HM,East Midlands,1,751286.54,27.059
DL65 6WR,North East,1,750809.22,13.529
CF5 2NE,Wales,1,750501.84,16.234
PA77 1VK,Scotland,1,750390.19,27.057
DN64 2YS,Yorkshire and the Humber,1,750388.47,27.057
BT11 6BF,Northern Ireland,1,749950.03,48.7
M2 4TU,North West,1,749859.82,40.583
SO55 1GD,South East,1,749856.27,13.528
OX43 7SA,South East,1,749812.46,13.528
CV76 1GT,West Midlands,1,749349.27,40.581
W14 3ZW,Greater London,1,749111.28,27.053
WV60 7WP,West Midlands,1,748928.74,40.579
CM88 7AV,East of England,1,748888.9,27.053
BD68 4GS,Yorkshire and the Humber,1,748746.81,13.526
NW55 8TX,Greater London,1,748472.15,17.584
CF63 3ZT,Wales,1,748364.52,13.526
BT57 7KS,Northern Ireland,1,748221.4,13.525
RG78 8JA,South East,1,748174.57,27.051
W65 7UP,Greater London,1,748138.43,40.576
LE24 6MU,East Midlands,1,747862.74,13.525
CV45 4JR,West Midlands,1,747497.08,27.049
WS24 7DW,West Midlands,1,747125.81,40.572
BT53 7ZP,Northern Ireland,1,747009.89,13.524
RH2 6JJ,South East,1,746912.18,27.047
IP60 3ZX,East of England,1,746552.71,32.456
RG91 8CB,South East,1,746392.81,13.523
EC50 5NN,Greater London,1,745900.14,27.045
CH59 4DB,North West,1,745440.66,27.043
RH79 2ZY,South East,1,745419.88,13.522
ST45 6FX,West Midlands,1,745315.51,13.522
WC15 8ZP,Greater London,1,745282.91,13.522
WA14 8DP,North West,1,745165.51,13.521
SO1 5HF,South East,1,744975.59,13.521
GL53 1EZ,South West,1,744379.23,13.52
PR86 7HE,North West,1,744329.88,40.561
DL7 5MP,North East,1,744097.27,13.52
N86 3YP,Greater London,1,743447.56,13.519
HG40 2AS,Yorkshire and the Humber,1,743359.98,13.519
G30 1GW,Scotland,1,743247.62,40.556
PA50 4VG,Scotland,1,742997.26,13.518
SO54 1KW,South East,1,742784.71,27.036
E59 4SR,Greater London,1,742629.11,17.573
SY28 5JX,Wales,1,742625.58,27.036
IP47 6KU,East of England,1,742543.75,40.554
RH29 3TA,South East,1,742530.73,13.518
CH38 3ZJ,North West,1,742492.99,16.221
BD66 7PC,Yorkshire and the Humber,1,742255.42,13.517
SW94 1TH,Greater London,1,741828.88,13.517
IP94 8EF,East of England,1,741723.31,13.517
SO41 1NY,South East,1,741706.43,27.033
TS31 6XA,North East,1,741598.27,17.572
CF64 5UG,Wales,1,741322.95,27.032
LD2 5KP,Wales,1,740869.57,40.547
RH70 4ME,South East,1,740853.41,27.031
OX72 6JB,South East,1,740737.79,54.062
SR93 6KP,North East,1,740253.28,13.515
PR53 4GD,North West,1,740166.36,13.515
CF77 1SR,Wales,1,739963.76,16.217
SA45 5MG,Wales,1,739870.18,13.514
BS92 8BY,South West,1,739716.73,40.542
LD10 4FB,Wales,1,739590.11,40.542
IP52 2KN,East of England,1,739471.35,48.649
EC66 5VZ,Greater London,1,739440.68,27.027
RH47 1GW,South East,1,739394.01,27.027
LL38 8DB,Wales,1,739323.48,54.054
BA9 3SW,South West,1,739309.61,27.027
SY33 3YJ,Wales,1,739237.62,13.513
G53 4TZ,Scotland,1,739234.58,27.027
WV85 7WB,West Midlands,1,739032.8,13.513
SW20 1DC,Greater London,1,738489.89,13.512
SW38 4YT,Greater London,1,738382.44,13.512
L69 7XA,North West,1,738343.55,13.512
G11 4RZ,Scotland,1,738298.49,40.536
RH33 3UN,South East,1,738121.94,27.024
IV75 3GF,Scotland,1,737681.57,13.511
WC73 7AV,Greater London,1,737614.73,13.511
W94 8US,Greater London,1,737607.41,13.511
PR68 7BP,North West,1,737164.25,40.532
SO96 2PF,South East,1,736470.81,40.529
EC15 3TB,Greater London,1,736407.39,40.529
S18 2VU,Yorkshire and the Humber,1,735970.9,17.562
ST14 6YJ,West Midlands,1,735846.51,54.035
HD72 6GK,Yorkshire and the Humber,1,735769.94,27.017
N90 6DC,Greater London,1,735762.97,27.017
N22 2RD,Greater London,1,735380.55,27.016
B4 8AJ,West Midlands,1,735378.61,13.508
GL35 2AT,South West,1,735214.11,40.524
SE90 5TD,Greater London,1,735180.1,27.016
S19 4HP,Yorkshire and the Humber,1,734682.73,13.507
M1 8SB,North West,1,734142.85,13.506
LE48 3VF,East Midlands,1,734006.59,40.519
CF53 4MU,Wales,1,733964.82,27.012
PO25 4PU,South East,1,733927.07,13.506
PL34 4KU,South West,1,733788.99,40.518
ST46 1HV,West Midlands,1,733555.66,27.011
BH42 6RS,South West,1,733545.07,70.229
SO93 4WZ,South East,1,733535.27,16.207
BL26 7DC,North West,1,733486.9,16.207
ST60 2BV,West Midlands,1,733399.49,13.505
TS86 8JU,North East,1,733342.99,16.206
BD42 3SB,Yorkshire and the Humber,1,733233.53,32.413
SY51 8NC,Wales,1,733008.07,13.505
AL2 3DC,East of England,1,732695.08,13.504
GU75 5HG,South East,1,732564.99,32.41
SW64 5YH,Greater London,1,731906.62,40.51
B76 4FE,West Midlands,1,731743.72,17.554
CF52 8GU,Wales,1,731575.68,27.006
EC33 4NH,Greater London,1,731487.91,13.503
LS25 6NF,Yorkshire and the Humber,1,730991.74,27.004
BS80 6CM,South West,1,730612.35,40.505
DL78 3FZ,North East,1,729854.59,40.502
L33 6CS,North West,1,729815.89,40.502
N72 4ZH,Greater London,1,729377.95,13.5
CV2 8VU,West Midlands,1,729242.42,13.5
GU54 3VY,South East,1,729232.22,13.5
SW45 1SZ,Greater London,1,728778.56,53.997
OX82 4ZH,South East,1,728723.28,26.998
M41 6UN,North West,1,728331.53,32.396
SE93 3MK,Greater London,1,728066.37,26.996
IP73 8VU,East of England,1,727992.52,13.498
CH54 8YG,North West,1,727897.64,35.095
SW59 6BV,Greater London,1,727552.44,26.995
W70 4BP,Greater London,1,727419.22,26.995
LN45 2RV,East Midlands,1,727385.38,26.994
IV24 4RK,Scotland,1,727278.19,17.546
DH92 3JC,North East,1,727081.54,48.588
BT74 1RG,Northern Ireland,1,727058.7,13.497
BS9 6PB,South West,1,727055.8,32.392
IV13 8JB,Scotland,1,727055.0,26.994
PA76 8MP,Scotland,1,727028.88,52.637
SA29 7XE,Wales,1,726014.51,13.495
GU81 6AM,South East,1,725913.98,40.486
N21 4JV,Greater London,1,725908.68,26.99
OX9 7SG,South East,1,725501.9,17.543
WC60 6FX,Greater London,1,725251.11,35.085
SO68 8UP,South East,1,725050.92,40.482
SA59 7JW,Wales,1,724726.62,13.494
PL31 8DS,South West,1,724684.56,13.493
SE28 4HF,Greater London,1,724332.62,26.986
RH49 4FV,South East,1,724295.33,40.479
DE86 3RM,East Midlands,1,724026.04,13.493
WC70 7NX,Greater London,1,723546.18,13.492
GL15 3YS,South West,1,723440.67,40.475
SW75 7XA,Greater London,1,723160.91,16.19
DE47 3DK,East Midlands,1,723147.08,16.19
GU77 4KE,South East,1,722933.57,40.473
E48 4JA,Greater London,1,722338.25,32.377
HG98 6AR,Yorkshire and the Humber,1,722274.77,13.49
PO39 4JC,South East,1,722099.25,26.98
AB29 5RZ,Scotland,1,722081.43,26.98
GU80 7JS,South East,1,721902.89,26.979
BS24 6TX,South West,1,721782.57,17.536
AB61 5TA,Scotland,1,721632.52,29.676
NW81 1BK,Greater London,1,721563.61,70.144
OX71 7BJ,South East,1,721394.46,35.071
SY21 8UC,Wales,1,721223.48,13.489
IP12 5SN,East of England,1,720938.3,40.465
W69 3UF,Greater London,1,720905.43,35.069
L83 7TV,North West,1,720533.84,26.975
SO73 7AC,South East,1,720312.93,26.975
W38 7EU,Greater London,1,720068.67,26.974
PO41 3HX,South East,1,720057.37,40.461
SE90 2RB,Greater London,1,720004.06,13.487
N46 7BY,Greater London,1,719992.38,13.487
AB93 6BK,Scotland,1,719962.61,13.487
CB89 6TU,East of England,1,719700.8,26.973
EX26 6VY,South West,1,719583.09,53.946
CF84 3PU,Wales,1,719364.71,13.486
LS45 6JD,Yorkshire and the Humber,1,719347.12,40.458
CO9 8BA,East of England,1,719151.33,26.972
N7 2CC,Greater London,1,719113.37,13.486
BS19 2BM,South West,1,719098.24,26.972
LD62 3BM,Wales,1,718650.97,40.455
SW3 8BC,Greater London,1,718622.62,26.97
PA8 7NW,Scotland,1,718212.82,26.969
CH60 4WN,North West,1,717878.94,35.059
CO15 1HD,East of England,1,717825.45,13.484
CH8 6YP,North West,1,717626.02,13.484
BH67 2RY,South West,1,717553.37,13.484
W71 2KD,Greater London,1,717364.75,13.483
SE81 8CA,Greater London,1,716808.02,40.448
BH94 7JJ,South West,1,716755.94,52.582
W39 5RW,Greater London,1,716673.72,26.965
LE10 6RC,East Midlands,1,716547.46,13.482
IV16 5YF,Scotland,1,716465.26,26.964
AB56 7ND,Scotland,1,716325.9,48.535
NG28 4EN,East Midlands,1,716192.77,13.482
OX6 6RF,South East,1,716152.94,13.482
EC69 2JF,Greater London,1,715948.16,26.963
CF15 5AM,Wales,1,715765.84,13.481
NW27 4NJ,Greater London,1,715719.38,26.962
N55 4FJ,Greater London,1,715604.99,13.481
DN4 3EJ,Yorkshire and the Humber,1,715595.3,26.962
W66 7WB,Greater London,1,715433.91,53.923
EH83 5WF,Scotland,1,715418.49,40.442
AB48 2BY,Scotland,1,715083.84,40.44
EC1 3FV,Greater London,1,714897.71,17.524
RG35 7XG,South East,1,714756.83,35.047
M26 8XV,North West,1,714653.5,14.828
SW71 3RE,Greater London,1,714597.87,64.701
GL38 1KE,South West,1,714592.37,26.959
SY4 8VY,Wales,1,714422.73,13.479
BT4 3RD,Northern Ireland,1,714018.99,13.479
OX25 6HK,South East,1,713702.45,40.435
SO77 7MW,South East,1,713457.28,40.434
BH31 6UZ,South West,1,713346.35,16.173
RH29 6ZS,South East,1,713158.97,53.91
IV29 3JE,Scotland,1,713047.86,13.477
TR27 3DC,South West,1,712917.49,13.477
E58 1NM,Greater London,1,711991.57,26.952
OX8 5RF,South East,1,711736.72,26.951
NP85 8EC,Wales,1,711732.86,13.475
EC24 2AY,Greater London,1,711511.54,26.95
TS68 5WB,North East,1,711364.36,40.425
M54 8TJ,North West,1,711111.68,26.949
NN71 3NJ,East Midlands,1,710930.93,13.474
SY44 1EC,Wales,1,710844.3,13.474
NG75 5MY,East Midlands,1,710762.03,13.474
NW17 1ZV,Greater London,1,710625.3,16.169
B41 4XN,West Midlands,1,710469.49,13.474
CH94 7SB,North West,1,710395.17,48.505
SE67 1JK,Greater London,1,710157.82,40.42
GU76 7MT,South East,1,710135.02,26.946
WC97 3KV,Greater London,1,709650.16,26.945
W22 7XE,Greater London,1,709231.18,13.472
LD35 4FJ,Wales,1,709165.93,26.944
WV92 7SA,West Midlands,1,708875.77,13.471
GL3 8BV,South West,1,708865.57,26.943
GL84 7AX,South West,1,708773.52,26.943
DL47 4CA,North East,1,708616.35,13.471
EX19 4TD,South West,1,708203.1,13.47
WV69 1GZ,West Midlands,1,708083.3,48.493
WV4 1BG,West Midlands,1,707971.66,13.47
GL38 4MN,South West,1,707969.81,13.47
PL68 8FT,South West,1,707925.79,26.94
W73 6PB,Greater London,1,707883.2,13.47
DD53 5VX,Scotland,1,707479.61,13.469
SR36 2GP,North East,1,707473.11,35.021
WN61 5SR,North West,1,707294.08,13.469
CB34 4XR,East of England,1,707089.65,40.407
NW73 8UC,Greater London,1,706982.56,26.938
ST74 8XD,West Midlands,1,706610.17,40.405
PL49 3CD,South West,1,706186.05,40.403
BL97 6YP,North West,1,706122.87,40.403
SW83 6VC,Greater London,1,705852.51,40.401
SW66 1YK,Greater London,1,705816.03,13.467
IV86 3RN,Scotland,1,705358.55,13.466
EH52 6DB,Scotland,1,705272.86,17.506
WV34 3YR,West Midlands,1,705254.39,26.933
WC37 1RF,Greater London,1,705035.74,53.864
M89 4JJ,North West,1,704968.11,35.011
BB20 3WV,North West,1,704896.93,44.437
W48 6RT,Greater London,1,704511.56,14.812
B47 3DZ,West Midlands,1,704424.51,40.395
BL18 2PS,North West,1,704379.22,26.93
NG88 7CB,East Midlands,1,704205.9,16.158
DL65 4CG,North East,1,704124.1,13.465
EH91 3HY,Scotland,1,703750.71,26.928
EX70 7SD,South West,1,703312.9,32.313
B51 7UX,West Midlands,1,703204.63,13.463
NG98 8BK,East Midlands,1,703203.7,40.39
S68 6AU,Yorkshire and the Humber,1,702885.1,13.463
DY41 7VT,West Midlands,1,702321.73,40.386
WN75 7GJ,North West,1,702267.44,26.924
IP33 5UK,East of England,1,702161.35,13.462
BN40 1SU,South East,1,702146.15,13.462
SA90 3UT,Wales,1,701976.79,13.462
G38 1XW,Scotland,1,701842.77,13.461
SW57 1UU,Greater London,1,701787.47,16.154
E82 8ZW,Greater London,1,701581.84,40.383
B91 4YF,West Midlands,1,701528.59,26.922
NW90 6BP,Greater London,1,701314.25,13.461
RH6 5EG,South East,1,701150.93,26.921
WV68 1SM,West Midlands,1,701114.69,13.46
EH52 6BZ,Scotland,1,701106.12,16.152
LE58 6UK,East Midlands,1,700972.61,26.92
EH64 1ZT,Scotland,1,700920.4,17.498
NG43 8GV,East Midlands,1,700919.32,13.46
CM25 3NJ,East of England,1,700864.51,13.46
AL73 6FW,East of England,1,700629.28,13.46
BL73 7UM,North West,1,700616.18,26.919
WA27 7ZK,North West,1,700568.2,44.417
RG66 3MK,South East,1,700296.07,40.378
SE16 4VV,Greater London,1,700006.21,40.377
DL24 8UR,North East,1,699812.29,26.917
GU30 5TF,South East,1,699737.33,13.458
NW67 3NT,Greater London,1,699524.7,52.487
BT28 3WM,Northern Ireland,1,699490.43,13.458
SE41 6HG,Greater London,1,699400.44,26.916
GU38 1WD,South East,1,699312.64,13.458
DN28 3GB,Yorkshire and the Humber,1,699267.44,17.495
PR90 4RT,North West,1,699216.28,26.915
BN9 8HD,South East,1,699192.32,26.915
SE24 2YF,Greater London,1,699127.92,52.485
PL61 6NY,South West,1,699072.14,13.458
NW15 8GA,Greater London,1,699069.0,13.458
BA16 8ER,South West,1,698964.42,26.915
NE45 7DZ,North East,1,698741.65,13.457
IV32 5BV,Scotland,1,698669.34,13.457
PO3 5CK,South East,1,698632.11,26.914
WN56 8PX,North West,1,698421.45,26.913
CO51 7NN,East of England,1,698348.03,32.296
LS58 2UX,Yorkshire and the Humber,1,698336.1,13.456
NN12 8XT,East Midlands,1,698109.87,13.456
WN53 4ZE,North West,1,697991.06,13.456
E55 7KW,Greater London,1,697674.99,13.456
RG36 4NT,South East,1,697644.5,40.366
WC14 2CG,Greater London,1,697180.55,32.292
HG73 4JT,Yorkshire and the Humber,1,697179.57,16.146
B69 4GH,West Midlands,1,697153.55,13.455
G32 7ER,Scotland,1,697144.93,26.91
M86 7JN,North West,1,697110.77,40.364
LU74 8FE,East of England,1,697108.24,40.364
CO72 5BR,East of England,1,696936.45,26.909
ST62 4KM,West Midlands,1,696696.66,26.908
EX86 6MR,South West,1,695565.99,17.488
CH66 5RJ,North West,1,695063.03,26.904
DY54 6JN,West Midlands,1,694874.39,26.903
BT19 6SA,Northern Ireland,1,694800.85,40.354
CO29 3JN,East of England,1,694430.4,40.353
WV94 5VY,West Midlands,1,694228.46,13.451
BS85 5FF,South West,1,694183.15,32.281
EC20 8VF,Greater London,1,693786.53,26.9
WN23 7ZU,North West,1,693750.83,16.14
G95 4UW,Scotland,1,693616.99,26.899
EC16 5BM,Greater London,1,693121.97,26.898
GU85 7CK,South East,1,693073.04,32.277
SO19 8DR,South East,1,692913.96,26.897
IP7 5UM,East of England,1,692875.53,40.346
W96 8GM,Greater London,1,692837.53,32.277
EH79 1BH,Scotland,1,692610.07,13.448
SA31 7UP,Wales,1,692526.3,40.344
BL20 5SR,North West,1,692418.64,13.448
SA27 7JH,Wales,1,692414.1,13.448
LU6 6CK,East of England,1,692350.78,40.344
IP54 7BN,East of England,1,691924.49,13.447
CH52 1DD,North West,1,691759.04,13.447
ST42 1RX,West Midlands,1,691737.15,16.136
NP22 2SD,Wales,1,691326.13,13.446
NR85 5GH,East of England,1,691296.13,17.48
NP12 1YM,Wales,1,691294.44,16.136
HU78 3YE,Yorkshire and the Humber,1,691214.43,13.446
AB97 1EN,Scotland,1,691169.3,26.892
GL84 1AN,South West,1,690956.42,13.446
WV1 3PJ,West Midlands,1,690587.77,53.781
N91 1KH,Greater London,1,690551.54,13.445
ST41 7CD,West Midlands,1,690433.93,13.445
SO35 6HR,South East,1,690376.36,26.89
WS78 5VT,West Midlands,1,690348.92,34.957
YO20 6ET,Yorkshire and the Humber,1,690348.51,13.445
EX12 8KG,South West,1,690348.37,40.335
SO12 8ZW,South East,1,690249.36,40.334
PO14 6AF,South East,1,690098.4,26.889
WA31 3NC,North West,1,689869.61,26.889
PO49 7NC,South East,1,689860.12,13.444
SA97 2EF,Wales,1,689814.67,13.444
DL25 7YN,North East,1,689572.22,14.788
ST23 3WS,West Midlands,1,689318.15,13.443
DY74 8YZ,West Midlands,1,689169.02,13.443
DL62 6SS,North East,1,688645.26,13.442
ST21 2SP,West Midlands,1,688596.96,17.475
AB92 6NR,Scotland,1,687673.25,26.882
CM69 7DM,East of England,1,687520.15,53.763
AB17 6YK,Scotland,1,687322.86,53.762
CB73 2MS,East of England,1,687206.48,52.418
E18 6SE,Greater London,1,687098.58,40.321
TR16 3CV,South West,1,687038.99,13.44
SW3 1MP,Greater London,1,686950.76,40.32
N50 1AM,Greater London,1,686881.66,13.44
E7 1GC,Greater London,1,686665.09,13.44
E32 4JV,Greater London,1,686128.93,13.439
WN65 5PZ,North West,1,686114.32,16.127
SY46 6XK,Wales,1,686105.68,13.439
LN91 6YK,East Midlands,1,686044.56,34.941
RG62 8JR,South East,1,686010.67,26.877
DY86 3NN,West Midlands,1,685956.84,13.439
CM67 8MH,East of England,1,685881.27,13.438
PO4 1JK,South East,1,685796.19,13.438
RG24 1RW,South East,1,685686.68,13.438
OX56 1CZ,South East,1,685662.19,26.876
IV78 1XR,Scotland,1,685579.58,26.876
PO45 5ZX,South East,1,685313.47,13.438
DN60 6JW,Yorkshire and the Humber,1,685278.68,13.438
NW26 3JP,Greater London,1,685085.43,13.437
SY11 8KU,Wales,1,684489.36,13.436
BT20 8MT,Northern Ireland,1,684446.3,34.935
BL24 2GW,North West,1,684080.61,13.436
E62 3TW,Greater London,1,684063.9,59.118
NN22 1KT,East Midlands,1,684036.64,13.436
LS18 8FB,Yorkshire and the Humber,1,683996.43,13.436
PO39 5MZ,South East,1,683971.6,26.871
N49 5XC,Greater London,1,683854.77,32.245
BA90 1FT,South West,1,683609.33,40.305
DD64 5UF,Scotland,1,683546.43,13.435
LE28 3NV,East Midlands,1,683415.89,13.435
DY43 2SG,West Midlands,1,683319.75,26.869
BL92 2GP,North West,1,683318.77,40.304
ST4 4ZW,West Midlands,1,683128.25,17.465
NW77 7TJ,Greater London,1,682918.16,13.434
RH57 6JX,South East,1,682841.12,13.434
AB92 2MD,Scotland,1,682820.87,40.302
BL47 2ZT,North West,1,682810.84,26.868
SA27 3VP,Wales,1,682729.24,13.434
SY15 4TG,Wales,1,682708.41,26.868
CM27 1KR,East of England,1,682664.5,26.868
RG72 1EU,South East,1,682644.56,13.434
BS92 8DF,South West,1,682553.2,34.927
LS31 7ZB,Yorkshire and the Humber,1,682494.56,13.434
GL44 5UC,South West,1,682428.38,40.3
CV21 3PT,West Midlands,1,682384.25,26.867
CM38 3UF,East of England,1,682355.09,40.3
RH21 4TD,South East,1,682317.78,40.3
G10 5JR,Scotland,1,682182.03,13.433
RH8 3PE,South East,1,681817.66,26.865
EC5 3BF,Greater London,1,681789.99,26.865
M82 4FY,North West,1,681482.45,53.728
RH98 1UY,South East,1,681230.01,13.432
YO59 2TD,Yorkshire and the Humber,1,681119.21,26.863
W24 6KY,Greater London,1,680746.71,26.862
M12 1VF,North West,1,680506.89,32.233
CV35 6XE,West Midlands,1,680342.23,13.43
WA9 6MM,North West,1,680220.17,13.43
OX60 1GF,South East,1,680165.06,34.918
SE45 6GH,Greater London,1,680049.67,13.43
NR34 4XP,East of England,1,680046.35,16.116
W39 3BS,Greater London,1,680041.38,34.918
NR39 7MP,East of England,1,679965.81,26.86
BN44 7EK,South East,1,679831.04,26.859
NG77 8UP,East Midlands,1,679672.09,13.429
PA80 5HV,Scotland,1,679596.19,13.429
PA18 6SY,Scotland,1,679591.92,13.429
OX66 2RV,South East,1,679403.72,13.429
SO62 2YA,South East,1,679384.73,40.287
OX17 6GZ,South East,1,679240.08,17.457
WV52 5PJ,West Midlands,1,678900.05,13.428
SO79 8TK,South East,1,678842.52,13.428
OX57 8JB,South East,1,678781.8,26.856
IV15 7VZ,Scotland,1,678601.76,13.428
EH62 5VT,Scotland,1,678248.46,53.709
BB9 7MA,North West,1,678160.26,26.854
G90 8ZV,Scotland,1,677135.83,17.453
NW91 1HY,Greater London,1,677121.28,40.277
M2 2ZN,North West,1,677040.4,26.851
YO74 8KK,Yorkshire and the Humber,1,676910.43,34.906
BA30 3TD,South West,1,676728.62,13.425
SA60 3RP,Wales,1,676698.71,26.85
BT20 6WK,Northern Ireland,1,676666.42,26.85
SE79 1HD,Greater London,1,676570.79,40.274
CV70 1MD,West Midlands,1,676553.72,13.425
WV66 6GZ,West Midlands,1,676412.23,13.425
BA62 2ED,South West,1,676181.53,26.848
BS66 6YK,South West,1,675918.62,13.424
WN8 3MX,North West,1,675742.32,53.694
EC64 4PZ,Greater London,1,675740.03,13.424
SY89 4DT,Wales,1,675640.85,13.423
NE61 1KG,North East,1,675240.95,40.268
BT54 1KY,Northern Ireland,1,675213.93,13.423
HU59 2JY,Yorkshire and the Humber,1,674907.05,13.422
HD80 2ER,Yorkshire and the Humber,1,674900.62,34.898
N36 3ND,Greater London,1,674687.34,52.346
OX90 8NB,South East,1,674646.65,13.422
LE3 4MU,East Midlands,1,674416.31,26.843
HD19 2PG,Yorkshire and the Humber,1,674258.57,26.843
BT94 6FH,Northern Ireland,1,673879.06,52.341
PA56 1GG,Scotland,1,673546.21,16.104
B51 4XP,West Midlands,1,672836.27,48.309
WN50 2KD,North West,1,672724.76,13.419
RG89 2UV,South East,1,672656.24,17.445
LE30 4KM,East Midlands,1,672647.47,26.838
GL54 3NT,South West,1,672484.59,13.419
OX15 1ZR,South East,1,672414.31,14.76
RG90 6AT,South East,1,672209.41,53.673
PO49 5XC,South East,1,672147.24,40.255
WN95 3NK,North West,1,672134.84,40.255
SW84 7XM,Greater London,1,672083.22,53.673
NP12 7MC,Wales,1,672045.43,26.836
W32 2VG,Greater London,1,671905.68,13.418
CV51 7ZY,West Midlands,1,671361.99,13.417
WC32 1DZ,Greater London,1,671290.92,13.417
IP94 4MU,East of England,1,671226.34,40.251
SE20 4ZJ,Greater London,1,671144.06,13.417
SO80 7PA,South East,1,670997.03,13.417
G27 8WE,Scotland,1,670850.2,26.833
WN15 4WA,North West,1,670654.52,40.248
BT87 4BB,Northern Ireland,1,670489.41,13.416
BS20 3KU,South West,1,670422.63,13.416
OX61 3UV,South East,1,670283.52,40.246
RG19 3FP,South East,1,670272.74,80.493
S1 2HU,Yorkshire and the Humber,1,669926.4,40.245
NN69 1KE,East Midlands,1,669653.1,13.415
WA36 2EM,North West,1,669623.14,16.097
W38 3FX,Greater London,1,669471.09,53.657
CH47 3BW,North West,1,669440.86,32.194
RG82 6RK,South East,1,669371.13,26.828
EC19 6FB,Greater London,1,668350.18,13.413
BB57 4NP,North West,1,668301.54,13.412
SO96 2AV,South East,1,668147.48,40.237
E17 6WM,Greater London,1,667978.94,13.412
WC7 2TZ,Greater London,1,667778.12,26.823
WC68 3ET,Greater London,1,667676.31,48.282
NE90 6BH,North East,1,667567.36,13.411
NP8 3CP,Wales,1,667482.83,13.411
DD27 4RJ,Scotland,1,667432.3,13.411
B18 4KJ,West Midlands,1,667092.29,13.411
RG34 7NM,South East,1,666970.68,13.411
SO37 4FN,South East,1,666879.47,52.3
PO46 6UN,South East,1,666845.82,16.092
ST57 2DU,West Midlands,1,666656.85,13.41
SE44 2WR,Greater London,1,666539.55,40.23
N77 7AZ,Greater London,1,666473.51,53.639
LE83 8TE,East Midlands,1,666417.75,13.41
YO23 1BY,Yorkshire and the Humber,1,666381.72,13.41
YO58 5HW,Yorkshire and the Humber,1,665968.48,40.227
AB27 1TP,Scotland,1,665908.85,26.818
GL59 1BY,South West,1,665800.82,26.817
NP57 1CT,Wales,1,665653.0,26.817
E89 3XK,Greater London,1,665651.07,53.634
CB70 4HS,East of England,1,665549.8,26.817
IV37 3XF,Scotland,1,665521.19,13.408
WA13 4TJ,North West,1,665461.94,16.09
HU4 6SM,Yorkshire and the Humber,1,665396.07,13.408
LL37 4GJ,Wales,1,665235.31,40.224
WN91 8FJ,North West,1,665021.7,13.408
BB17 6DT,North West,1,665002.05,16.089
W64 5KP,Greater London,1,664729.04,40.221
SE23 8US,Greater London,1,664600.19,26.814
M65 7DM,North West,1,664486.94,26.814
LN93 4FH,East Midlands,1,664479.2,40.22
RH40 5RB,South East,1,663706.05,40.217
WN47 6KF,North West,1,663623.05,26.811
BB48 7ZP,North West,1,663616.97,53.622
SR32 5AR,North East,1,663490.82,13.405
LS25 6ZF,Yorkshire and the Humber,1,662786.6,26.808
BA75 4PP,South West,1,662342.67,53.614
SY42 5RG,Wales,1,662273.9,13.403
W12 8KW,Greater London,1,661936.49,40.209
DN75 1XM,Yorkshire and the Humber,1,661777.45,26.805
GU3 4CN,South East,1,661775.5,26.805
NW94 6VD,Greater London,1,661734.62,40.208
DE34 5AX,East Midlands,1,661698.25,26.805
PO29 6UV,South East,1,661509.12,13.402
NW89 6HR,Greater London,1,661418.26,52.268
SE50 5EG,Greater London,1,661306.44,13.402
M71 8ZU,North West,1,661041.97,40.205
AL91 1XD,East of England,1,660651.13,13.401
HD11 4ZK,Yorkshire and the Humber,1,660333.42,53.602
DL49 7WE,North East,1,660308.6,26.801
N48 2BP,Greater London,1,660102.5,26.8
CM29 4DN,East of England,1,659764.85,13.4
CM4 5VV,East of England,1,659714.67,32.159
LE4 4PK,East Midlands,1,659691.25,13.4
CO37 5BR,East of England,1,659417.36,32.158
CM16 2SJ,East of England,1,659161.1,13.399
IV64 4RG,Scotland,1,658403.48,13.398
RG53 4EB,South East,1,658236.57,26.795
CB71 7VA,East of England,1,657732.28,26.793
NW22 1ND,Greater London,1,657183.0,13.396
BH59 8RB,South West,1,657057.29,13.396
PR78 8VU,North West,1,656914.89,26.791
B74 4SG,West Midlands,1,656675.84,26.79
CV63 2YV,West Midlands,1,656535.93,17.413
NG97 4WA,East Midlands,1,656108.02,40.182
N80 8GK,Greater London,1,655654.68,26.787
PA55 7WP,Scotland,1,655620.23,13.393
TR75 7HT,South West,1,655568.09,53.573
M14 7NH,North West,1,655448.98,26.786
E95 6CH,Greater London,1,655437.75,40.179
LE65 1AN,East Midlands,1,655181.56,34.821
WV23 4VY,West Midlands,1,655138.2,26.785
DL78 8ZC,North East,1,655126.62,40.178
CH34 7EN,North West,1,655081.47,13.393
DE75 3ZY,East Midlands,1,655045.51,13.392
TR91 1PC,South West,1,655023.53,13.392
RH23 5XR,South East,1,655008.9,26.785
BT86 7VU,Northern Ireland,1,654933.27,40.177
HG98 6PN,Yorkshire and the Humber,1,654145.44,26.782
OX38 1HZ,South East,1,653872.72,40.172
YO24 3MT,Yorkshire and the Humber,1,653783.75,13.391
N56 4ZR,Greater London,1,653561.17,13.39
M87 6NX,North West,1,653423.72,13.39
IP39 3WU,East of England,1,653203.55,32.135
SO78 4SS,South East,1,652981.01,13.389
M85 8DX,North West,1,652789.59,32.134
E55 3BY,Greater London,1,652698.11,26.778
SA84 3JB,Wales,1,652531.51,16.066
G83 1WN,Scotland,1,652492.77,40.166
AL18 3BZ,East of England,1,652422.86,13.388
SY20 7VY,Wales,1,652393.1,26.777
CM62 7DJ,East of England,1,651936.58,40.163
LL93 4KB,Wales,1,651677.75,26.775
PA94 7PM,Scotland,1,651534.47,26.774
BD13 1KD,Yorkshire and the Humber,1,651413.89,13.387
TS3 6XX,North East,1,650947.8,26.772
WS12 8XT,West Midlands,1,650880.82,40.158
EX68 6ST,South West,1,650722.78,40.158
CM61 6PE,East of England,1,650659.36,13.386
CH24 3KA,North West,1,650627.84,13.386
LD68 6KH,Wales,1,650587.16,13.386
EH52 8ZA,Scotland,1,650586.6,14.724
WV25 1JC,West Midlands,1,650520.09,16.063
BT96 1CJ,Northern Ireland,1,650478.38,16.063
BB75 5DU,North West,1,650408.48,13.385
CM50 5SJ,East of England,1,650339.76,26.771
RH49 4SN,South East,1,650287.89,26.77
LE28 6KV,East Midlands,1,650103.42,26.77
S55 6MU,Yorkshire and the Humber,1,650045.63,13.385
WN3 6BD,North West,1,649772.31,26.769
WC9 7NE,Greater London,1,649760.61,40.153
NN82 1DZ,East Midlands,1,649524.47,13.384
RG10 3VH,South East,1,649513.66,40.152
OX80 3DB,South East,1,649375.68,32.121
WC10 1VT,Greater London,1,649261.08,16.06
CO15 7WB,East of England,1,648914.52,13.383
W30 3HW,Greater London,1,648835.94,64.238
OX29 5TH,South East,1,648583.47,26.765
BT46 6EY,Northern Ireland,1,648523.86,13.382
CH60 3BW,North West,1,648522.45,13.382
LN15 6RN,East Midlands,1,648007.92,17.396
EC25 5DD,Greater London,1,647933.3,13.382
AL1 5FC,East of England,1,647740.96,40.144
S55 4SB,Yorkshire and the Humber,1,647727.15,26.762
ST64 2XH,West Midlands,1,647137.65,26.761
EH34 5DZ,Scotland,1,646845.43,40.14
GL15 3MS,South West,1,646842.95,29.436
EH91 6ZR,Scotland,1,646330.8,13.379
LN12 7FD,East Midlands,1,646329.23,13.379
BN83 4FF,South East,1,646285.92,26.758
SO17 8JZ,South East,1,646058.52,26.757
LS42 7FF,Yorkshire and the Humber,1,646000.42,13.379
SE85 6KE,Greater London,1,645994.99,26.757
NP48 2AA,Wales,1,645921.52,26.757
IP14 5DY,East of England,1,645496.73,26.756
W87 6RS,Greater London,1,645393.37,13.378
BT35 6PY,Northern Ireland,1,645301.64,26.755
DD5 6XP,Scotland,1,645023.32,13.377
DE2 2KW,East Midlands,1,644798.73,40.13
GL72 3SH,South West,1,644770.07,13.377
LE96 1DK,East Midlands,1,644164.66,13.376
LN50 8KF,East Midlands,1,644089.92,13.376
WN84 2GT,North West,1,643900.99,53.501
WV40 2DW,West Midlands,1,643860.36,13.375
N59 2PS,Greater London,1,643751.67,40.125
E61 7BJ,Greater London,1,643588.63,13.375
SY31 2WT,Wales,1,643335.82,13.374
BD27 2KY,Yorkshire and the Humber,1,643313.27,26.749
E76 6RF,Greater London,1,643251.56,17.387
HD22 4TK,Yorkshire and the Humber,1,643237.24,26.749
BA65 8UG,South West,1,643163.48,13.374
LL97 3SX,Wales,1,643135.97,29.423
LN11 6BX,East Midlands,1,643021.2,13.374
EC39 7UG,Greater London,1,642812.92,13.374
W83 6SC,Greater London,1,642542.26,40.12
WC20 7WE,Greater London,1,642289.28,13.373
BT65 4RE,Northern Ireland,1,642267.93,13.373
W80 1CN,Greater London,1,642060.05,53.49
DY69 6BE,West Midlands,1,642011.22,32.094
LN70 4GX,East Midlands,1,642006.37,13.372
SE44 2FC,Greater London,1,641963.39,13.372
N81 7HB,Greater London,1,641898.84,40.117
LL61 6PY,Wales,1,641808.02,53.488
NW62 6GV,Greater London,1,641668.53,13.372
PA13 2BV,Scotland,1,641661.79,13.372
WN92 5RB,North West,1,641330.39,40.114
BH57 5UZ,South West,1,641256.11,40.114
DN25 2GC,Yorkshire and the Humber,1,641142.98,48.136
CB40 1DR,East of England,1,640948.46,26.741
AB31 3DT,Scotland,1,640907.02,32.09
EC70 8BP,Greater London,1,640861.32,26.741
CH42 2ZT,North West,1,640826.49,13.371
GL8 8FH,South West,1,640704.08,53.481
LE83 6WS,East Midlands,1,640511.54,13.37
SY51 3VJ,Wales,1,640328.77,69.523
B51 7RE,West Midlands,1,640212.28,53.478
E5 6WP,Greater London,1,640095.6,40.108
SW61 1ZT,Greater London,1,639640.09,13.369
PO98 6KV,South East,1,639147.19,26.736
LE17 5VS,East Midlands,1,638918.85,26.735
WS63 2WU,West Midlands,1,638901.69,13.368
IP47 4ZY,East of England,1,638603.73,13.367
BH30 3PW,South West,1,638542.47,26.734
RG4 2BG,South East,1,638470.81,13.367
CH18 8CW,North West,1,638335.95,13.367
NW79 8DG,Greater London,1,638052.48,53.465
SY25 2ZF,Wales,1,637921.33,34.752
NN12 4RF,East Midlands,1,637860.57,26.732
CO6 5YT,East of England,1,637746.7,40.097
L17 7KG,North West,1,637565.92,13.365
PO95 6EV,South East,1,637043.73,26.729
N24 7ZF,Greater London,1,636435.13,26.727
HU73 4VH,Yorkshire and the Humber,1,636268.66,13.363
CF13 8UJ,Wales,1,636222.56,26.727
L15 8DB,North West,1,636151.55,26.726
DD82 6UU,Scotland,1,636123.83,48.107
LL92 6PM,Wales,1,636075.69,13.363
LN45 7EG,East Midlands,1,636014.43,40.089
E35 3HR,Greater London,1,635993.39,13.363
RH49 5DU,South East,1,635922.14,13.363
HG22 5XD,Yorkshire and the Humber,1,635711.43,26.725
BA92 8PW,South West,1,635637.95,13.362
E48 7TN,Greater London,1,635446.66,17.371
CM70 4TY,East of England,1,635302.73,26.724
RG49 7CD,South East,1,635081.61,13.362
EC86 5AU,Greater London,1,635045.23,26.723
PO96 6KU,South East,1,634873.05,26.722
ST11 3FN,West Midlands,1,634766.84,26.722
N41 8BM,Greater London,1,634763.57,13.361
CV98 2UB,West Midlands,1,634492.09,40.082
LS75 3YV,Yorkshire and the Humber,1,634352.55,40.081
SE6 8SP,Greater London,1,634232.95,13.36
WN60 8FC,North West,1,634206.32,13.36
SW45 3VY,Greater London,1,634049.76,40.08
NW79 2AP,Greater London,1,634043.45,26.72
DL26 8RU,North East,1,633630.45,13.359
IV56 3DZ,Scotland,1,633544.87,13.359
EX78 4PR,South West,1,633323.47,26.717
E15 5CE,Greater London,1,633275.82,53.435
WN54 2VM,North West,1,633240.1,26.717
WS23 3DK,West Midlands,1,633099.3,13.358
SW98 6WD,Greater London,1,633000.49,13.358
IV7 4MZ,Scotland,1,632881.31,26.716
CF26 3KW,Wales,1,632693.0,52.095
HG36 5GU,Yorkshire and the Humber,1,632676.12,13.358
SY39 8AT,Wales,1,632673.49,34.73
SW45 2VC,Greater London,1,632609.7,26.715
M6 2UV,North West,1,632602.96,58.773
NW62 1EP,Greater London,1,632420.6,26.715
PO6 6ZY,South East,1,632038.83,13.357
HG36 8CP,Yorkshire and the Humber,1,631643.06,13.356
LU66 6FT,East of England,1,631558.82,26.712
RH47 4RP,South East,1,631472.1,13.356
WN73 1BY,North West,1,631042.73,26.71
RH21 3GT,South East,1,631032.56,26.71
BH95 4MP,South West,1,631001.42,40.065
IV28 4DU,Scotland,1,630964.76,13.355
LU15 3YH,East of England,1,630792.26,13.355
DE60 3JC,East Midlands,1,630715.41,13.355
GL35 6HT,South West,1,630484.41,40.063
NW20 1KA,Greater London,1,630331.05,40.062
PO86 7AX,South East,1,630139.03,34.72
WA24 7TA,North West,1,630045.62,53.414
EH15 1AV,Scotland,1,630005.67,26.707
NW12 6CF,Greater London,1,629841.99,13.353
LN1 8WX,East Midlands,1,629837.72,13.353
EX78 8FR,South West,1,629797.08,40.059
CH39 1WK,North West,1,629744.07,26.706
BA75 8DS,South West,1,629670.85,26.706
EH50 8SK,Scotland,1,629638.45,48.07
DL88 1XV,North East,1,629616.62,13.353
HU91 7RW,Yorkshire and the Humber,1,629306.58,26.705
OX40 3WD,South East,1,629250.73,13.352
EC77 6TY,Greater London,1,628906.81,26.703
BH90 2DR,South West,1,628869.22,13.352
SE40 5UM,Greater London,1,628580.9,13.351
WV31 6NR,West Midlands,1,628513.28,26.702
LS96 1KC,Yorkshire and the Humber,1,628182.59,26.701
SW13 6ZK,Greater London,1,628031.66,40.051
RG29 3FN,South East,1,627922.64,13.35
E92 7VA,Greater London,1,627705.2,69.419
EH61 8DT,Scotland,1,627595.63,13.35
WS75 2GX,West Midlands,1,627346.31,26.699
PO92 8EJ,South East,1,627261.27,13.349
WS58 5NM,West Midlands,1,627026.91,26.697
BT73 4WH,Northern Ireland,1,627011.1,13.349
NN11 8XV,East Midlands,1,626980.38,16.018
NW63 5ZV,Greater London,1,626860.57,40.045
LD17 7MW,Wales,1,626803.86,16.018
DE36 3SV,East Midlands,1,626788.21,13.348
G76 8PT,Scotland,1,626519.58,13.348
WV57 2KF,West Midlands,1,626451.95,16.017
HG8 2PJ,Yorkshire and the Humber,1,626309.26,17.352
EC30 4XD,Greater London,1,626213.84,40.042
BN19 1TY,South East,1,625999.18,13.347
LL39 8WY,Wales,1,625989.15,53.388
HU8 5WP,Yorkshire and the Humber,1,625960.34,13.347
NP28 3DS,Wales,1,625616.84,13.346
GU39 2RJ,South East,1,625566.26,13.346
AL12 2VF,East of England,1,625332.14,40.038
LD63 3MN,Wales,1,625125.37,13.346
BS28 4HS,South West,1,624940.35,13.345
HG56 4XE,Yorkshire and the Humber,1,624309.92,13.344
PO68 8HV,South East,1,624104.67,40.032
NG18 2JZ,East Midlands,1,623859.23,26.687
DL34 6FK,North East,1,623666.84,16.012
RH23 5SM,South East,1,623575.49,40.03
RH26 5EX,South East,1,623538.5,13.343
SA94 4ET,Wales,1,623426.85,13.343
DE46 4SV,East Midlands,1,623332.34,20.014
NN83 1PP,East Midlands,1,623325.17,13.343
WN67 1SZ,North West,1,623301.46,13.343
CO47 2TU,East of England,1,623221.32,17.345
CM74 6KJ,East of England,1,623148.98,26.685
N87 3EP,Greater London,1,623131.47,13.343
SY13 6TG,Wales,1,622845.07,13.342
BL27 1YR,North West,1,622841.2,26.684
NR39 2ME,East of England,1,622698.82,13.342
DY20 8ZJ,West Midlands,1,622526.19,26.683
YO38 6DF,Yorkshire and the Humber,1,622509.05,26.683
SE69 7US,Greater London,1,622371.7,13.341
L65 7AB,North West,1,622290.14,26.682
YO73 2TH,Yorkshire and the Humber,1,622248.28,16.009
M33 6VB,North West,1,622074.11,13.341
EC47 2EW,Greater London,1,621978.62,13.341
BA13 8XM,South West,1,621758.81,13.34
M34 4PM,North West,1,621570.98,13.34
WN3 5MP,North West,1,621422.2,13.34
PA7 7KV,Scotland,1,621403.53,26.679
SO51 2DU,South East,1,621341.49,26.679
WC27 6DX,Greater London,1,621325.83,26.679
W44 2TE,Greater London,1,621309.77,13.34
N47 7PJ,Greater London,1,621276.59,13.34
AB43 5TF,Scotland,1,621274.27,13.34
IP14 3CF,East of England,1,621102.07,13.339
NW39 1XE,Greater London,1,620981.77,40.017
SO40 1AD,South East,1,620957.54,53.356
EH22 3YT,Scotland,1,620914.42,17.341
W58 6GK,Greater London,1,620719.11,26.677
NR59 3RF,East of England,1,620695.62,40.016
WC67 6NT,Greater London,1,620476.2,40.015
SY40 6BT,Wales,1,620429.02,40.015
CH75 2FC,North West,1,620276.46,26.676
HG55 6MK,Yorkshire and the Humber,1,620262.87,13.338
DY25 6TT,West Midlands,1,620257.3,13.338
NG79 1NM,East Midlands,1,619822.4,13.337
S96 1MU,Yorkshire and the Humber,1,619821.62,17.338
BD26 5VX,Yorkshire and the Humber,1,619768.5,32.009
GU92 3PE,South East,1,619758.51,40.011
LE32 1UR,East Midlands,1,619621.12,13.337
EC40 5RV,Greater London,1,619450.81,13.337
NP88 4TY,Wales,1,619418.49,26.673
G65 8KE,Scotland,1,619313.78,26.673
LN31 6XE,East Midlands,1,619203.52,40.009
SA2 2MP,Wales,1,619077.9,40.008
EC83 1BZ,Greater London,1,618922.56,40.007
YO88 8AU,Yorkshire and the Humber,1,618869.21,40.007
GU33 6VD,South East,1,618846.24,26.671
PA70 6FD,Scotland,1,618701.16,26.671
N68 4TT,Greater London,1,618639.54,40.006
S79 5UG,Yorkshire and the Humber,1,618572.65,13.335
PO16 4FV,South East,1,618398.3,26.67
N70 3EX,Greater London,1,618315.73,16.002
HD88 2TG,Yorkshire and the Humber,1,618229.29,26.669
ST47 8CR,West Midlands,1,618217.14,13.335
W30 1AG,Greater London,1,618010.51,40.003
DH38 3XU,North East,1,617870.92,34.668
B35 3UG,West Midlands,1,617807.3,26.668
PR68 8ZB,North West,1,617777.22,40.002
GL68 1HH,South West,1,617609.92,13.334
NW37 4VF,Greater London,1,617570.27,40.001
DD72 8SU,Scotland,1,617362.87,16.0
SE38 4SH,Greater London,1,616997.18,69.33
BT24 1MB,Northern Ireland,1,616986.45,13.333
B58 5AF,West Midlands,1,616928.85,13.333
B57 5SR,West Midlands,1,616669.26,39.996
E85 3RZ,Greater London,1,616494.79,13.332
GU6 5VB,South East,1,616311.59,13.332
NG62 2NX,East Midlands,1,616221.03,13.331
WA15 2SR,North West,1,615989.67,26.662
CV43 3VX,West Midlands,1,615941.11,39.993
BT13 8AJ,Northern Ireland,1,615874.13,13.331
G94 8JN,Scotland,1,615854.76,53.323
W6 6ZZ,Greater London,1,615760.95,13.331
HU29 7UC,Yorkshire and the Humber,1,615754.11,13.331
EX92 5WA,South West,1,615533.15,13.33
BA77 3AP,South West,1,615491.1,39.991
WV33 6WN,West Midlands,1,615005.27,15.995
BB37 2AN,North West,1,614885.17,13.329
WV68 3AN,West Midlands,1,614859.37,13.329
N34 7BT,Greater London,1,614638.92,26.658
WA14 2VW,North West,1,614628.14,13.329
HU93 4NG,Yorkshire and the Humber,1,614500.36,26.657
DE15 6VN,East Midlands,1,614440.1,26.657
PA13 1HN,Scotland,1,614315.67,26.657
EX61 8PU,South West,1,614178.27,13.328
CO55 6HC,East of England,1,614169.51,39.984
GU96 8XB,South East,1,614127.85,39.984
BT4 5AX,Northern Ireland,1,614065.33,13.328
DN73 2XR,Yorkshire and the Humber,1,614035.93,39.983
PR88 1XG,North West,1,613915.0,26.655
BD8 7XS,Yorkshire and the Humber,1,613837.54,26.655
AL26 4HX,East of England,1,613768.81,26.655
E34 2XA,Greater London,1,613420.33,39.98
PL10 6YT,South West,1,613322.52,26.653
SO87 3BF,South East,1,613297.24,13.327
NG90 7HD,East Midlands,1,613217.56,26.653
WS11 3JT,West Midlands,1,613165.92,26.653
RH36 3TR,South East,1,613129.27,26.653
DD46 7DA,Scotland,1,613090.29,13.326
WC44 8XX,Greater London,1,612638.07,13.326
OX51 5DA,South East,1,612613.66,13.325
BL6 2XF,North West,1,612155.56,39.974
OX55 5GB,South East,1,612154.49,39.974
HD51 8CA,Yorkshire and the Humber,1,612010.11,26.649
BA30 4KY,South West,1,611813.88,26.648
NW51 4KK,Greater London,1,611796.14,39.972
NP1 3XE,Wales,1,611716.01,34.642
SO96 4FG,South East,1,611644.22,26.648
W14 2YV,Greater London,1,611480.12,39.971
L38 2XZ,North West,1,611174.99,13.323
E14 1YG,Greater London,1,610880.18,13.323
W13 4KU,Greater London,1,610874.71,26.645
SE81 3PS,Greater London,1,610726.75,26.645
NW7 2XY,Greater London,1,610503.0,13.322
LE83 5BH,East Midlands,1,610097.0,13.321
LS9 1PW,Yorkshire and the Humber,1,610096.1,13.321
BN51 6FM,South East,1,609963.48,26.642
SW89 8SX,Greater London,1,609837.07,13.321
BT30 8XB,Northern Ireland,1,609767.89,13.321
M17 5EM,North West,1,609738.21,26.642
BL3 2MW,North West,1,609635.24,39.962
SO69 7DR,South East,1,609604.03,13.321
PA74 6KA,Scotland,1,609597.8,26.641
RG42 3WG,South East,1,609542.18,39.961
LS76 1EC,Yorkshire and the Humber,1,609301.93,34.632
YO4 7SN,Yorkshire and the Humber,1,609252.1,26.64
LE47 5EE,East Midlands,1,609250.27,26.64
BN80 7VR,South East,1,608865.38,26.639
SE29 1YV,Greater London,1,608792.98,13.319
DD58 3YM,Scotland,1,608783.04,26.638
CV63 5XH,West Midlands,1,608672.71,17.315
W67 2SX,Greater London,1,608664.54,13.319
RH24 4HE,South East,1,608585.09,13.319
NG58 8RJ,East Midlands,1,608537.47,69.258
N7 1FK,Greater London,1,608390.3,39.956
N6 5FB,Greater London,1,608259.05,51.942
S35 8XZ,Yorkshire and the Humber,1,608176.22,39.955
NW74 4HK,Greater London,1,608102.89,13.318
HU78 8GX,Yorkshire and the Humber,1,608053.06,13.318
CB28 6PV,East of England,1,607985.19,17.313
SA78 8JH,Wales,1,607725.66,53.27
HG86 2AA,Yorkshire and the Humber,1,607691.31,26.635
S61 6DR,Yorkshire and the Humber,1,607621.05,13.317
SA25 5XM,Wales,1,607611.08,13.317
NW21 2ZN,Greater London,1,607361.67,31.961
NW63 8WB,Greater London,1,607274.04,31.96
RG81 4GP,South East,1,607190.8,47.94
SE30 3TF,Greater London,1,607190.13,26.633
W65 1RX,Greater London,1,607179.31,26.633
DY56 3UR,West Midlands,1,607056.56,13.316
M76 7YU,North West,1,607049.93,47.939
WA25 4EN,North West,1,607018.68,13.316
DY21 6UB,West Midlands,1,606849.24,53.264
M34 4KF,North West,1,606821.51,13.316
CB28 7YF,East of England,1,606547.03,63.915
S78 2VT,Yorkshire and the Humber,1,606415.62,13.315
RH18 8PW,South East,1,606283.33,13.315
M38 7YV,North West,1,606256.97,26.63
BN76 5XY,South East,1,606134.44,29.293
PA38 4UJ,Scotland,1,606096.24,15.978
S9 5CU,Yorkshire and the Humber,1,605926.56,26.629
L76 1JX,North West,1,605692.99,13.314
BT62 3KN,Northern Ireland,1,605444.34,13.314
NW76 3KE,Greater London,1,605019.85,39.939
EX91 1BC,South West,1,605013.25,13.313
WA35 5DT,North West,1,604899.75,39.938
LU69 7TC,East of England,1,604766.82,13.313
EX24 3EB,South West,1,604660.29,39.937
WC78 1HR,Greater London,1,604538.04,39.937
ST39 7GZ,West Midlands,1,604531.42,26.624
G18 1YW,Scotland,1,604491.24,26.624
G43 2YT,Scotland,1,604354.73,39.936
BL16 4BG,North West,1,604301.68,26.624
ST89 5FF,West Midlands,1,604015.84,13.311
HU35 1PN,Yorkshire and the Humber,1,604003.92,13.311
IP42 7KC,East of England,1,603817.34,39.933
SY79 1WR,Wales,1,603763.91,13.311
WV90 2SV,West Midlands,1,603673.54,13.311
LD35 7XB,Wales,1,603569.73,53.242
NP78 8AX,Wales,1,603506.55,26.621
WC50 7BF,Greater London,1,603477.5,26.621
EH49 5NR,Scotland,1,603379.43,51.91
CB33 6AS,East of England,1,603197.48,15.972
DN8 2PR,Yorkshire and the Humber,1,603168.31,13.31
BN66 8UT,South East,1,603011.42,13.31
WC69 4CC,Greater London,1,602944.57,31.943
LE96 8AS,East Midlands,1,602534.8,26.618
TR90 5WH,South West,1,602411.29,13.309
SW49 4MD,Greater London,1,602155.45,26.617
W16 4BB,Greater London,1,602140.79,13.308
CH19 2KP,North West,1,602091.1,26.616
IV78 7CM,Scotland,1,601853.15,26.616
LD62 2UJ,Wales,1,601758.99,13.308
N86 2BH,Greater London,1,601358.58,39.921
LU59 3PP,East of England,1,601140.62,26.613
N97 8KD,Greater London,1,601051.12,26.613
N72 6YB,Greater London,1,600573.93,13.306
N72 6FT,Greater London,1,600351.54,34.594
G49 8JK,Scotland,1,600226.34,39.915
GL6 7RJ,South West,1,600067.44,13.305
EH75 3YX,Scotland,1,600002.51,13.305
LS26 5WU,Yorkshire and the Humber,1,599992.68,26.609
SW89 7PB,Greater London,1,599950.62,26.609
NW92 2JH,Greater London,1,599919.34,39.914
SO66 7SG,South East,1,599718.0,26.608
PO43 8YV,South East,1,599636.13,26.608
NW98 1FE,Greater London,1,599513.93,13.304
S98 1BT,Yorkshire and the Humber,1,599452.74,26.608
PO68 5SG,South East,1,599288.42,15.964
NW46 5MJ,Greater London,1,598928.85,53.212
NE2 5WY,North East,1,598824.38,26.605
BT42 4AB,Northern Ireland,1,598819.32,39.908
WV19 6EA,West Midlands,1,598695.29,39.908
LL49 6HK,Wales,1,598402.69,13.302
SW93 3PS,Greater London,1,598315.59,13.302
CM33 1JR,East of England,1,598177.54,26.603
NG23 7TK,East Midlands,1,598032.62,13.301
CB85 7VW,East of England,1,597927.14,13.301
NR46 2GH,East of England,1,597692.05,39.902
YO68 3XB,Yorkshire and the Humber,1,597515.45,26.601
CO66 1UP,East of England,1,597408.02,13.3
PO3 8AX,South East,1,597098.53,39.9
WN49 6NH,North West,1,597086.37,26.6
DH87 6AE,North East,1,596693.7,26.598
LL57 5EB,Wales,1,596679.46,13.299
W15 2SM,Greater London,1,596673.15,26.598
M87 6MM,North West,1,596644.7,26.598
LU41 4CA,East of England,1,596277.73,13.298
N7 3HX,Greater London,1,596191.35,15.958
LU77 7CB,East of England,1,595997.22,39.894
WN67 6ES,North West,1,595939.34,26.596
L37 8HR,North West,1,595755.22,13.298
SE56 8BC,Greater London,1,595717.0,26.595
SO91 6MH,South East,1,595552.16,13.297
S25 5NW,Yorkshire and the Humber,1,595505.93,13.297
DN50 1HE,Yorkshire and the Humber,1,595361.41,13.297
PO62 1MT,South East,1,594890.21,13.296
SA72 5UF,Wales,1,594743.66,13.296
DL92 3TJ,North East,1,594576.09,13.296
AL79 3DX,East of England,1,594545.55,31.909
E61 6YE,Greater London,1,594528.94,63.819
WC54 1NU,Greater London,1,594287.09,13.295
EC24 4KU,Greater London,1,594179.46,39.885
CV33 2TC,West Midlands,1,594147.58,13.295
DY54 2ES,West Midlands,1,594124.62,26.59
CO20 4AX,East of England,1,593932.85,63.814
DN29 7BJ,Yorkshire and the Humber,1,593859.53,58.495
RH83 7XH,South East,1,593837.01,26.589
BS79 7XS,South West,1,593696.26,13.294
LU30 2JS,East of England,1,593624.91,26.588
CB77 5AY,East of England,1,593496.11,13.294
PR50 1ZM,North West,1,592956.02,15.951
OX22 3TR,South East,1,592642.08,39.877
BB90 3NM,North West,1,592637.65,39.877
GU72 6UV,South East,1,592600.62,13.292
RG80 2YZ,South East,1,592523.12,26.584
HU88 3AE,Yorkshire and the Humber,1,592358.43,15.95
OX85 6XV,South East,1,592217.59,39.875
NW24 5KV,Greater London,1,592178.31,53.166
EC85 7AT,Greater London,1,592125.39,39.874
BT35 1FZ,Northern Ireland,1,591981.29,26.582
SE25 3XN,Greater London,1,591782.33,39.873
DY53 3YY,West Midlands,1,591466.53,39.871
SY5 7PF,Wales,1,591383.68,26.58
DY68 6CD,West Midlands,1,591265.12,13.29
WA74 4DP,North West,1,590902.86,13.289
SR8 8FE,North East,1,590839.54,13.289
TR15 8PG,South West,1,590771.23,26.578
SE31 3BS,Greater London,1,590754.06,26.578
BT82 2GZ,Northern Ireland,1,590676.53,13.289
CF31 5KM,Wales,1,590676.3,26.578
BH12 5TY,South West,1,590347.64,31.892
RH4 8RH,South East,1,590193.64,13.288
EC64 6TR,Greater London,1,590085.97,13.288
DY74 8SW,West Midlands,1,590065.37,13.288
NW14 4WH,Greater London,1,590048.1,13.288
CM7 1UX,East of England,1,589784.37,26.575
BS19 6GT,South West,1,589608.29,26.574
WV54 4SJ,West Midlands,1,589593.59,13.287
DY75 1NY,West Midlands,1,589306.92,17.273
CF66 2CX,Wales,1,589297.34,13.287
TR49 7TW,South West,1,589245.89,26.573
TR13 4AH,South West,1,589171.58,26.573
HG71 5DB,Yorkshire and the Humber,1,588923.37,13.286
GU43 6SD,South East,1,588748.86,26.572
BT10 1TZ,Northern Ireland,1,588673.2,53.143
CO94 2HB,East of England,1,588451.66,13.285
DY28 5JN,West Midlands,1,588354.92,13.285
HD36 4NA,Yorkshire and the Humber,1,588179.22,39.854
IV80 7PB,Scotland,1,588168.23,39.854
BN80 7GU,South East,1,588165.23,47.825
M31 6CJ,North West,1,588156.58,13.285
NP35 5NC,Wales,1,588139.95,13.285
WS9 3JX,West Midlands,1,588046.39,13.285
EX3 1YF,South West,1,587883.96,39.853
ST48 1YJ,West Midlands,1,587820.5,13.284
SW57 5GA,Greater London,1,587651.29,26.568
CH11 7FS,North West,1,587614.77,13.284
BT48 6AH,Northern Ireland,1,587609.17,13.284
NG53 6HU,East Midlands,1,587604.88,13.284
WS25 4HM,West Midlands,1,587452.1,13.284
OX40 8NZ,South East,1,587288.22,26.567
WS67 6VM,West Midlands,1,587285.11,13.283
HU74 1JT,Yorkshire and the Humber,1,587205.13,13.283
EH61 5EZ,Scotland,1,587107.71,39.849
TR1 3RU,South West,1,586928.0,13.283
E19 4KU,Greater London,1,586637.45,26.564
HD56 1TE,Yorkshire and the Humber,1,586581.96,13.282
PO38 3EU,South East,1,586458.29,26.564
OX55 2KA,South East,1,586439.59,13.282
SO46 3TR,South East,1,586367.18,26.563
SW46 2YK,Greater London,1,586262.25,39.845
NW76 3DN,Greater London,1,586219.67,13.281
CH92 5HP,North West,1,586186.24,39.844
DD34 4YZ,Scotland,1,586076.75,13.281
E69 6BV,Greater London,1,586060.26,26.562
LU48 2VE,East of England,1,586010.61,13.281
OX64 5TY,South East,1,585934.41,39.843
G31 2XZ,Scotland,1,585744.0,13.281
S35 2PD,Yorkshire and the Humber,1,585675.27,26.561
NG34 3AX,East Midlands,1,585589.62,26.561
LS3 6MB,Yorkshire and the Humber,1,585167.57,26.559
PO76 1SG,South East,1,585086.09,39.839
DY93 2JT,West Midlands,1,585034.68,26.559
M57 8RT,North West,1,584816.38,13.279
WA94 6EF,North West,1,584777.1,13.279
B72 3ZD,West Midlands,1,584484.13,13.278
CV48 7VD,West Midlands,1,584474.08,26.557
NW27 6AG,Greater London,1,584382.36,39.835
EC54 2ND,Greater London,1,584361.12,34.524
SA45 7MB,Wales,1,584246.55,39.834
DN84 2UX,Yorkshire and the Humber,1,584226.49,13.278
CH31 5SX,North West,1,584122.19,15.933
BL70 4VM,North West,1,583678.16,13.277
SA80 3UZ,Wales,1,583631.42,26.554
LL91 7SB,Wales,1,583608.81,15.932
CV43 5YZ,West Midlands,1,583466.63,26.553
NW74 3JN,Greater London,1,582983.89,58.414
HD81 4CS,Yorkshire and the Humber,1,582925.44,13.276
AB67 2KD,Scotland,1,582909.3,13.276
DL45 7AD,North East,1,582908.77,13.276
WV9 8VY,West Midlands,1,582898.32,13.276
YO6 3TC,Yorkshire and the Humber,1,582845.87,39.827
SO2 4FY,South East,1,582805.09,13.276
G8 2GN,Scotland,1,582799.78,26.551
NW77 8GS,Greater London,1,582770.98,13.276
EC71 3WJ,Greater London,1,582581.09,39.826
DD84 7GH,Scotland,1,582314.15,13.275
NW67 3JT,Greater London,1,581821.49,13.274
DY43 2EJ,West Midlands,1,581700.48,39.821
PR26 3HU,North West,1,581698.97,26.547
BT93 4EV,Northern Ireland,1,581385.63,13.273
LL11 2XB,Wales,1,580885.05,39.817
YO96 1TC,Yorkshire and the Humber,1,580770.47,13.272
LL32 6XB,Wales,1,580730.72,53.088
N87 8EN,Greater London,1,580689.08,26.544
WC57 8CU,Greater London,1,580577.82,26.544
ST18 6NG,West Midlands,1,580557.06,31.852
PO73 1DS,South East,1,580466.33,26.543
DN76 4PH,Yorkshire and the Humber,1,580329.41,26.543
PO60 6ZA,South East,1,580322.36,13.271
NR49 7TN,East of England,1,580279.99,26.543
LU16 4JH,East of England,1,580024.19,39.812
HU7 5CW,Yorkshire and the Humber,1,579890.2,26.541
N28 4ZF,Greater London,1,579798.61,13.27
OX46 1AW,South East,1,579782.52,13.27
PO83 1ZW,South East,1,579573.78,53.08
PL88 1YS,South West,1,579422.98,53.079
ST29 8KY,West Midlands,1,578986.21,26.538
LL94 3MN,Wales,1,578742.91,13.269
TR73 2UD,South West,1,578515.35,39.805
PA16 8PS,Scotland,1,578451.55,39.804
L98 7KW,North West,1,578375.42,26.536
G61 1ZG,Scotland,1,578323.42,13.268
PO24 5PM,South East,1,578077.93,26.535
WA79 5EH,North West,1,578062.92,13.267
BS71 5VK,South West,1,577955.38,13.267
HD48 2HW,Yorkshire and the Humber,1,577919.88,34.495
N18 2JV,Greater London,1,577753.88,26.534
NN67 5EP,East Midlands,1,577747.09,26.534
BB19 1NN,North West,1,577739.4,26.534
BN10 5BR,South East,1,577723.12,13.267
GL97 7UB,South West,1,577431.25,13.266
WV37 5FV,West Midlands,1,577379.23,13.266
LL75 2GY,Wales,1,577311.1,13.266
RG3 2GG,South East,1,577251.8,39.798
SE29 5JM,Greater London,1,577215.06,15.919
SW5 6VP,Greater London,1,576667.44,31.836
BD17 6TP,Yorkshire and the Humber,1,576650.45,13.265
EH4 5RE,Scotland,1,576520.74,13.265
SE73 4NB,Greater London,1,576240.01,13.264
BT34 2VN,Northern Ireland,1,576182.19,53.057
SW88 7KH,Greater London,1,575944.91,39.791
WS36 1ZV,West Midlands,1,575790.64,13.264
IV54 1SP,Scotland,1,575757.06,13.263
TR85 4DN,South West,1,575599.3,13.263
RH39 3RB,South East,1,575399.8,13.263
E14 2FX,Greater London,1,575396.94,15.915
LS64 5VY,Yorkshire and the Humber,1,575234.84,13.263
RH49 3NM,South East,1,575134.77,13.262
W51 1CT,Greater London,1,574787.43,13.262
NG79 8TA,East Midlands,1,574749.41,13.262
BA67 4KW,South West,1,574744.61,13.262
EC61 2CA,Greater London,1,574726.31,13.262
CH71 5WE,North West,1,574584.68,39.784
HU56 2JR,Yorkshire and the Humber,1,574574.97,13.261
HG7 8XJ,Yorkshire and the Humber,1,574412.87,53.044
N70 8NG,Greater London,1,574360.4,15.913
BA5 6ZN,South West,1,574156.22,13.261
PR3 2MF,North West,1,574061.08,26.521
L71 3KT,North West,1,573771.07,26.52
SO66 8JX,South East,1,573607.76,26.519
G36 6GE,Scotland,1,573533.72,13.26
B87 6KT,West Midlands,1,573485.95,13.259
TR53 7AZ,South West,1,573392.26,26.519
NP98 5EF,Wales,1,573358.78,26.519
WC30 4CA,Greater London,1,573348.85,26.519
BA41 4KY,South West,1,573158.7,39.777
NW31 3XB,Greater London,1,573079.7,26.518
EH32 6KB,Scotland,1,573040.07,39.776
L37 3RP,North West,1,572916.62,13.258
NR65 1MA,East of England,1,572795.34,13.258
WV56 2KK,West Midlands,1,572747.13,13.258
EC79 3CC,Greater London,1,572552.31,26.516
BT34 1CK,Northern Ireland,1,572331.67,13.257
HD41 3XD,Yorkshire and the Humber,1,572218.62,13.257
NW97 7NY,Greater London,1,572118.33,26.514
DL93 6SF,North East,1,572099.43,15.908
CB40 6SW,East of England,1,571909.64,39.77
GL38 6BW,South West,1,571837.24,31.816
SW71 7MV,Greater London,1,571769.64,13.256
IV55 3VC,Scotland,1,571702.09,26.513
LN93 3ZX,East Midlands,1,571666.54,13.256
M63 1TM,North West,1,571364.09,13.256
B95 4YX,West Midlands,1,571123.57,13.255
WS5 8FJ,West Midlands,1,571040.53,13.255
EH11 5MP,Scotland,1,570949.96,53.02
WC95 5VX,Greater London,1,570837.79,26.51
CF22 2KU,Wales,1,570785.13,13.255
LU40 3FR,East of England,1,570736.06,53.019
M2 2VU,North West,1,570705.84,26.509
W40 2VC,Greater London,1,570684.11,39.764
PR50 2ED,North West,1,570617.26,13.254
GL21 6DB,South West,1,570442.44,13.254
WN24 1JP,North West,1,570186.35,13.254
LE41 7VA,East Midlands,1,569990.2,47.712
E29 5CM,Greater London,1,569932.98,13.253
SO32 8JJ,South East,1,569908.06,13.253
WC86 8UM,Greater London,1,569751.8,53.012
DY57 6ED,West Midlands,1,569750.87,13.253
NR69 5RW,East of England,1,569746.46,13.253
NP4 2AG,Wales,1,569657.5,39.758
HG28 5TB,Yorkshire and the Humber,1,569657.15,13.253
AB31 4XN,Scotland,1,569543.04,39.758
SE8 2BN,Greater London,1,569489.53,39.757
GL54 2MT,South West,1,569457.91,39.757
LS67 1EM,Yorkshire and the Humber,1,569425.93,13.252
N23 5NC,Greater London,1,569254.56,39.756
CO91 2SS,East of England,1,569166.81,13.252
IV7 5ER,Scotland,1,568243.61,26.501
E72 2HB,Greater London,1,568129.56,26.5
E89 1DF,Greater London,1,568127.09,39.75
LS47 7RA,Yorkshire and the Humber,1,568123.15,15.9
WA90 8HJ,North West,1,567941.93,26.5
LN61 2PN,East Midlands,1,567904.13,17.225
RG7 1TE,South East,1,567856.33,39.749
E80 7KB,Greater London,1,567661.37,13.249
W23 1AG,Greater London,1,567633.06,31.798
BT15 1DR,Northern Ireland,1,567421.51,39.747
CB70 8WV,East of England,1,567388.22,52.995
L10 4HD,North West,1,567281.85,26.497
PO2 8HX,South East,1,567264.25,13.249
CO83 4CK,East of England,1,567120.38,13.248
NW59 2BV,Greater London,1,566969.56,13.248
W73 3NA,Greater London,1,566879.46,13.248
DL56 7KN,North East,1,566602.96,13.247
SO6 4RJ,South East,1,566255.51,13.247
NW58 7SS,Greater London,1,566080.13,13.246
OX91 1PN,South East,1,566028.12,13.246
L22 6YB,North West,1,565977.01,13.246
BT65 3HH,Northern Ireland,1,565607.25,26.491
NP63 3BG,Wales,1,565586.72,26.491
NW22 7VW,Greater London,1,565488.34,13.245
LS66 1RY,Yorkshire and the Humber,1,565454.8,13.245
ST56 8KR,West Midlands,1,565308.48,13.245
AL15 2NX,East of England,1,565170.78,13.245
HG71 5CN,Yorkshire and the Humber,1,564919.12,26.489
OX78 2GU,South East,1,564914.52,13.244
LN80 7YH,East Midlands,1,564869.62,13.244
HG12 7XR,Yorkshire and the Humber,1,564831.2,13.244
DD23 6DH,Scotland,1,564562.09,13.244
SY52 5CK,Wales,1,564557.66,47.678
SW85 3MA,Greater London,1,564496.14,39.731
NW95 7GJ,Greater London,1,564494.02,39.731
LN77 5ZW,East Midlands,1,564275.19,13.243
DL4 2ZF,North East,1,564016.42,26.486
ST86 6WV,West Midlands,1,563838.27,26.485
BA48 1NB,South West,1,563747.23,13.242
BA93 6WU,South West,1,563530.18,26.484
AB72 6JY,Scotland,1,563528.76,26.484
SR5 7MU,North East,1,563428.2,26.484
OX66 2MD,South East,1,563228.98,13.241
TR1 8JU,South West,1,563177.7,26.483
CM41 2VR,East of England,1,562962.27,26.482
SE9 6NZ,Greater London,1,562921.64,26.482
CO43 5BT,East of England,1,562834.4,26.481
LL75 2CN,Wales,1,562711.8,26.481
M79 7HZ,North West,1,562695.49,47.666
DN8 6HU,Yorkshire and the Humber,1,562640.82,26.481
IP93 6RB,East of England,1,562634.55,13.24
BT75 1UN,Northern Ireland,1,562577.99,13.24
RG9 1BM,South East,1,562549.84,13.24
S71 7PF,Yorkshire and the Humber,1,562228.11,13.24
NN27 5HV,East Midlands,1,562160.53,26.479
WC97 6BC,Greater London,1,562075.63,17.211
HD29 7DE,Yorkshire and the Humber,1,562033.87,26.479
SW81 1YK,Greater London,1,561987.98,13.239
LD2 1VS,Wales,1,561860.51,17.211
TS34 3DK,North East,1,561766.32,13.239
RG2 3FC,South East,1,561611.59,13.239
E16 8BA,Greater London,1,561464.79,26.477
SY66 8UD,Wales,1,561375.29,51.629
PO94 6PX,South East,1,561363.08,26.476
SE81 5BG,Greater London,1,561349.54,26.476
NP16 1HF,Wales,1,561154.54,26.476
GU53 6AN,South East,1,561102.18,39.713
IV7 3CB,Scotland,1,560882.94,39.712
SE58 5NC,Greater London,1,560755.54,26.474
BB87 4UD,North West,1,560681.36,13.237
WV90 7BV,West Midlands,1,560534.17,13.237
BT33 5DK,Northern Ireland,1,560495.58,15.884
CH19 2VM,North West,1,560349.31,39.709
NR69 8FR,East of England,1,560336.59,26.473
SY85 5AK,Wales,1,560175.55,13.236
TR49 4UF,South West,1,560101.41,13.236
YO56 1NH,Yorkshire and the Humber,1,559893.62,52.942
WV20 1ZE,West Midlands,1,559656.38,26.47
SE12 7ZZ,Greater London,1,559255.84,26.469
BT98 2AS,Northern Ireland,1,559080.81,13.234
PO73 5WS,South East,1,559007.14,15.881
LE35 4KD,East Midlands,1,558929.39,26.468
DY67 4ES,West Midlands,1,558653.07,13.233
WC71 7NE,Greater London,1,558600.13,39.7
LU87 3EN,East of England,1,558599.34,39.7
B47 6KF,West Midlands,1,558540.03,13.233
AL58 3BW,East of England,1,558213.37,39.697
WN89 5ZP,North West,1,558037.45,26.464
NG11 4CR,East Midlands,1,557891.01,26.464
PR71 8JY,North West,1,557776.24,26.463
NW11 5JY,Greater London,1,557721.09,13.232
NN56 7MV,East Midlands,1,557614.7,13.231
WV59 3AT,West Midlands,1,557595.34,13.231
CF2 8XG,Wales,1,557525.39,26.463
S28 4WN,Yorkshire and the Humber,1,557321.73,13.231
WC64 6YJ,Greater London,1,557281.7,39.692
G88 6PA,Scotland,1,557191.36,13.231
YO44 4XA,Yorkshire and the Humber,1,557100.37,26.461
CB87 3ZB,East of England,1,557024.0,39.691
HD63 2VZ,Yorkshire and the Humber,1,556899.24,26.46
E49 2KK,Greater London,1,556838.63,39.69
G7 1HA,Scotland,1,556778.06,26.46
SO13 5CU,South East,1,556716.74,13.23
N5 7CF,Greater London,1,556692.41,26.46
DE43 2CX,East Midlands,1,556631.41,39.689
GL57 6EE,South West,1,556578.81,13.23
IV81 1PF,Scotland,1,556354.67,26.458
OX13 5DA,South East,1,556352.61,13.229
BH70 3DP,South West,1,556271.72,26.458
SO75 5AW,South East,1,556164.05,13.229
LS4 6SN,Yorkshire and the Humber,1,556130.18,15.875
N8 3PS,Greater London,1,556092.78,47.623
SW17 8AP,Greater London,1,555863.55,39.685
PA71 8BN,Scotland,1,555829.47,13.228
TR54 5ZH,South West,1,555803.3,26.456
M24 6MG,North West,1,555733.41,13.228
E83 5EB,Greater London,1,555728.62,52.912
PO59 4HA,South East,1,555662.04,34.393
SO76 5HC,South East,1,555562.08,13.228
BL15 1MH,North West,1,555475.44,13.228
E32 6AM,Greater London,1,555383.02,26.455
EC23 4CJ,Greater London,1,555366.88,13.227
SO46 2ZZ,South East,1,555322.53,39.682
LL65 2ZS,Wales,1,555316.73,13.227
SW82 8RZ,Greater London,1,555157.12,39.681
PR34 1DP,North West,1,555008.72,13.227
PO11 4VK,South East,1,554875.19,26.453
N78 8XX,Greater London,1,554861.69,13.226
CH23 4HW,North West,1,554818.44,13.226
NE24 7KT,North East,1,554777.99,26.453
SO33 8VV,South East,1,554697.06,26.452
IV50 3NY,Scotland,1,554664.03,13.226
BN27 6YU,South East,1,554621.61,13.226
WN71 3WA,North West,1,554588.05,26.452
BH82 7UU,South West,1,554464.7,13.226
N1 3EB,Greater London,1,554425.07,26.451
DL25 3BC,North East,1,554407.66,52.903
GU30 7GK,South East,1,554399.36,13.226
EH16 7AF,Scotland,1,554353.89,13.226
BD53 4KX,Yorkshire and the Humber,1,554187.21,31.741
PA10 7FY,Scotland,1,554153.84,13.225
S52 1YT,Yorkshire and the Humber,1,554076.13,13.225
WV33 7JH,West Midlands,1,553963.6,26.45
CB52 8RF,East of England,1,553936.87,13.225
BT13 2KE,Northern Ireland,1,553781.79,39.674
NP13 1EZ,Wales,1,553631.63,26.449
OX44 8ND,South East,1,553603.31,26.448
NW83 8XP,Greater London,1,553584.1,39.673
BL35 5BX,North West,1,553485.22,13.224
BT7 7YJ,Northern Ireland,1,553135.65,39.67
M50 4ZW,North West,1,553052.51,13.223
LE29 7KD,East Midlands,1,552668.04,26.445
EC37 4ZD,Greater London,1,552525.35,39.667
CH48 7SW,North West,1,552414.49,26.444
NR16 5UX,East of England,1,552328.23,26.444
SW14 1TU,Greater London,1,552134.44,52.886
AL76 6YW,East of England,1,551895.67,26.442
WC7 7VS,Greater London,1,551889.81,34.375
LN15 1RU,East Midlands,1,551784.88,13.221
YO47 3NG,Yorkshire and the Humber,1,551640.12,26.441
SO53 7YS,South East,1,551604.96,26.441
BT42 6RB,Northern Ireland,1,551301.9,26.44
EH94 6CM,Scotland,1,551115.09,26.439
NG54 5AA,East Midlands,1,551097.45,13.22
RH14 1VM,South East,1,551044.92,13.22
DN50 1ED,Yorkshire and the Humber,1,550977.08,19.829
BH43 5AY,South West,1,550958.61,15.863
BL88 1VY,North West,1,550845.99,13.219
WC30 1RG,Greater London,1,550705.82,31.725
LE80 4HH,East Midlands,1,550522.55,13.219
BA86 5ZM,South West,1,550382.85,26.437
NP55 6RJ,Wales,1,550271.32,13.218
ST65 2AP,West Midlands,1,550180.96,26.436
PA4 5FH,Scotland,1,550014.45,39.653
WV22 3TU,West Midlands,1,549997.08,13.218
SW88 6WD,Greater London,1,549890.77,13.217
IP67 3RR,East of England,1,549851.81,39.652
E63 3NU,Greater London,1,549649.98,26.434
NN90 8SS,East Midlands,1,549620.83,39.651
CH12 6XN,North West,1,549255.88,26.433
NN20 3PF,East Midlands,1,549096.99,31.718
SE30 5YH,Greater London,1,549059.29,31.718
CV70 5DB,West Midlands,1,549028.89,39.648
BN73 8WU,South East,1,548893.87,13.216
PO34 8ME,South East,1,548846.69,13.216
SY87 6GV,Wales,1,548706.29,26.431
NW60 6SU,Greater London,1,548497.15,63.432
M93 4BT,North West,1,548349.16,13.215
BN17 4ED,South East,1,548326.8,26.429
W61 4HK,Greater London,1,548295.24,39.644
SE21 4ZZ,Greater London,1,548286.0,26.429
WV30 1PG,West Midlands,1,548092.9,13.214
BL75 7ZN,North West,1,547953.07,13.214
YO82 6XW,Yorkshire and the Humber,1,547857.18,13.214
WN84 8XT,North West,1,547781.74,15.856
NG66 6JG,East Midlands,1,547495.38,13.213
NW27 1BN,Greater London,1,547413.95,26.426
SE42 4FN,Greater London,1,547345.51,26.426
AB78 3VK,Scotland,1,547225.88,52.85
TS50 4AM,North East,1,547170.52,34.353
BA45 5VB,South West,1,547082.25,26.425
NE6 6HS,North East,1,546961.61,13.212
SR78 7AB,North East,1,546909.36,13.212
SA61 6WZ,Wales,1,546877.51,26.424
CO81 5XZ,East of England,1,546842.38,13.212
WS95 3UK,West Midlands,1,546838.12,13.212
M92 4TA,North West,1,546794.43,13.212
LL33 1FS,Wales,1,546611.27,39.634
SW58 1RF,Greater London,1,546609.59,39.634
NE87 6XD,North East,1,546368.5,13.211
DL38 6ZT,North East,1,546237.23,39.632
WV59 3TA,West Midlands,1,546183.1,15.853
SE74 3PF,Greater London,1,545657.77,13.21
W48 5EJ,Greater London,1,545529.33,13.21
B10 5XD,West Midlands,1,545528.24,13.21
NW54 8PR,Greater London,1,545490.4,63.405
NR48 6EW,East of England,1,545487.54,13.209
DY65 7ZY,West Midlands,1,545478.16,26.419
PA42 6ZG,Scotland,1,545044.45,39.626
TR53 5GY,South West,1,544959.61,13.208
CO19 8WS,East of England,1,544942.09,39.625
SE30 3TX,Greater London,1,544890.73,17.171
NW78 2NT,Greater London,1,544768.16,39.624
DN26 7ZF,Yorkshire and the Humber,1,544690.8,13.208
SO92 1YS,South East,1,544632.16,26.416
HU71 3SF,Yorkshire and the Humber,1,544491.03,13.208
OX10 3PP,South East,1,544269.33,26.414
N96 7EZ,Greater London,1,544114.68,26.414
HD6 7GB,Yorkshire and the Humber,1,543878.75,13.206
NW56 1KA,Greater London,1,543820.69,26.413
EC24 8FS,Greater London,1,543776.47,26.413
BH29 5AA,South West,1,543592.0,39.618
N21 3HJ,Greater London,1,543589.89,26.412
NR29 5PP,East of England,1,543557.98,26.412
WV80 5VZ,West Midlands,1,543524.13,26.412
NW54 6FT,Greater London,1,543261.29,13.205
BT7 4TC,Northern Ireland,1,542862.52,26.409
OX10 5FS,South East,1,542839.73,13.205
RH1 4PX,South East,1,542808.45,39.614
B27 6ED,West Midlands,1,542531.0,13.204
CB67 2WZ,East of England,1,542520.52,13.204
TS19 1BU,North East,1,542444.13,52.815
SO54 2KG,South East,1,542311.91,39.611
BB13 7RW,North West,1,541755.75,26.405
SE3 5RH,Greater London,1,541594.36,13.202
WC96 8JW,Greater London,1,541537.57,31.685
BN29 1TX,South East,1,541461.66,39.606
LU67 3CY,East of England,1,541453.38,39.606
WN23 2SU,North West,1,541366.56,39.606
PO98 3VX,South East,1,541366.21,13.202
N55 1NY,Greater London,1,541084.89,39.604
W57 4DF,Greater London,1,541031.54,52.805
IV6 8DS,Scotland,1,541020.15,26.402
EC98 2WN,Greater London,1,540796.71,26.402
EC54 5KZ,Greater London,1,540794.09,13.201
SO65 4NN,South East,1,540718.03,26.401
SE66 6KK,Greater London,1,540613.47,13.2
CV14 4CB,West Midlands,1,540577.57,13.2
SO55 4SS,South East,1,540556.22,13.2
E10 5ZB,Greater London,1,540512.82,13.2
NR58 2FJ,East of England,1,540468.52,39.601
L15 6PR,North West,1,540348.32,26.4
L15 3WM,North West,1,540118.52,13.2
GU49 7UN,South East,1,540049.89,13.199
WS62 1KT,West Midlands,1,539923.55,52.797
SE73 1VB,Greater London,1,539738.67,39.597
SW91 8YN,Greater London,1,539575.29,26.397
BT48 1CN,Northern Ireland,1,539561.06,13.199
B94 2HN,West Midlands,1,539428.98,39.595
WC6 4CU,Greater London,1,539383.69,13.198
BD14 3RE,Yorkshire and the Humber,1,539376.89,26.396
BL53 2DV,North West,1,539307.43,39.594
W71 2YU,Greater London,1,539303.05,13.198
M76 4XN,North West,1,539303.02,13.198
BH96 4WG,South West,1,539254.73,13.198
RH90 3JU,South East,1,539209.26,26.396
GU98 4PZ,South East,1,539197.77,52.791
SE93 3MC,Greater London,1,539137.22,52.791
LL34 8UA,Wales,1,538789.06,13.197
PR47 7UD,North West,1,538756.45,26.394
LE10 5AW,East Midlands,1,538511.24,13.197
B42 3UT,West Midlands,1,538448.66,26.393
TS37 3FU,North East,1,538107.1,13.196
AL29 7HB,East of England,1,538091.18,52.783
G71 6MT,Scotland,1,537906.22,13.195
E48 7FB,Greater London,1,537888.06,39.586
WC64 4VX,Greater London,1,537693.42,39.585
PO16 6SB,South East,1,537664.65,14.514
CO28 6CP,East of England,1,537590.81,13.195
BS95 2YP,South West,1,537501.11,13.195
BN86 6MV,South East,1,537428.64,13.195
L70 5GY,North West,1,537220.95,26.388
HG8 4WR,Yorkshire and the Humber,1,537031.39,13.194
PO95 2UK,South East,1,536970.51,39.581
NW66 5YT,Greater London,1,536965.09,15.832
EC26 5YY,Greater London,1,536870.74,26.387
BN39 4XA,South East,1,536709.35,26.386
HG80 2XP,Yorkshire and the Humber,1,536626.98,39.579
WN32 6TN,North West,1,536506.99,13.193
WS44 2HS,West Midlands,1,536457.74,17.151
HD11 7RA,Yorkshire and the Humber,1,536253.78,13.192
IP61 1RR,East of England,1,536225.83,13.192
RH79 7UE,South East,1,536197.34,26.385
DH81 2ED,North East,1,536181.13,13.192
LE41 7JD,East Midlands,1,536163.6,13.192
BL56 6NZ,North West,1,536153.29,26.384
IP66 5KR,East of England,1,536152.49,26.384
N13 6TW,Greater London,1,535902.68,39.575
SE6 4VR,Greater London,1,535885.5,39.575
IP54 7HE,East of England,1,535883.6,52.767
SA86 7MB,Wales,1,535875.67,13.192
W21 5JH,Greater London,1,535825.31,47.49
SA89 5PV,Wales,1,535708.17,39.574
AB34 3RD,Scotland,1,535667.17,26.383
OX85 2SH,South East,1,535513.57,13.191
SW91 5CU,Greater London,1,535503.4,13.191
WA83 7KK,North West,1,535454.0,26.382
LS10 2MR,Yorkshire and the Humber,1,535412.0,15.829
CF63 2MT,Wales,1,535299.82,13.191
L92 4AA,North West,1,535156.62,13.19
PO79 1GY,South East,1,535138.88,26.381
PA25 3HE,Scotland,1,535041.23,13.19
EC70 8ER,Greater London,1,535033.13,13.19
SE71 3BH,Greater London,1,535020.41,13.19
BN54 2SB,South East,1,534961.97,52.76
LS66 3SR,Yorkshire and the Humber,1,534862.62,13.19
CF21 1DS,Wales,1,534692.62,13.189
BD41 3NJ,Yorkshire and the Humber,1,534553.76,26.378
SE74 8YB,Greater London,1,534529.69,26.378
OX52 7RZ,South East,1,533981.28,13.188
WS5 7EM,West Midlands,1,533893.14,26.376
SO64 2CS,South East,1,533834.41,13.188
CO5 6NW,East of England,1,533768.24,26.375
CH87 2CF,North West,1,533688.28,13.188
E9 6RG,Greater London,1,533624.2,13.187
M4 1ZP,North West,1,533423.67,13.187
DD21 6TW,Scotland,1,533420.58,26.374
NR50 5VN,East of England,1,533404.27,13.187
NE92 8MG,North East,1,533298.6,13.187
SY9 4HK,Wales,1,533142.6,31.648
AL55 5YE,East of England,1,533085.65,13.186
BL31 2EX,North West,1,533046.72,13.186
CV40 7TR,West Midlands,1,532813.8,26.372
BN21 5PG,South East,1,532685.7,26.371
CV44 8UB,West Midlands,1,532580.2,13.185
BA75 4TB,South West,1,532550.91,39.556
SW50 4RX,Greater London,1,532531.56,13.185
W8 5WA,Greater London,1,532526.49,13.185
SW93 3TD,Greater London,1,532417.36,13.185
B40 5DD,West Midlands,1,532356.71,26.37
WV11 5HM,West Midlands,1,532260.55,26.37
SY10 8NV,Wales,1,532136.98,13.185
CM71 4VR,East of England,1,532128.41,31.643
PO91 7DA,South East,1,532082.23,13.185
N77 2NJ,Greater London,1,532055.58,34.28
BD78 3HC,Yorkshire and the Humber,1,531994.19,13.184
RH59 6EK,South East,1,531987.56,29.006
RH40 5RY,South East,1,531915.64,26.368
DY30 1GB,West Midlands,1,531688.11,39.551
N94 3FV,Greater London,1,531649.21,26.367
EC78 7XW,Greater London,1,531447.54,26.367
WA78 3MH,North West,1,531369.67,13.183
G73 4AA,Scotland,1,531222.31,26.366
BL85 4FT,North West,1,530921.68,26.365
LE74 2EF,East Midlands,1,530830.73,15.819
N25 4TT,Greater London,1,530789.64,39.546
NW19 6YB,Greater London,1,530749.06,13.182
WS47 8YY,West Midlands,1,530606.42,17.136
BT10 2HH,Northern Ireland,1,530485.81,13.182
WV33 6RP,West Midlands,1,530339.43,26.363
BA50 1HJ,South West,1,530210.75,13.181
E72 2XZ,Greater London,1,530190.53,13.181
BD67 3NB,Yorkshire and the Humber,1,530131.09,26.362
AL73 6UY,East of England,1,529986.03,13.181
WC90 5CH,Greater London,1,529709.88,52.72
PR66 2CN,North West,1,529555.98,26.36
BT91 2BA,Northern Ireland,1,529473.57,13.18
DN64 5DF,Yorkshire and the Humber,1,529078.31,13.179
N83 5CT,Greater London,1,528947.56,26.357
W44 3AY,Greater London,1,528810.24,26.357
EC7 6BH,Greater London,1,528792.17,52.713
DY66 8WG,West Midlands,1,528715.49,34.263
DL71 3TJ,North East,1,528659.43,15.814
DE18 5FB,East Midlands,1,528596.34,13.178
NP77 7RN,Wales,1,528560.88,26.356
M61 3YG,North West,1,528356.3,26.355
NP27 4GG,Wales,1,528299.95,17.131
RH90 2BW,South East,1,528160.0,47.438
DY55 4NN,West Midlands,1,528081.73,47.437
WV43 1TN,West Midlands,1,527827.52,26.353
B29 5UK,West Midlands,1,527727.7,13.176
DE80 7PY,East Midlands,1,527476.65,15.811
PA39 8ZC,Scotland,1,527155.61,13.175
M79 7WR,North West,1,527129.4,26.35
SR79 3TB,North East,1,527022.94,26.35
N35 7DY,Greater London,1,526907.43,34.254
W76 4UW,Greater London,1,526827.92,26.349
N62 3BW,Greater London,1,526772.28,68.508
OX54 8RZ,South East,1,526590.96,39.523
IV75 4RE,Scotland,1,526549.96,26.348
WC61 1NZ,Greater London,1,526295.34,13.174
CB76 3YE,East of England,1,526143.24,15.808
AL92 7FB,East of England,1,526126.95,13.173
SA76 1RW,Wales,1,526065.46,26.346
M30 2RY,North West,1,525938.16,26.346
BH5 7GZ,South West,1,525899.21,26.346
PO18 4EU,South East,1,525607.76,13.172
DN56 3UT,Yorkshire and the Humber,1,525477.08,26.344
EC36 7CR,Greater London,1,525418.23,13.172
SW32 6MJ,Greater London,1,525023.57,15.805
CV16 3MH,West Midlands,1,524942.38,26.342
E15 2XX,Greater London,1,524797.63,39.512
BT80 3MJ,Northern Ireland,1,524626.46,13.17
NN93 5CV,East Midlands,1,524602.4,26.341
W61 3TR,Greater London,1,524593.27,26.341
WA21 7CZ,North West,1,524546.44,39.511
EC72 4MF,Greater London,1,524387.67,13.17
SE10 5TZ,Greater London,1,524336.56,39.51
EC6 1MX,Greater London,1,524285.41,13.17
NW63 6VX,Greater London,1,524207.87,13.17
BA5 1TP,South West,1,524170.68,13.17
RH88 8SH,South East,1,524165.14,13.17
IV76 2ZM,Scotland,1,524072.86,13.169
OX33 4PJ,South East,1,524005.41,26.339
HG82 3AS,Yorkshire and the Humber,1,523787.83,26.338
N82 6KV,Greater London,1,523710.73,26.337
HG88 3CV,Yorkshire and the Humber,1,523621.18,39.506
M78 4ZS,North West,1,523487.12,13.168
BL49 3JG,North West,1,523459.84,26.336
HU97 4XC,Yorkshire and the Humber,1,523349.94,13.168
SW17 1JW,Greater London,1,523268.89,26.336
B92 5NJ,West Midlands,1,523246.28,17.118
SW57 8NX,Greater London,1,523229.89,26.336
NG52 4FB,East Midlands,1,523148.21,26.335
WC90 1KT,Greater London,1,523105.21,31.602
AL14 4EN,East of England,1,523032.54,15.801
ST47 5EB,West Midlands,1,522937.87,13.167
S94 2FV,Yorkshire and the Humber,1,522925.2,13.167
WN35 6JU,North West,1,522921.11,26.334
CH18 6HF,North West,1,522811.04,26.334
BS64 5JK,South West,1,522606.13,39.5
BD52 2PG,Yorkshire and the Humber,1,522572.96,13.167
TR71 7CB,South West,1,522562.95,13.167
RH76 5GW,South East,1,522532.24,13.166
L71 2TG,North West,1,522434.87,39.499
WV88 8MG,West Midlands,1,522418.89,26.332
SW39 3XK,Greater London,1,522322.53,13.166
BA14 6WY,South West,1,522291.67,39.498
EH92 8KD,Scotland,1,522220.07,13.166
SA98 1MH,Wales,1,522074.35,26.331
HU59 7UG,Yorkshire and the Humber,1,522072.46,26.331
HD98 2UV,Yorkshire and the Humber,1,522027.2,13.165
NW5 8SA,Greater London,1,521697.26,13.165
DH42 1PT,North East,1,521491.12,26.329
IV26 2JX,Scotland,1,521383.86,39.493
L3 3RS,North West,1,521339.93,26.328
DY34 7ZX,West Midlands,1,521318.59,26.328
M85 7AB,North West,1,520845.67,39.49
WC89 8HP,Greater London,1,520825.26,39.49
WC66 8UH,Greater London,1,520749.65,39.489
WN45 2AP,North West,1,520704.06,13.163
B65 3GZ,West Midlands,1,520692.11,26.326
BN7 4EK,South East,1,520562.23,13.163
BL68 6FD,North West,1,520397.23,13.162
W45 7PB,Greater London,1,520365.37,26.325
E63 6PD,Greater London,1,520279.28,13.162
AB56 1EC,Scotland,1,520253.91,39.486
DE1 4KK,East Midlands,1,520228.74,26.324
G80 3SS,Scotland,1,520213.08,26.324
N55 3AN,Greater London,1,520175.31,39.486
DD77 6YS,Scotland,1,520028.29,26.323
AL27 4PD,East of England,1,520028.04,13.162
L71 6RD,North West,1,519928.1,26.323
BT38 4NE,Northern Ireland,1,519838.76,26.323
PR26 6TD,North West,1,519716.76,13.161
EC76 7NE,Greater London,1,519697.36,26.322
LN25 1UK,East Midlands,1,519540.56,17.109
BB56 3FK,North West,1,519520.18,39.482
RG31 3ZG,South East,1,519397.55,52.642
IP49 5KN,East of England,1,519356.85,39.481
WA50 8TY,North West,1,519315.92,52.641
EC22 4MV,Greater London,1,519203.77,13.16
N91 6VR,Greater London,1,519199.17,13.16
NG63 6VW,East Midlands,1,519162.06,26.32
SO13 7AU,South East,1,519030.48,26.319
NW27 5HY,Greater London,1,519012.3,13.16
N89 5HX,Greater London,1,518831.12,39.478
EX33 6BK,South West,1,518788.86,26.319
TR58 8MJ,South West,1,518778.72,26.318
DN22 1MW,Yorkshire and the Humber,1,518750.94,13.159
BL13 4GX,North West,1,518713.25,39.477
OX3 1EU,South East,1,518562.69,13.159
RG35 8KN,South East,1,518439.11,13.159
W6 7AU,Greater London,1,518397.47,13.158
E28 2NR,Greater London,1,518251.19,13.158
L11 5GK,North West,1,518244.88,13.158
IV74 6PF,Scotland,1,518209.92,13.158
AB21 3RB,Scotland,1,518063.22,26.316
NR69 8GZ,East of England,1,517844.09,52.63
PA85 2XC,Scotland,1,517795.12,39.472
CV4 2MK,West Midlands,1,517730.2,26.314
NN45 3EA,East Midlands,1,517629.13,13.157
BB74 1ZU,North West,1,517615.6,39.471
G28 1PE,Scotland,1,517535.66,13.157
SO49 4UH,South East,1,517401.42,13.157
M97 3ZE,North West,1,517265.13,26.313
M53 4ZW,North West,1,517126.4,26.312
WN31 2WU,North West,1,517033.87,26.312
SO87 6AD,South East,1,516841.06,26.311
BD64 6RZ,Yorkshire and the Humber,1,516777.79,13.155
WS71 7WB,West Midlands,1,516470.84,13.155
N96 1BU,Greater London,1,516433.48,13.155
CH83 1TV,North West,1,516346.92,13.155
DN34 3WC,Yorkshire and the Humber,1,516150.08,39.462
W89 3GD,Greater London,1,516142.62,13.154
EC97 8HT,Greater London,1,516018.1,26.308
SW19 6DZ,Greater London,1,515913.93,26.307
SO65 6ED,South East,1,515840.21,26.307
BN87 7MK,South East,1,515803.53,13.153
RG16 6MN,South East,1,515706.42,26.307
BB16 4EV,North West,1,515494.2,26.306
PR17 5JN,North West,1,515486.93,39.459
DN60 4ZB,Yorkshire and the Humber,1,515382.41,52.611
DN70 5CU,Yorkshire and the Humber,1,515379.38,15.783
CH36 1RA,North West,1,515377.56,26.305
EC93 5SP,Greater London,1,515334.24,52.61
AL7 1BV,East of England,1,515328.04,39.458
L83 4VV,North West,1,515253.13,26.305
WN76 1VH,North West,1,515202.93,26.305
LU69 3GP,East of England,1,515086.32,39.456
IP2 6UG,East of England,1,515066.82,39.456
NP27 7JK,Wales,1,514982.77,52.608
M1 6WU,North West,1,514880.09,13.152
CO85 1JK,East of England,1,514794.48,26.303
WS56 1AG,West Midlands,1,514784.79,13.152
EC92 4SN,Greater London,1,514548.39,26.302
NG22 8YT,East Midlands,1,514516.49,13.151
RG22 8MC,South East,1,514503.35,39.453
IV40 7XU,Scotland,1,514406.45,13.151
W40 1UF,Greater London,1,514403.93,13.151
PR93 8AX,North West,1,514220.86,13.15
LU81 2MV,East of England,1,514154.33,13.15
NR52 2NW,East of England,1,514138.77,39.451
CB36 3WN,East of England,1,513991.68,17.095
W28 2MV,Greater London,1,513834.24,52.599
HU55 3PE,Yorkshire and the Humber,1,513369.43,26.298
AB34 1VN,Scotland,1,513202.37,13.148
WA59 8NX,North West,1,513009.93,13.148
LU51 2KE,East of England,1,512921.24,13.148
SW5 3UR,Greater London,1,512918.18,13.148
SE66 3ZA,Greater London,1,512764.99,13.148
SE87 8CM,Greater London,1,512669.21,26.295
NW48 4EZ,Greater London,1,512537.14,13.147
BD40 8NW,Yorkshire and the Humber,1,512251.47,13.147
B20 4HJ,West Midlands,1,512212.9,13.146
E12 4EP,Greater London,1,512176.05,13.146
NP54 8BV,Wales,1,512088.25,13.146
EC16 2TJ,Greater London,1,511951.06,13.146
DL21 4ME,North East,1,511920.81,13.146
PO42 4FM,South East,1,511864.92,26.292
WS82 3PU,West Midlands,1,511784.13,13.146
NW32 2UB,Greater London,1,511777.83,13.146
NR95 8PC,East of England,1,511770.67,39.437
EH86 5CB,Scotland,1,511561.44,26.29
EC84 6RJ,Greater London,1,511532.91,26.29
N64 1NX,Greater London,1,511524.82,26.29
AB93 7JM,Scotland,1,511510.72,13.145
BN68 7CA,South East,1,511249.87,26.289
WS83 6NN,West Midlands,1,511147.59,13.144
CM71 5EE,East of England,1,511035.75,26.288
LU55 7DW,East of England,1,510931.14,39.432
SE14 2TU,Greater London,1,510898.23,13.144
NW53 1JS,Greater London,1,510887.93,13.144
W33 2GF,Greater London,1,510883.63,26.288
YO76 7DF,Yorkshire and the Humber,1,510791.43,39.431
NW48 8DV,Greater London,1,510732.45,26.287
CM85 8KC,East of England,1,510647.92,13.143
SE57 5UH,Greater London,1,510528.05,39.43
L44 3WA,North West,1,510410.95,26.286
DN30 1XW,Yorkshire and the Humber,1,510337.52,13.143
BN37 3HW,South East,1,510253.0,26.285
WS51 7NW,West Midlands,1,510139.06,26.285
WC31 5WY,Greater London,1,509671.39,26.283
RG25 6EW,South East,1,509648.76,13.141
GL24 3WA,South West,1,509585.2,39.424
S17 2NN,Yorkshire and the Humber,1,509577.59,39.424
CB6 3HJ,East of England,1,509576.22,13.141
DE43 5VP,East Midlands,1,509501.54,26.282
BT70 7GE,Northern Ireland,1,509448.84,13.141
CH30 6CC,North West,1,509423.69,39.423
RH62 7FD,South East,1,509420.29,26.282
L19 7ZV,North West,1,509413.68,26.282
BH21 5BS,South West,1,509328.61,39.423
ST5 5WA,West Midlands,1,509211.54,26.281
YO33 7JN,Yorkshire and the Humber,1,509098.02,13.14
SW84 6JC,Greater London,1,509060.07,13.14
LL35 5BF,Wales,1,508932.07,26.28
SR75 6WM,North East,1,508931.14,13.14
WS92 2TP,West Midlands,1,508908.59,13.14
LU63 3PC,East of England,1,508860.0,26.28
BT98 5NS,Northern Ireland,1,508725.25,15.768
BD71 1PE,Yorkshire and the Humber,1,508688.45,26.279
CM75 5CE,East of England,1,508560.24,26.279
NG92 8YP,East Midlands,1,508550.63,26.279
BL78 7RS,North West,1,508491.22,13.139
CM55 4DS,East of England,1,508438.04,63.068
EC19 1GS,Greater London,1,508391.86,13.139
DY76 5PH,West Midlands,1,508363.68,13.139
GL59 7PY,South West,1,508317.49,13.139
BT66 7RB,Northern Ireland,1,508312.2,39.417
DY30 1KV,West Midlands,1,508191.32,13.139
N65 8PW,Greater London,1,508186.27,13.139
NR71 5PA,East of England,1,507886.75,13.138
B40 1YC,West Midlands,1,507885.74,26.276
WS66 5AC,West Midlands,1,507868.68,39.414
HU7 6BH,Yorkshire and the Humber,1,507788.9,52.551
PO42 8DX,South East,1,507726.93,13.138
DY56 3PT,West Midlands,1,507689.18,39.413
NR26 5AY,East of England,1,507611.46,26.275
PR70 5MU,North West,1,507587.71,13.137
W43 7XW,Greater London,1,507533.47,39.412
HG56 1HW,Yorkshire and the Humber,1,507417.49,26.274
CB9 2HD,East of England,1,507218.65,26.273
PO93 8ZV,South East,1,507156.13,31.528
WC52 5XF,Greater London,1,506984.37,39.409
WV42 2KP,West Midlands,1,506972.79,13.136
GU65 1MC,South East,1,506936.16,26.272
EC95 4DD,Greater London,1,506697.06,13.136
LS24 1GU,Yorkshire and the Humber,1,506648.35,13.136
N69 3TJ,Greater London,1,506583.9,31.525
IV44 8HY,Scotland,1,506243.31,13.135
EX32 3NN,South West,1,506193.32,13.135
GU79 7ME,South East,1,506047.42,13.134
DH43 2TR,North East,1,506027.91,13.134
SE2 7UG,Greater London,1,505863.31,13.134
AB96 2AB,Scotland,1,505826.29,13.134
N48 1KJ,Greater London,1,505784.27,13.134
BB3 4BZ,North West,1,505759.29,26.268
GU85 2EB,South East,1,505553.42,39.4
WV42 3RE,West Midlands,1,505347.46,13.133
TR27 4UH,South West,1,505328.12,13.133
BT11 8EP,Northern Ireland,1,505296.74,13.133
PA24 7WE,Scotland,1,505168.78,26.265
CO47 7ZJ,East of England,1,505149.31,13.133
PO88 2CG,South East,1,504978.95,39.397
PO9 2UP,South East,1,504954.66,39.397
CO7 2FR,East of England,1,504939.51,26.264
NP5 7BH,Wales,1,504839.72,26.264
WN44 3RC,North West,1,504821.45,52.528
BT74 5AR,Northern Ireland,1,504732.41,13.132
W84 3FZ,Greater London,1,504575.47,13.131
BN82 1WW,South East,1,504518.5,39.394
BA46 3WS,South West,1,504508.13,13.131
E11 6GZ,Greater London,1,504466.1,39.394
SO93 3FT,South East,1,504416.51,13.131
GU46 8KF,South East,1,504102.24,26.261
HD50 8MN,Yorkshire and the Humber,1,504095.36,26.261
WV31 4VS,West Midlands,1,504077.68,13.13
SE8 1AS,Greater London,1,503649.51,26.259
PR76 3JD,North West,1,503494.39,26.259
PL82 5YN,South West,1,503373.56,13.129
L1 1TA,North West,1,503213.22,13.129
SR75 1FW,North East,1,503072.54,13.128
OX20 3TA,South East,1,502824.47,13.128
LE21 5MF,East Midlands,1,502758.94,13.128
RH51 1EB,South East,1,502598.92,13.128
SR91 5MW,North East,1,502587.26,26.255
BN15 1VW,South East,1,502476.07,26.255
DD84 2DZ,Scotland,1,502296.93,17.065
CO23 4FS,East of England,1,502002.72,26.253
W80 7JU,Greater London,1,501890.23,26.252
DL23 7UR,North East,1,501862.25,13.126
SA64 7ZB,Wales,1,501854.2,39.378
DD66 8EV,Scotland,1,501739.11,26.252
LD66 4RE,Wales,1,501584.46,52.502
W33 1JB,Greater London,1,501465.87,13.125
SW48 8XF,Greater London,1,501420.81,39.376
HG31 6NW,Yorkshire and the Humber,1,501418.66,15.75
EC45 7RY,Greater London,1,501208.32,26.25
EC95 4VZ,Greater London,1,501125.34,13.125
M30 1UR,North West,1,501118.26,43.311
CO57 6WV,East of England,1,501081.35,39.374
TS30 7UV,North East,1,500991.93,13.124
N44 7FG,Greater London,1,500988.92,26.249
BD20 8EC,Yorkshire and the Humber,1,500888.47,13.124
LE58 2WY,East Midlands,1,500839.5,13.124
M56 4VY,North West,1,500830.22,13.124
SW4 8NZ,Greater London,1,500768.63,26.248
SE30 7KZ,Greater London,1,500509.6,39.37
ST33 7HT,West Midlands,1,500487.86,26.247
WC56 2FN,Greater London,1,500304.39,26.246
PR26 8PT,North West,1,500226.43,13.123
HU61 7XE,Yorkshire and the Humber,1,500011.2,13.122
NG37 6EJ,East Midlands,1,500001.42,13.122
PO52 8PE,South East,1,499981.73,26.245
BT59 4CA,Northern Ireland,1,499823.59,13.122
SA3 4DW,Wales,1,499813.03,26.244
WC59 3XJ,Greater London,1,499719.34,13.122
AL72 6RA,East of England,1,499717.74,13.122
CH52 6JJ,North West,1,499673.13,13.122
BT20 4EB,Northern Ireland,1,499650.58,13.122
PA24 7XA,Scotland,1,499547.72,13.121
L92 6GS,North West,1,499530.37,26.243
NN2 3VX,East Midlands,1,499520.64,13.121
AB38 6WB,Scotland,1,499488.77,26.243
SE9 4SU,Greater London,1,499368.64,13.121
BA34 3TH,South West,1,499340.29,13.121
PR29 5SP,North West,1,499263.06,26.242
LN47 5VT,East Midlands,1,499142.6,26.241
CO60 7NJ,East of England,1,499106.29,13.121
W7 5TJ,Greater London,1,499093.48,13.121
ST46 6FM,West Midlands,1,499054.85,13.12
OX7 3XJ,South East,1,499012.25,39.361
EC15 8AD,Greater London,1,498927.68,13.12
SO93 1GX,South East,1,498926.87,31.489
BT70 3ZK,Northern Ireland,1,498873.56,26.24
WS35 5HK,West Midlands,1,498763.51,13.12
SE22 8EY,Greater London,1,498678.24,26.239
WC95 1UA,Greater London,1,498608.94,26.239
CV1 3XS,West Midlands,1,498464.81,13.119
PR62 5DV,North West,1,498460.94,13.119
CF55 2DY,Wales,1,498327.64,13.119
BS70 5AB,South West,1,498312.67,13.119
PR11 6DG,North West,1,498308.83,31.486
RG97 7TF,South East,1,498051.43,26.237
RH52 8PC,South East,1,497886.27,13.118
CB18 2CS,East of England,1,497820.99,39.354
SA93 4KY,Wales,1,497759.12,13.118
LE96 4JT,East Midlands,1,497479.97,13.117
NR14 8HU,East of England,1,497479.87,13.117
EC6 5GA,Greater London,1,497433.39,39.352
ST62 5VK,West Midlands,1,497379.54,13.117
G47 2TZ,Scotland,1,497378.52,13.117
W98 6DT,Greater London,1,497277.6,13.117
GL65 8MS,South West,1,497231.39,26.234
CV64 3WY,West Midlands,1,497043.53,13.116
SE25 5CP,Greater London,1,496997.38,17.051
WN89 1DE,North West,1,496856.6,51.153
PO51 5DZ,South East,1,496784.8,26.232
N63 1UH,Greater London,1,496776.74,13.116
NP62 2YJ,Wales,1,496706.29,13.116
SO36 7BN,South East,1,496693.66,13.116
SO76 5UK,South East,1,496675.87,52.463
SO48 6HJ,South East,1,496661.01,52.463
E3 8BS,Greater London,1,496541.65,39.346
CH86 3FJ,North West,1,496324.95,26.23
SA72 7NT,Wales,1,496226.86,15.738
E15 6XC,Greater London,1,496092.41,39.344
TS53 4YU,North East,1,496080.54,26.229
IP66 5ZF,East of England,1,496014.52,13.114
AB30 8UK,Scotland,1,495809.21,13.114
BT77 4GA,Northern Ireland,1,495785.38,39.342
RG68 8RE,South East,1,495771.77,39.342
E31 6RE,Greater London,1,495755.68,39.342
AL70 8HR,East of England,1,495672.67,13.114
DN2 5FU,Yorkshire and the Humber,1,495263.54,14.424
WS26 4TP,West Midlands,1,495256.31,26.226
L24 6SU,North West,1,495056.06,13.112
SY7 7DS,Wales,1,495053.74,52.45
W41 2PV,Greater London,1,495044.25,13.112
BH60 5RN,South West,1,494995.66,26.225
SO35 8HG,South East,1,494924.05,26.224
B26 5NS,West Midlands,1,494775.93,39.336
CH91 6KH,North West,1,494673.73,13.112
BL24 3BA,North West,1,494553.24,13.111
BT43 5CR,Northern Ireland,1,494482.53,26.223
SW13 5EF,Greater London,1,494452.46,26.222
E56 8KX,Greater London,1,494424.94,13.111
RH11 2KU,South East,1,494356.72,31.466
TR84 6XU,South West,1,494333.03,39.333
NG79 8TS,East Midlands,1,494329.37,13.111
LE75 3UB,East Midlands,1,494326.12,39.333
WS54 2VJ,West Midlands,1,494288.72,26.222
DH10 6UG,North East,1,494077.28,39.331
HU4 7UZ,Yorkshire and the Humber,1,494062.99,13.11
WV65 6SC,West Midlands,1,493939.93,26.22
HU2 4SJ,Yorkshire and the Humber,1,493898.94,26.22
N70 2BB,Greater London,1,493814.51,51.129
W98 4HY,Greater London,1,493774.44,26.22
CB21 7MC,East of England,1,493610.87,13.11
EC43 4HH,Greater London,1,493485.53,13.109
SW69 7DR,Greater London,1,493455.01,13.109
DE44 7HA,East Midlands,1,493199.62,13.109
PR42 6UM,North West,1,493104.84,13.108
SY40 1CC,Wales,1,492963.13,13.108
EH16 7YA,Scotland,1,492681.73,26.215
IP18 1DN,East of England,1,492480.84,13.107
CF41 1HA,Wales,1,492402.34,39.321
HD23 5BC,Yorkshire and the Humber,1,492370.53,26.214
WC83 4GS,Greater London,1,492235.52,26.213
CV88 6UG,West Midlands,1,492222.13,13.107
NW56 4HD,Greater London,1,492104.01,26.213
SR55 4SA,North East,1,491986.28,13.106
IP27 3YY,East of England,1,491969.28,26.212
DL41 3NP,North East,1,491896.25,13.106
CH36 3NH,North West,1,491841.81,13.106
CM7 6VH,East of England,1,491698.43,13.106
RH70 8GC,South East,1,491629.27,26.211
WA17 3RA,North West,1,491523.48,13.105
AL7 1AW,East of England,1,491507.55,13.105
RG53 4WP,South East,1,491468.75,39.315
W38 3KA,Greater London,1,491105.09,26.209
SW2 4DP,Greater London,1,491006.76,13.104
OX96 6WS,South East,1,490928.97,26.208
AL70 4VA,East of England,1,490928.9,26.208
CM37 4MV,East of England,1,490902.33,13.104
OX63 7SE,South East,1,490878.34,52.416
EC13 1SJ,Greater London,1,490782.67,39.311
BT1 3GJ,Northern Ireland,1,490752.82,13.104
LE76 3AF,East Midlands,1,490727.99,13.104
SE56 4PE,Greater London,1,490704.58,39.311
TR80 4SZ,South West,1,490687.21,52.414
WA55 6HH,North West,1,490629.28,26.207
LS77 1XR,Yorkshire and the Humber,1,490511.75,13.103
SE39 3YE,Greater London,1,490373.91,34.068
YO8 7GM,Yorkshire and the Humber,1,490361.23,39.309
AL47 3SA,East of England,1,490266.45,13.103
PL23 2MT,South West,1,490257.61,39.308
BD25 7XP,Yorkshire and the Humber,1,490238.78,13.103
HD56 1UP,Yorkshire and the Humber,1,490225.46,13.103
BN22 2AV,South East,1,489743.05,13.102
WC37 2PX,Greater London,1,489735.81,26.203
LL33 3FT,Wales,1,489704.98,26.203
PO2 2YV,South East,1,489478.07,39.303
OX92 2PT,South East,1,489475.26,26.202
L57 2YK,North West,1,489342.84,26.202
TR12 7PF,South West,1,489330.49,13.101
DN73 4GN,Yorkshire and the Humber,1,489314.11,26.202
WA66 4WN,North West,1,489284.27,13.101
PA91 3TH,Scotland,1,489278.92,15.721
BL79 1EV,North West,1,489256.48,13.101
HG70 7MJ,Yorkshire and the Humber,1,489250.09,13.101
G40 2VV,Scotland,1,488986.94,13.1
GL95 7XW,South West,1,488844.39,39.299
SY62 4MY,Wales,1,488610.72,13.099
ST9 8KZ,West Midlands,1,488304.75,13.099
BB40 8EU,North West,1,488213.94,13.099
BN24 1WW,South East,1,488151.15,57.633
BL23 8FV,North West,1,488062.76,39.295
W8 3CD,Greater London,1,487945.46,26.196
LU84 2TM,East of England,1,487891.86,13.098
TS1 5AD,North East,1,487787.01,39.293
EC68 2JA,Greater London,1,487773.8,39.293
LU82 7AR,East of England,1,487662.73,52.39
CO80 7BA,East of England,1,487422.5,26.194
W75 4DC,Greater London,1,487297.75,13.097
EH35 4DU,Scotland,1,487234.32,13.097
EH67 1FE,Scotland,1,487196.53,39.289
LL69 3GZ,Wales,1,486213.45,39.283
WS7 2ZD,West Midlands,1,486182.0,52.377
WC3 2FV,Greater London,1,486165.21,13.094
RH22 1HG,South East,1,486081.17,26.188
BD16 6TH,Yorkshire and the Humber,1,486027.57,13.094
TR48 2AF,South West,1,485927.57,13.094
EH39 2JD,Scotland,1,485910.67,13.094
S45 4FW,Yorkshire and the Humber,1,485902.56,15.713
E75 3TS,Greater London,1,485849.2,26.187
BN33 4WH,South East,1,485812.86,26.187
SY20 6DR,Wales,1,485741.39,13.093
SW65 5AR,Greater London,1,485585.62,13.093
TR16 2BS,South West,1,485549.57,13.093
W39 2YS,Greater London,1,485517.03,52.372
PR47 5DV,North West,1,485380.86,13.093
LL59 4SU,Wales,1,485254.73,13.092
WC33 6MX,Greater London,1,485176.49,26.185
SW8 5MG,Greater London,1,485129.78,52.369
HG57 5NM,Yorkshire and the Humber,1,484924.76,13.092
SE39 4SX,Greater London,1,484705.23,26.183
GL86 4PN,South West,1,484671.15,52.365
BT14 6KP,Northern Ireland,1,484285.34,13.09
ST26 4RW,West Midlands,1,484236.86,13.09
CH17 3EW,North West,1,484017.93,13.09
LN29 1GU,East Midlands,1,483827.51,13.089
NR6 6HS,East of England,1,483746.04,26.179
SA51 7UG,Wales,1,483640.11,26.178
WV37 5JT,West Midlands,1,483359.2,15.706
SE44 3GK,Greater London,1,483312.18,17.015
CM14 3SW,East of England,1,483162.9,39.264
N63 2DE,Greater London,1,483133.98,13.088
NW87 7UM,Greater London,1,483092.91,13.088
PR39 4VG,North West,1,483054.97,52.352
IV21 3VT,Scotland,1,483032.59,26.176
TS84 3FF,North East,1,483025.0,13.088
L48 3GB,North West,1,482863.24,26.175
BL40 4NS,North West,1,482763.59,26.175
DE40 1BJ,East Midlands,1,482661.12,26.174
LE8 1BJ,East Midlands,1,482651.89,26.174
DD50 8KX,Scotland,1,482516.37,26.174
BT46 1EA,Northern Ireland,1,482356.31,26.173
LU87 3JC,East of England,1,482217.89,26.172
WC20 8GW,Greater London,1,482013.59,39.257
BN32 2HD,South East,1,481942.22,34.023
LE92 7YV,East Midlands,1,481865.25,13.085
YO57 5DY,Yorkshire and the Humber,1,481770.23,13.085
AB12 5DE,Scotland,1,481717.95,39.255
GL57 1ZY,South West,1,481655.5,13.085
E7 5NX,Greater London,1,481606.65,26.17
DY62 6UA,West Midlands,1,481503.22,26.169
RG27 2XJ,South East,1,481351.78,39.253
RH42 4BD,South East,1,481238.44,13.084
BD76 8FG,Yorkshire and the Humber,1,481054.25,26.167
EH71 6SA,Scotland,1,480990.09,13.084
N7 7XJ,Greater London,1,480981.69,13.084
SW48 2FZ,Greater London,1,480971.03,26.167
DY22 2TT,West Midlands,1,480924.89,13.083
CV34 7KK,West Midlands,1,480876.71,26.167
SO34 2NS,South East,1,480852.15,26.167
LU91 5XU,East of England,1,480831.47,26.167
DL37 4RG,North East,1,480809.57,26.166
NP27 2RH,Wales,1,480801.02,26.166
CH41 6DJ,North West,1,480784.33,26.166
IV68 2ZH,Scotland,1,480758.35,26.166
EX69 1RK,South West,1,480745.2,13.083
DE3 8SZ,East Midlands,1,480702.14,26.166
BN61 2UH,South East,1,480639.7,26.166
LU68 7SK,East of England,1,480575.45,13.083
G28 2DF,Scotland,1,480535.42,39.248
BT87 1ZH,Northern Ireland,1,480534.09,13.083
HD45 6CK,Yorkshire and the Humber,1,480455.72,26.165
LS55 6ZP,Yorkshire and the Humber,1,480450.72,13.082
N44 2VJ,Greater London,1,480318.72,13.082
YO82 2NS,Yorkshire and the Humber,1,480233.92,13.082
BN82 6VC,South East,1,480064.28,31.396
DN47 5HT,Yorkshire and the Humber,1,480018.51,13.082
SW2 2PV,Greater London,1,480001.47,52.326
WC87 1VN,Greater London,1,479999.95,26.163
BL93 3CP,North West,1,479925.28,13.081
AB96 5DW,Scotland,1,479801.65,13.081
LU45 8MW,East of England,1,479538.03,26.161
BT76 1VD,Northern Ireland,1,479406.87,13.08
BN63 1XR,South East,1,479358.05,13.08
SR65 1TZ,North East,1,479353.68,26.16
N49 7AA,Greater London,1,479353.18,39.241
DY27 2GZ,West Midlands,1,479347.1,26.16
CV17 4NY,West Midlands,1,479325.67,13.08
RH50 2GN,South East,1,479180.1,39.24
NW64 5MR,Greater London,1,479080.64,39.239
CH27 1HX,North West,1,479070.66,13.08
LN51 8UM,East Midlands,1,478930.16,13.079
CM72 1AT,East of England,1,478839.84,26.158
SE37 1GS,Greater London,1,478675.3,26.158
W95 6NK,Greater London,1,478652.44,26.157
YO12 5DB,Yorkshire and the Humber,1,478447.71,13.078
DD97 6SV,Scotland,1,478237.13,26.156
EC91 3FG,Greater London,1,478158.38,39.233
NW91 8RH,Greater London,1,478043.51,13.077
WC42 5YP,Greater London,1,477936.25,39.232
HD82 1PH,Yorkshire and the Humber,1,477916.48,13.077
BT45 6WB,Northern Ireland,1,477862.43,13.077
DE23 5DP,East Midlands,1,477861.33,13.077
EC86 6BE,Greater London,1,477821.7,26.154
M94 3CN,North West,1,477785.32,13.077
WC56 8TR,Greater London,1,477746.55,26.154
W1 4TC,Greater London,1,477636.99,26.153
AL34 8HW,East of England,1,477617.99,52.306
B72 6VH,West Midlands,1,477497.28,15.692
NR31 5CN,East of England,1,477478.21,13.076
RG17 2JD,South East,1,477467.75,26.153
WA6 1TW,North West,1,477422.11,13.076
CV26 6TG,West Midlands,1,477393.79,13.076
EH65 3CR,Scotland,1,477364.33,50.997
LN9 4RV,East Midlands,1,477345.56,13.076
LL30 6KD,Wales,1,477243.43,13.076
AL96 2BF,East of England,1,477015.19,26.151
NW30 8EU,Greater London,1,477005.22,26.151
N28 7ED,Greater London,1,476904.78,39.225
CB59 3AP,East of England,1,476837.43,39.225
BA91 3HX,South West,1,476784.38,39.224
N32 4HU,Greater London,1,476732.34,26.149
CV22 8SR,West Midlands,1,476670.78,26.149
LS64 8ZS,Yorkshire and the Humber,1,476657.62,39.224
WV53 1TH,West Midlands,1,476623.61,31.379
CV34 5JN,West Midlands,1,476605.39,26.149
NE7 8ZP,North East,1,476600.01,13.074
E53 8YS,Greater London,1,476582.09,39.223
WS78 6GA,West Midlands,1,476165.92,26.147
SE4 3DR,Greater London,1,476065.37,39.22
GU33 8RN,South East,1,476014.96,33.99
DY70 2HU,West Midlands,1,475967.82,13.073
N58 5UU,Greater London,1,475942.1,13.073
PO8 3VP,South East,1,475894.75,39.219
WS50 8YW,West Midlands,1,475837.1,13.073
CO29 6HT,East of England,1,475787.35,13.073
PO5 2TX,South East,1,475729.76,31.374
BT90 7PR,Northern Ireland,1,475729.46,26.145
N22 6VF,Greater London,1,475693.28,13.073
AB5 4ZR,Scotland,1,475675.9,39.217
E12 7DF,Greater London,1,475579.14,13.072
RH85 7WR,South East,1,475550.92,26.144
YO10 1EV,Yorkshire and the Humber,1,475543.01,26.144
RG80 2DJ,South East,1,475414.53,26.144
RG92 6KW,South East,1,475375.98,26.144
RG11 4HY,South East,1,475260.3,39.215
SR87 4FW,North East,1,475167.45,13.071
CM71 2AB,East of England,1,475154.49,26.143
BH89 8JD,South West,1,475065.53,13.071
SE95 1JC,Greater London,1,475010.62,13.071
LE16 3WT,East Midlands,1,474922.48,13.071
N32 6JF,Greater London,1,474830.85,39.212
WC91 1JM,Greater London,1,474721.16,52.282
HG4 1ZH,Yorkshire and the Humber,1,474701.05,13.07
RG98 5FW,South East,1,474590.88,13.07
SW85 1YJ,Greater London,1,474491.18,13.07
LN14 1BW,East Midlands,1,474323.54,26.139
DD77 6YA,Scotland,1,474299.91,13.07
WN76 2CD,North West,1,474193.02,26.139
L15 1UG,North West,1,473997.5,13.069
NN77 6ZW,East Midlands,1,473938.82,13.069
E79 2TA,Greater London,1,473790.67,13.069
BS55 2JB,South West,1,473783.23,13.069
TR64 5AH,South West,1,473775.47,26.137
DN48 2ZH,Yorkshire and the Humber,1,473770.65,13.068
SW41 7NZ,Greater London,1,473746.5,39.205
RG98 3NW,South East,1,473732.35,13.068
SE79 7GF,Greater London,1,473672.99,26.137
ST84 1EB,West Midlands,1,473596.77,15.682
NN85 2ZA,East Midlands,1,473573.26,52.272
SE3 5GY,Greater London,1,473565.4,33.977
CH59 6YW,North West,1,473525.98,13.068
SR17 7ZZ,North East,1,473458.7,13.068
BA80 4MN,South West,1,473408.08,52.271
HU17 7MB,Yorkshire and the Humber,1,473292.41,13.067
G34 2FZ,Scotland,1,473200.28,39.202
AL73 8US,East of England,1,473113.65,13.067
L96 3NR,North West,1,472921.27,39.2
RH77 8XK,South East,1,472918.21,13.067
DN62 4PG,Yorkshire and the Humber,1,472861.35,13.067
CF34 3FY,Wales,1,472748.71,13.066
YO34 4ZF,Yorkshire and the Humber,1,472594.63,26.132
DY49 2VT,West Midlands,1,472496.56,13.066
SE43 1PG,Greater London,1,472271.72,16.985
NR82 5EV,East of England,1,472215.62,13.065
HD93 7XR,Yorkshire and the Humber,1,472115.45,26.13
SW3 2DG,Greater London,1,472092.9,13.065
EX66 7DJ,South West,1,472018.74,26.13
M92 2NY,North West,1,471957.4,26.129
IV53 6ZH,Scotland,1,471888.11,13.064
E46 7RC,Greater London,1,471666.45,13.064
AL84 5UH,East of England,1,471531.35,33.966
SW3 3CB,Greater London,1,471377.7,26.127
LD42 2MX,Wales,1,471369.66,33.965
B2 4VP,West Midlands,1,471179.47,26.126
WC48 1HM,Greater London,1,471096.73,13.063
CF70 7HD,Wales,1,471041.36,13.063
HG30 6XF,Yorkshire and the Humber,1,471015.97,47.026
AL67 5ST,East of England,1,470991.75,26.125
PR94 5MC,North West,1,470989.18,52.25
BT63 3KV,Northern Ireland,1,470952.65,39.188
N31 8SM,Greater London,1,470874.69,13.062
BT7 3YT,Northern Ireland,1,470823.46,13.062
RH55 2GP,South East,1,470621.06,52.247
E52 7NP,Greater London,1,470571.15,13.062
TR90 1SB,South West,1,470562.14,26.123
WS79 1JE,West Midlands,1,470554.4,13.062
NW89 5RF,Greater London,1,470539.53,52.247
HD12 5NC,Yorkshire and the Humber,1,470529.47,13.062
BA60 3TV,South West,1,470496.25,13.062
G19 1EZ,Scotland,1,470480.22,39.185
LL38 1AE,Wales,1,470414.12,26.123
N76 2UU,Greater London,1,470381.28,13.061
SW70 3CR,Greater London,1,470225.89,26.122
SO29 7KR,South East,1,470170.16,13.061
WA59 6UY,North West,1,470151.89,13.061
M50 7HV,North West,1,470133.33,26.122
N78 6TA,Greater London,1,469971.75,26.121
BD41 2RS,Yorkshire and the Humber,1,469807.09,13.06
WC35 4HV,Greater London,1,469803.22,26.12
SW59 5AW,Greater London,1,469700.94,26.12
CO5 5GK,East of England,1,469697.55,33.956
DD98 5XM,Scotland,1,469631.87,13.06
HD80 8MR,Yorkshire and the Humber,1,469595.17,13.06
LS74 6AE,Yorkshire and the Humber,1,469432.7,13.059
GU11 8AD,South East,1,469420.72,13.059
LE56 5GH,East Midlands,1,469344.21,13.059
SR73 7RC,North East,1,469309.72,13.059
BT98 5RM,Northern Ireland,1,469289.43,13.059
BD87 4FR,Yorkshire and the Humber,1,469125.44,39.176
W38 8JV,Greater London,1,469098.02,13.059
EC25 4UY,Greater London,1,469068.77,39.176
AB14 3FJ,Scotland,1,468994.62,52.233
PL50 4FU,South West,1,468990.29,13.058
IV53 1WK,Scotland,1,468797.45,39.174
WC78 3YY,Greater London,1,468715.7,26.116
NR19 3KG,East of England,1,468592.31,13.057
BA58 1SK,South West,1,468577.19,13.057
SE46 6EJ,Greater London,1,468560.52,13.057
NN39 3CH,East Midlands,1,468559.59,13.057
AL77 1PN,East of England,1,468513.96,39.172
PR75 7PN,North West,1,468486.61,13.057
SE70 4GY,Greater London,1,468418.12,26.114
PA90 7MT,Scotland,1,468284.53,26.114
CO92 6MC,East of England,1,468254.32,52.227
M15 1DK,North West,1,468237.83,26.113
HG64 6FU,Yorkshire and the Humber,1,468236.57,13.057
SO80 3VW,South East,1,468152.81,13.057
AB96 2DG,Scotland,1,468152.56,26.113
CB64 6KC,East of England,1,468145.12,26.113
EX32 1VP,South West,1,468139.47,13.057
SO34 2RN,South East,1,468108.52,26.113
SW93 2CV,Greater London,1,468054.55,26.113
LE93 2RU,East Midlands,1,467756.22,13.056
LS90 6KM,Yorkshire and the Humber,1,467732.3,13.056
WN80 7UZ,North West,1,467614.31,52.222
BT36 1XF,Northern Ireland,1,467537.13,39.166
NW30 1BX,Greater London,1,467504.67,39.166
HD1 5GZ,Yorkshire and the Humber,1,467459.82,26.11
CF19 8JB,Wales,1,467456.27,13.055
WV77 3CM,West Midlands,1,467354.15,13.055
GU18 4AE,South East,1,467291.08,52.219
GU81 5VU,South East,1,467180.53,26.109
BT36 6XA,Northern Ireland,1,467090.66,13.054
GU87 8GB,South East,1,467063.53,26.108
SA10 7ZH,Wales,1,467036.13,13.054
BN96 5JB,South East,1,467018.86,15.665
LU13 6JS,East of England,1,466964.97,13.054
RH53 5ZH,South East,1,466838.14,26.107
GU19 8BT,South East,1,466745.68,58.741
DD70 7DZ,Scotland,1,466553.14,39.159
CO97 1AR,East of England,1,466394.02,13.053
WV10 6UP,West Midlands,1,466356.6,13.053
BD12 7PU,Yorkshire and the Humber,1,466293.63,39.158
WV44 3VS,West Midlands,1,466263.64,13.053
PA6 2YD,Scotland,1,466261.86,13.053
WC49 2GA,Greater London,1,466064.64,39.156
NN58 6DU,East Midlands,1,466047.54,13.052
PO40 6UC,South East,1,465959.42,26.104
GU9 1EZ,South East,1,465885.36,13.052
WN61 3RJ,North West,1,465720.67,13.051
SW70 3ZE,Greater London,1,465688.78,26.103
BT63 4GH,Northern Ireland,1,465634.62,13.051
TS22 8JN,North East,1,465627.97,13.051
PL12 7HR,South West,1,465548.03,39.153
CO66 3GS,East of England,1,465500.46,26.102
DY8 6TD,West Midlands,1,465497.02,39.153
PO31 6EM,South East,1,465324.54,39.151
WC1 3AF,Greater London,1,465315.4,13.05
N42 1VK,Greater London,1,465203.65,39.151
SO15 4CE,South East,1,465200.86,13.05
EC97 1TT,Greater London,1,465142.09,13.05
E58 2TC,Greater London,1,465076.34,26.1
SA31 7NB,Wales,1,465033.67,26.1
L6 8VD,North West,1,464951.15,13.05
LN86 7WY,East Midlands,1,464907.88,26.099
PO1 3ZE,South East,1,464704.55,26.098
CM97 3AF,East of England,1,464697.56,15.659
E95 6XK,Greater London,1,464635.06,13.049
RH69 8MG,South East,1,464527.45,16.963
CH22 5HK,North West,1,464449.2,13.049
E59 8HX,Greater London,1,464436.2,26.097
GU62 5GY,South East,1,464155.65,31.315
BL98 2DS,North West,1,463998.98,13.048
PO28 1FP,South East,1,463992.71,26.095
S1 5GN,Yorkshire and the Humber,1,463874.7,13.047
BT17 3NW,Northern Ireland,1,463868.01,26.095
LD89 7RR,Wales,1,463726.82,13.047
WS29 2TZ,West Midlands,1,463694.14,26.094
CH91 1ZB,North West,1,463644.08,26.094
PO92 6BV,South East,1,463600.81,39.14
W56 5HZ,Greater London,1,463417.13,39.139
EC95 6HS,Greater London,1,463234.88,13.046
NR62 2YF,East of England,1,463207.99,13.046
E51 5BA,Greater London,1,463179.18,13.046
WV14 4RA,West Midlands,1,463164.31,13.046
BA96 1MK,South West,1,463135.92,26.092
SR43 5GP,North East,1,463031.38,39.137
BS16 5PW,South West,1,463005.8,13.045
CH26 3NW,North West,1,462831.6,31.308
PL24 5BE,South West,1,462718.52,13.045
LU7 1UF,East of England,1,462564.07,33.916
DD96 8WV,Scotland,1,462543.3,26.089
SW27 5AS,Greater London,1,462443.65,39.133
NW85 3ET,Greater London,1,462408.57,26.088
W9 3AG,Greater London,1,462378.17,26.088
WA86 1ZS,North West,1,462365.05,13.044
L72 8HB,North West,1,462335.35,26.088
AL5 5YJ,East of England,1,462305.75,39.132
HD59 2PF,Yorkshire and the Humber,1,462219.17,16.957
BH39 7CT,South West,1,462179.08,26.087
SW68 6KZ,Greater London,1,462172.23,13.044
LS45 7VG,Yorkshire and the Humber,1,462127.65,26.087
SA26 6ST,Wales,1,462064.35,13.043
G62 3TM,Scotland,1,462007.4,13.043
E30 1FV,Greater London,1,461892.1,26.086
S15 6DU,Yorkshire and the Humber,1,461879.12,13.043
PL78 3XJ,South West,1,461844.02,13.043
OX18 6ZN,South East,1,461671.03,52.17
WV92 5DB,West Midlands,1,461612.16,52.17
LU94 2EF,East of England,1,461597.88,13.042
WA17 3YA,North West,1,461572.94,39.127
EC47 5GZ,Greater London,1,461477.0,39.127
WN29 4MY,North West,1,461453.41,13.042
EH8 5RS,Scotland,1,461404.48,13.042
DY28 4AW,West Midlands,1,461385.76,13.042
SY19 3FV,Wales,1,461231.56,39.125
SO24 4VH,South East,1,461230.25,13.042
M38 5FJ,North West,1,461160.23,16.954
SO59 6YN,South East,1,461001.03,39.123
NW44 2YH,Greater London,1,460974.72,39.123
LN30 5JG,East Midlands,1,460969.52,26.082
IV94 5DH,Scotland,1,460964.91,13.041
YO6 3US,Yorkshire and the Humber,1,460950.94,13.041
LD56 1DT,Wales,1,460857.74,13.041
WA29 1FJ,North West,1,460569.04,39.121
NR25 4SH,East of England,1,460542.6,13.04
W45 7JS,Greater London,1,460536.42,52.161
SO59 7DY,South East,1,460519.69,39.12
E76 8BY,Greater London,1,460326.93,26.079
LU3 7ES,East of England,1,460239.03,26.079
CH75 7FW,North West,1,460207.73,13.039
G76 4BP,Scotland,1,460206.99,26.079
BN33 7XE,South East,1,460192.46,13.039
L59 6NH,North West,1,460165.4,13.039
PO64 4JG,South East,1,460033.74,26.078
BL83 5HT,North West,1,459833.55,13.039
BD59 7GJ,Yorkshire and the Humber,1,459695.79,16.95
RH21 2SR,South East,1,459488.27,26.076
LL94 3PK,Wales,1,459380.41,13.038
LS64 6ZS,Yorkshire and the Humber,1,459306.2,26.075
CH97 8ET,North West,1,459264.4,26.075
CO82 3HB,East of England,1,459259.27,39.112
W40 8AP,Greater London,1,459182.73,39.112
LE79 1TP,East Midlands,1,459173.58,13.037
G80 7YN,Scotland,1,459158.88,13.037
WC19 6KB,Greater London,1,459151.69,39.111
BT30 5XD,Northern Ireland,1,459060.11,13.037
SW41 1YT,Greater London,1,459042.25,52.148
SO5 1JP,South East,1,459010.91,13.037
PR37 5FZ,North West,1,458940.76,13.037
BT5 5RF,Northern Ireland,1,458795.6,26.073
SO92 8DR,South East,1,458793.28,52.145
HG38 2HK,Yorkshire and the Humber,1,458754.33,13.036
SW63 1WY,Greater London,1,458692.67,13.036
BL49 5DJ,North West,1,458659.08,26.072
GL27 6ZF,South West,1,458640.96,13.036
LN13 6MA,East Midlands,1,458634.51,39.108
N71 3EU,Greater London,1,458627.44,26.072
CM65 7YN,East of England,1,458615.6,26.072
DN94 3RX,Yorkshire and the Humber,1,458552.83,13.036
WV51 2UM,West Midlands,1,458450.9,13.036
EC83 3EW,Greater London,1,458421.97,26.071
GU92 5BY,South East,1,458265.39,13.035
SW39 6KM,Greater London,1,458082.84,13.035
AL13 5ZF,East of England,1,458021.0,13.035
NW62 5KF,Greater London,1,457983.44,26.069
BT42 7DM,Northern Ireland,1,457835.03,39.103
CH4 4HC,North West,1,457800.68,13.034
BH59 1SG,South West,1,457769.17,26.068
M98 2VT,North West,1,457740.12,39.102
SY14 5PN,Wales,1,457683.92,15.641
DY86 1HG,West Midlands,1,457636.1,13.034
BH90 8NA,South West,1,457554.7,52.135
DE83 8ZD,East Midlands,1,457538.04,13.034
WV23 6PN,West Midlands,1,457487.15,13.034
GL18 1FZ,South West,1,457411.0,39.1
M4 6KB,North West,1,457386.97,26.067
WS79 6AH,West Midlands,1,457285.78,13.033
N85 7UJ,Greater London,1,457221.05,39.099
N11 4XZ,Greater London,1,457216.15,31.279
NE32 8DV,North East,1,457204.25,13.033
WA1 5WH,North West,1,457125.16,39.098
DD96 7EP,Scotland,1,456820.45,13.032
W20 2NE,Greater London,1,456763.12,13.032
CB23 6HY,East of England,1,456729.04,31.276
EC55 2FJ,Greater London,1,456550.42,13.031
NG13 6PA,East Midlands,1,456329.97,26.062
SA54 4CD,Wales,1,456307.68,26.062
SY41 7UX,Wales,1,456102.7,26.061
DY57 6JZ,West Midlands,1,455984.71,26.06
WC5 2DZ,Greater London,1,455940.24,13.03
W98 2YS,Greater London,1,455914.08,26.06
BB31 8ZC,North West,1,455779.45,13.03
NE34 7ZA,North East,1,455716.53,13.03
WS16 4YM,West Midlands,1,455620.63,13.029
WV6 7SA,West Midlands,1,455576.57,13.029
BL91 2GM,North West,1,455511.57,26.058
IV10 2PM,Scotland,1,455504.75,26.058
BN22 3TZ,South East,1,455497.26,13.029
G62 2HM,Scotland,1,455482.32,26.058
BN88 4KM,South East,1,455245.06,26.057
E54 6YM,Greater London,1,455146.53,26.057
S82 5HX,Yorkshire and the Humber,1,455071.07,39.085
BT53 3PD,Northern Ireland,1,455044.83,26.056
LE66 6CB,East Midlands,1,455038.37,13.028
L32 4BA,North West,1,454922.39,13.028
WC21 1WH,Greater London,1,454893.55,26.056
OX25 3HZ,South East,1,454879.41,13.028
EC58 3BM,Greater London,1,454786.04,13.028
LL8 5TJ,Wales,1,454724.05,13.027
M63 7AE,North West,1,454650.57,13.027
CF90 7BG,Wales,1,454623.91,26.054
LD3 6MM,Wales,1,454603.36,13.027
CO95 5GX,East of England,1,454576.16,26.054
RH96 5VK,South East,1,454572.96,26.054
RH11 4ZG,South East,1,454526.29,26.054
HD29 1TC,Yorkshire and the Humber,1,454330.24,13.027
SY6 3UB,Wales,1,454302.71,13.027
L44 6UH,North West,1,454292.58,13.026
EC90 2TS,Greater London,1,454276.76,26.053
OX36 1NX,South East,1,454222.27,13.026
NR17 4SE,East of England,1,454162.69,13.026
NW54 7RG,Greater London,1,454147.1,16.934
LU56 7MM,East of England,1,454137.36,13.026
NN71 3SH,East Midlands,1,454062.97,13.026
W14 3CP,Greater London,1,453986.54,39.077
SY64 3TG,Wales,1,453920.69,39.077
IP74 7RY,East of England,1,453810.92,26.051
PR84 2PR,North West,1,453742.31,13.025
BB43 5MS,North West,1,453554.46,26.05
PL57 4GU,South West,1,453517.76,26.05
PO27 8VN,South East,1,453356.22,15.629
EH97 1YG,Scotland,1,453317.18,13.024
E29 7AW,Greater London,1,453175.77,26.048
BA78 3MP,South West,1,453101.27,13.024
WA81 2ZW,North West,1,452916.8,15.628
B23 2GS,West Midlands,1,452654.26,13.023
SW85 3FR,Greater London,1,452619.04,13.023
PL37 6BZ,South West,1,452598.76,13.023
PR52 2FC,North West,1,452564.06,13.023
SW84 6YH,Greater London,1,452549.13,13.023
PA80 4XR,Scotland,1,452454.44,13.022
TR49 2PU,South West,1,452429.82,13.022
HU44 5GW,Yorkshire and the Humber,1,452349.92,33.858
S15 4UT,Yorkshire and the Humber,1,452303.5,26.044
SE8 5HJ,Greater London,1,452295.63,13.022
WS50 3ZC,West Midlands,1,452266.46,26.044
NP84 5UF,Wales,1,452252.06,13.022
CO77 7CZ,East of England,1,452243.27,26.044
LL20 3WC,Wales,1,452193.23,26.044
CB86 3BB,East of England,1,452141.18,26.044
BD11 6YT,Yorkshire and the Humber,1,452112.67,13.022
NR4 3DM,East of England,1,452105.72,39.065
SR61 8UH,North East,1,452085.57,16.928
BH44 2SP,South West,1,451998.59,13.021
B31 1NU,West Midlands,1,451930.25,13.021
WC98 8VF,Greater London,1,451737.49,13.021
CV89 2WY,West Midlands,1,451725.31,26.042
B9 6YF,West Midlands,1,451530.38,26.041
NE82 2MR,North East,1,451293.63,39.06
EC2 7YF,Greater London,1,451142.77,13.02
WS56 6UA,West Midlands,1,451076.31,26.039
IV68 2SE,Scotland,1,450996.62,13.019
W35 6RJ,Greater London,1,450942.26,13.019
DE50 7YD,East Midlands,1,450932.42,39.057
CH94 7ZW,North West,1,450826.8,26.038
GU42 1DC,South East,1,450677.84,39.056
BB81 4JC,North West,1,450616.58,13.018
RH59 4NG,South East,1,450587.06,26.037
WA25 1DG,North West,1,450422.06,26.036
CF20 8EP,Wales,1,450348.9,33.846
SE67 5EX,Greater London,1,450221.82,26.035
NG12 5MW,East Midlands,1,450076.67,26.034
TR29 4RV,South West,1,450011.45,13.017
WS62 8XX,West Midlands,1,449790.77,26.033
DE63 4WX,East Midlands,1,449721.0,13.016
SE95 1VW,Greater London,1,449647.75,13.016
S17 2WJ,Yorkshire and the Humber,1,449543.91,26.032
W35 8SH,Greater London,1,449518.29,13.016
CV53 6PJ,West Midlands,1,449313.22,13.015
SW57 2YS,Greater London,1,449305.14,13.015
CO24 5AN,East of England,1,449092.09,26.03
RG61 6TY,South East,1,449080.97,26.03
WS43 3BK,West Midlands,1,449077.01,13.015
LE21 4VY,East Midlands,1,448964.63,13.015
DY46 4RG,West Midlands,1,448921.89,13.015
TR25 4SR,South West,1,448861.05,39.043
WN41 7JU,North West,1,448672.29,39.042
SW14 8WW,Greater London,1,448606.43,39.042
LN57 4SW,East Midlands,1,448534.46,13.014
ST31 5UJ,West Midlands,1,448396.07,13.013
TS19 3WC,North East,1,448378.67,13.013
EH65 7PX,Scotland,1,448252.75,39.039
OX94 7JG,South East,1,447993.52,26.025
WS3 8VD,West Midlands,1,447647.53,13.012
AB29 5SZ,Scotland,1,447595.25,39.035
BN87 3VW,South East,1,447574.69,39.035
BH27 4PW,South West,1,447549.56,13.012
HD55 5JG,Yorkshire and the Humber,1,447481.23,26.023
CH44 8TY,North West,1,447470.2,39.034
NW49 2DM,Greater London,1,447354.99,52.044
SE25 6DA,Greater London,1,447203.65,13.011
SW59 3SF,Greater London,1,447030.55,16.913
RG29 3MS,South East,1,447006.51,62.45
WS93 6VP,West Midlands,1,446823.4,26.02
HU90 3JK,Yorkshire and the Humber,1,446787.06,52.039
DH21 3YH,North East,1,446766.83,13.01
CV89 7DW,West Midlands,1,446739.05,26.019
BN15 4MF,South East,1,446654.58,13.01
EC73 1UT,Greater London,1,446648.92,39.029
BT67 2EG,Northern Ireland,1,446632.61,13.009
BN30 7YM,South East,1,446495.45,52.037
WA66 5HA,North West,1,446282.9,26.017
WS26 4ZN,West Midlands,1,446207.36,13.009
SE68 8WS,Greater London,1,446199.87,13.009
BL97 7DV,North West,1,446158.79,26.017
NW92 8AY,Greater London,1,445918.1,39.024
M81 1KR,North West,1,445862.73,13.008
BN11 6UJ,South East,1,445862.58,39.023
LU15 5KX,East of England,1,445781.26,26.015
SO15 5HS,South East,1,445723.65,26.015
BH89 6AH,South West,1,445720.52,52.03
DL70 4EJ,North East,1,445630.11,39.022
IP60 3UY,East of England,1,445351.18,39.02
WS26 3HT,West Midlands,1,445304.85,13.007
EH21 1SY,Scotland,1,445298.34,13.007
WC70 7FN,Greater London,1,445142.34,39.018
BS45 8BV,South West,1,444962.06,52.023
PO38 1PV,South East,1,444831.28,13.005
NW3 5GJ,Greater London,1,444796.78,13.005
IV29 3HE,Scotland,1,444780.84,13.005
S84 7CK,Yorkshire and the Humber,1,444773.64,13.005
RH59 5BG,South East,1,444561.62,13.005
BB78 1YW,North West,1,444335.05,26.009
GU38 2ZP,South East,1,444329.49,13.004
M46 7KT,North West,1,444328.26,26.009
CV36 3FE,West Midlands,1,444294.83,13.004
TS36 6JZ,North East,1,444291.53,26.008
WN75 5PV,North West,1,444170.98,39.012
N48 5DA,Greater London,1,444159.86,26.008
SE8 4UB,Greater London,1,444121.0,13.004
BT46 8KV,Northern Ireland,1,444111.81,16.905
NN23 4BD,East Midlands,1,444101.09,14.304
GL59 8SM,South West,1,444022.63,13.004
NN55 5WF,East Midlands,1,443825.97,39.01
N92 1AU,Greater London,1,443817.77,26.006
BN39 1XZ,South East,1,443801.02,26.006
OX91 1GR,South East,1,443792.55,13.003
W21 6HC,Greater London,1,443785.35,13.003
W57 3EU,Greater London,1,443711.75,26.006
SE78 8NR,Greater London,1,443660.84,33.807
L10 3CY,North West,1,443593.18,39.008
W27 8KF,Greater London,1,443523.7,26.005
WV96 4XH,West Midlands,1,443498.23,13.002
NR47 7HS,East of England,1,443430.66,26.005
S82 7ZJ,Yorkshire and the Humber,1,443345.19,13.002
BB47 4RC,North West,1,443313.24,13.002
NN2 6XH,East Midlands,1,443190.68,13.002
RG71 4PX,South East,1,442978.33,39.004
LL72 2XX,Wales,1,442918.1,13.001
SE73 1VG,Greater London,1,442909.96,26.002
DE53 5SB,East Midlands,1,442744.94,13.001
NW51 3VJ,Greater London,1,442730.92,13.001
L24 8RP,North West,1,442716.06,26.001
BA98 7EK,South West,1,442681.3,13.001
PR39 6WW,North West,1,442645.73,13.001
BL2 4HB,North West,1,442637.06,52.002
W29 2JT,Greater London,1,442632.29,26.001
SO1 2CV,South East,1,442626.57,13.0
PA35 1GG,Scotland,1,442551.32,39.001
CB45 8ET,East of England,1,442417.05,13.0
NW78 7YW,Greater London,1,442393.04,13.0
BT61 5JV,Northern Ireland,1,442377.84,26.0
DN23 3HY,Yorkshire and the Humber,1,442339.06,26.0
PL31 5AE,South West,1,442312.58,51.999
BH56 2AM,South West,1,442192.46,13.0
M26 1RY,North West,1,442048.79,25.998
RH75 2TE,South East,1,441980.38,12.999
BN66 1TN,South East,1,441912.5,38.997
GU87 4VZ,South East,1,441904.08,25.998
IV96 5HS,Scotland,1,441878.92,12.999
CM35 4DM,East of England,1,441694.98,12.998
W73 6AA,Greater London,1,441616.86,51.993
BL10 8FM,North West,1,441573.83,12.998
SA67 7GE,Wales,1,441562.69,51.992
AB59 6ED,Scotland,1,441561.04,25.996
EX27 7FN,South West,1,441542.02,12.998
WN76 2GR,North West,1,441391.97,12.998
LN73 8TK,East Midlands,1,441388.32,12.998
PL17 8XH,South West,1,441323.9,12.998
BT50 3WG,Northern Ireland,1,441187.58,12.997
GL15 6ZH,South West,1,441054.67,25.994
BT10 6GT,Northern Ireland,1,440888.12,50.687
S76 2PA,Yorkshire and the Humber,1,440870.16,51.986
WA92 1NW,North West,1,440835.59,12.996
DE94 6ZT,East Midlands,1,440459.17,12.996
E46 5ME,Greater London,1,440456.69,25.991
NW15 5VR,Greater London,1,440104.04,12.995
PR26 2HZ,North West,1,439957.09,38.983
OX49 4WK,South East,1,439727.11,51.976
NG41 8AB,East Midlands,1,439706.76,12.994
NW76 5ZW,Greater London,1,439702.49,12.994
BS76 8CE,South West,1,439626.93,12.994
E9 8MD,Greater London,1,439533.42,25.987
CF4 2GF,Wales,1,439496.24,51.974
BN63 3PR,South East,1,439421.15,12.993
SE51 7MX,Greater London,1,439360.63,12.993
BA68 1HU,South West,1,439306.16,31.183
LS62 8FZ,Yorkshire and the Humber,1,439267.36,25.986
BD63 2HN,Yorkshire and the Humber,1,438955.64,12.992
WS37 6WW,West Midlands,1,438923.85,12.992
BL34 6PT,North West,1,438911.38,12.992
LS50 3PF,Yorkshire and the Humber,1,438909.72,51.968
WN93 1KF,North West,1,438900.66,12.992
CM53 3CU,East of England,1,438858.89,15.59
EC1 4DJ,Greater London,1,438836.94,12.992
EX93 5RK,South West,1,438725.75,25.983
S31 1ZG,Yorkshire and the Humber,1,438695.21,25.983
RG11 3VR,South East,1,438679.27,16.889
BL34 6ZW,North West,1,438639.37,25.983
LL44 5NR,Wales,1,438634.85,38.974
BB39 3BE,North West,1,438567.28,25.983
HD52 1XB,Yorkshire and the Humber,1,438502.6,12.991
W75 1YK,Greater London,1,438382.72,38.973
EX47 2BY,South West,1,438162.07,25.981
W40 5PK,Greater London,1,438154.18,25.981
WN18 2XH,North West,1,438102.01,12.99
DL92 4YF,North East,1,438002.01,38.97
CO14 7ZG,East of England,1,437981.85,25.98
SY21 3RM,Wales,1,437917.49,51.959
L88 3GW,North West,1,437891.96,25.979
PO60 5BC,South East,1,437861.63,12.99
E59 6NC,Greater London,1,437797.38,25.979
NP81 8CJ,Wales,1,437660.14,38.968
RG34 1VK,South East,1,437656.46,12.989
EH85 4FE,Scotland,1,437644.9,46.761
L28 6VS,North West,1,437644.47,25.978
CV19 8XM,West Midlands,1,437639.75,12.989
EC45 4FH,Greater London,1,437594.84,25.978
LD18 5UP,Wales,1,437456.54,38.966
EC62 3EM,Greater London,1,437453.95,12.989
CB39 5YG,East of England,1,437409.23,12.989
BT88 5NP,Northern Ireland,1,437402.76,25.977
SE63 7FV,Greater London,1,437275.05,25.977
WC93 3PT,Greater London,1,437267.39,38.965
HU33 3XW,Yorkshire and the Humber,1,437168.34,12.988
YO77 2PA,Yorkshire and the Humber,1,437086.43,25.976
HD58 6SC,Yorkshire and the Humber,1,437080.69,25.976
CV19 5PW,West Midlands,1,437002.27,25.975
ST74 8SM,West Midlands,1,436959.1,12.988
G26 8MR,Scotland,1,436855.5,12.987
LL37 7SM,Wales,1,436835.72,38.962
LN12 8ZV,East Midlands,1,436788.68,12.987
LD29 5XY,Wales,1,436776.21,25.974
ST18 6CP,West Midlands,1,436659.95,12.987
E22 7FS,Greater London,1,436572.65,25.973
L17 2KR,North West,1,436563.05,38.96
BT82 8AJ,Northern Ireland,1,436518.44,12.987
CO91 8RJ,East of England,1,436513.84,12.987
CH3 5JN,North West,1,436505.42,25.973
E10 7UW,Greater London,1,436409.5,25.973
GU44 1MA,South East,1,436382.77,12.986
BL41 3XT,North West,1,436375.28,12.986
NW17 1PD,Greater London,1,436370.82,25.972
NP33 7XA,Wales,1,436365.92,25.972
DD94 6US,Scotland,1,436227.53,15.583
IP80 6CJ,East of England,1,436110.76,12.986
YO5 7SZ,Yorkshire and the Humber,1,435918.61,25.97
BB79 4DM,North West,1,435744.82,38.954
BL41 5UH,North West,1,435710.42,16.88
CM33 5WS,East of England,1,435571.28,12.984
CV46 4US,West Midlands,1,435173.54,25.967
LD39 2HS,Wales,1,435011.81,12.983
BD23 1ZJ,Yorkshire and the Humber,1,434859.73,16.878
WN1 6AG,North West,1,434843.9,38.948
DD41 1UB,Scotland,1,434803.37,12.983
SY52 5EC,Wales,1,434709.56,38.947
S53 3SF,Yorkshire and the Humber,1,434665.14,25.965
SY66 8KS,Wales,1,434570.34,25.964
G73 2UK,Scotland,1,434565.44,12.982
BN42 3AN,South East,1,434465.39,25.964
HG69 8ST,Yorkshire and the Humber,1,434439.47,12.982
WV97 8CU,West Midlands,1,434347.55,25.963
M64 3RU,North West,1,434291.76,12.981
LE35 5KX,East Midlands,1,434264.87,12.981
CM43 7VS,East of England,1,434144.11,12.981
E91 7TU,Greater London,1,434109.67,12.981
GL91 5BR,South West,1,433972.24,12.981
HU19 1WS,Yorkshire and the Humber,1,433915.86,51.922
EC48 8PY,Greater London,1,433798.95,38.941
PO40 2NW,South East,1,433603.18,25.96
DN53 1WY,Yorkshire and the Humber,1,433558.03,31.151
GL46 5YX,South West,1,433519.4,12.98
AB71 6BU,Scotland,1,433517.49,38.939
EH17 8VV,Scotland,1,433498.59,25.959
HG96 3TR,Yorkshire and the Humber,1,433472.19,12.98
NE67 1XT,North East,1,433428.71,12.979
EH88 6JW,Scotland,1,433416.34,12.979
PO2 8RT,South East,1,433315.72,12.979
L97 2WM,North West,1,433055.86,12.979
SA72 5CA,Wales,1,433021.12,25.957
PL45 1GT,South West,1,432967.73,12.978
TS50 7RX,North East,1,432791.06,25.956
PO76 2EV,South East,1,432745.13,12.978
W49 4DN,Greater London,1,432738.99,12.978
GU69 4ZR,South East,1,432734.72,12.978
BB67 7CB,North West,1,432734.14,12.978
CO15 1CF,East of England,1,432722.2,38.934
CV69 2ZJ,West Midlands,1,432609.96,12.978
RH3 5NX,South East,1,432558.01,25.955
SA2 3UZ,Wales,1,432556.98,25.955
SW54 2RE,Greater London,1,432546.9,25.955
N66 4FZ,Greater London,1,432507.5,12.977
NW45 1SA,Greater London,1,432494.86,38.932
RH92 3JB,South East,1,432481.06,12.977
B83 2AF,West Midlands,1,432370.69,51.908
B53 6VJ,West Midlands,1,432215.98,25.953
RH69 7BJ,South East,1,432210.28,38.93
DL43 2UK,North East,1,432058.79,51.905
WV73 4VC,West Midlands,1,432039.84,12.976
LU3 6TY,East of England,1,432028.4,25.952
DN18 3FU,Yorkshire and the Humber,1,431925.17,12.976
NN93 6AD,East Midlands,1,431774.68,25.951
DL93 1MP,North East,1,431702.42,25.951
EC4 4JV,Greater London,1,431656.08,25.951
BT13 3NG,Northern Ireland,1,431566.39,12.975
NR66 3YD,East of England,1,431552.52,25.95
HG86 2RH,Yorkshire and the Humber,1,431454.73,12.975
SO44 1UK,South East,1,431189.54,12.974
WC60 5XH,Greater London,1,431054.15,25.948
PL11 8MR,South West,1,431046.83,12.974
BH3 7ZN,South West,1,431011.13,25.948
B50 4RV,West Midlands,1,431009.84,16.866
PL39 6CW,South West,1,430952.67,12.974
EH51 5JY,Scotland,1,430928.44,25.947
BB83 7DX,North West,1,430840.46,12.973
BD81 2CX,Yorkshire and the Humber,1,430755.87,12.973
NW69 2PW,Greater London,1,430751.92,51.893
CH49 1BM,North West,1,430646.2,12.973
LN76 4EZ,East Midlands,1,430567.28,12.973
BL2 5NT,North West,1,430537.45,12.973
RG55 6DX,South East,1,430509.95,25.945
SW52 4NB,Greater London,1,430483.36,16.864
NP75 8YB,Wales,1,430356.81,12.972
HD82 7WW,Yorkshire and the Humber,1,430311.67,12.972
E25 2ZY,Greater London,1,430291.01,12.972
HU52 4FF,Yorkshire and the Humber,1,430218.9,12.972
BL41 3EK,North West,1,430158.82,25.944
OX22 2YE,South East,1,430106.07,12.972
EC46 6BG,Greater London,1,429911.45,12.971
BT60 2XA,Northern Ireland,1,429907.9,38.914
BH61 2HH,South West,1,429820.01,12.971
BD37 8AD,Yorkshire and the Humber,1,429776.95,25.942
CH68 5WH,North West,1,429741.04,12.971
W38 7XZ,Greater London,1,429563.68,25.941
NR12 4TR,East of England,1,429557.09,25.941
NW78 7HY,Greater London,1,429524.4,25.941
LD78 2PY,Wales,1,429498.29,38.911
OX64 3JU,South East,1,429431.48,38.911
CV42 4CC,West Midlands,1,429351.03,51.88
SA70 1AF,Wales,1,429320.85,25.94
BT91 5HE,Northern Ireland,1,429278.35,25.94
RH68 2BE,South East,1,429247.38,12.97
OX38 7JW,South East,1,429079.94,25.939
WN88 6AT,North West,1,429005.01,25.938
WN45 6GD,North West,1,428996.39,51.877
SR34 5TW,North East,1,428986.48,25.938
NW62 2KH,Greater London,1,428974.58,25.938
CF5 4US,Wales,1,428955.92,25.938
E18 6GD,Greater London,1,428945.87,25.938
NW22 4RB,Greater London,1,428907.08,51.876
LS25 7XH,Yorkshire and the Humber,1,428873.29,38.907
LD21 3BC,Wales,1,428732.53,25.937
E21 7VN,Greater London,1,428634.64,12.968
W74 4GD,Greater London,1,428584.29,25.936
BT71 8KG,Northern Ireland,1,428582.86,25.936
TR26 8MN,South West,1,428567.5,51.873
EC22 1VD,Greater London,1,428555.95,12.968
DL32 7SH,North East,1,428362.76,12.968
SW66 3MP,Greater London,1,428361.26,38.903
NW71 1UJ,Greater London,1,428328.76,38.903
PL60 5FT,South West,1,428257.83,12.967
NE88 3DN,North East,1,428230.84,12.967
BB94 8FT,North West,1,428229.63,12.967
EC57 8FA,Greater London,1,428211.42,25.935
DD49 4ZF,Scotland,1,428030.5,25.934
CH35 6XY,North West,1,427991.63,51.867
BT67 7AB,Northern Ireland,1,427929.9,12.967
BN15 3AV,South East,1,427925.15,12.967
RH14 6TA,South East,1,427919.8,12.967
W91 4JN,Greater London,1,427894.05,25.933
PR34 1EJ,North West,1,427892.58,12.967
PA78 1WF,Scotland,1,427841.95,12.967
PR36 3VR,North West,1,427741.29,12.966
EH41 2HY,Scotland,1,427721.42,12.966
M30 7GB,North West,1,427669.61,38.898
LD41 3AK,Wales,1,427593.07,33.711
B7 4BD,West Midlands,1,427568.08,38.898
AL17 6SN,East of England,1,427461.82,25.931
RG74 5HS,South East,1,427445.55,38.897
RG11 8CM,South East,1,427441.9,38.897
CB20 1GS,East of England,1,427307.74,12.965
CB78 3YM,East of England,1,427289.47,12.965
BN6 5JY,South East,1,427216.59,38.895
RH11 5WW,South East,1,427146.29,12.965
RG68 8DH,South East,1,427040.03,12.965
PO21 3VM,South East,1,426982.13,38.893
CV20 1XJ,West Midlands,1,426953.05,12.964
NN82 5VZ,East Midlands,1,426902.17,12.964
PR93 2MM,North West,1,426869.2,25.928
DN19 3YP,Yorkshire and the Humber,1,426856.84,25.928
SW2 6ZZ,Greater London,1,426740.56,25.928
CO39 2ZH,East of England,1,426710.44,25.928
CV68 5XC,West Midlands,1,426710.08,12.964
PO63 4VP,South East,1,426691.61,12.964
SW2 6CJ,Greater London,1,426624.1,50.558
CM7 7FN,East of England,1,426470.28,38.89
B98 3BR,West Midlands,1,426317.39,12.963
W69 3HU,Greater London,1,426307.39,38.889
CM48 1EH,East of England,1,426281.58,51.851
NR29 6DT,East of England,1,426206.87,12.963
NP39 7MH,Wales,1,426199.82,12.963
PO47 5YN,South East,1,426175.05,25.925
CM41 4HZ,East of England,1,426105.71,38.887
CV95 5WD,West Midlands,1,426082.38,12.962
OX73 5ZX,South East,1,426076.19,38.887
N46 8WT,Greater London,1,426067.98,38.887
RH58 8PN,South East,1,425976.26,38.886
RG15 6EE,South East,1,425886.73,38.886
SO33 5JF,South East,1,425768.65,25.923
BH10 1CM,South West,1,425709.82,25.923
E59 1BR,Greater London,1,425699.06,12.961
N90 2SP,Greater London,1,425670.17,12.961
WC91 1VE,Greater London,1,425653.64,38.884
BN13 4WP,South East,1,425526.91,12.961
EX4 8UF,South West,1,425449.31,12.961
N37 7TT,Greater London,1,425436.85,38.883
BN80 5AD,South East,1,425311.69,12.961
WC88 3SY,Greater London,1,425269.14,12.96
WV57 5GT,West Midlands,1,425242.39,25.921
BN31 8JX,South East,1,425198.57,12.96
IP52 5UP,East of England,1,424977.41,12.96
NG93 7ZN,East Midlands,1,424849.9,12.959
PA19 3HY,Scotland,1,424798.19,25.919
NR72 8SN,East of England,1,424758.56,51.837
DE76 5UX,East Midlands,1,424693.82,25.918
AB81 8EK,Scotland,1,424617.91,25.918
PR83 8TT,North West,1,424605.27,12.959
W84 3VW,Greater London,1,424466.2,25.917
NG37 4RK,East Midlands,1,424279.8,12.958
HD56 4ZT,Yorkshire and the Humber,1,423894.1,38.872
NW27 4SP,Greater London,1,423802.52,25.914
CM77 2FV,East of England,1,423755.0,51.828
IV79 4RJ,Scotland,1,423713.36,25.914
YO49 3RM,Yorkshire and the Humber,1,423711.53,12.957
DY28 2TC,West Midlands,1,423703.97,12.957
CH49 5TZ,North West,1,423659.35,12.957
PA61 3RA,Scotland,1,423642.93,12.957
WV14 1VA,West Midlands,1,423612.72,25.913
WS17 4GC,West Midlands,1,423464.29,12.956
BL82 3BD,North West,1,423436.78,12.956
SW58 5KD,Greater London,1,423385.66,25.912
RH45 7NR,South East,1,423247.18,12.956
NW90 3BZ,Greater London,1,423197.82,25.911
SO23 6RU,South East,1,423159.09,12.956
SW24 6FR,Greater London,1,423133.7,12.955
DD92 5BB,Scotland,1,423100.67,12.955
BT28 7ZE,Northern Ireland,1,422946.3,12.955
BL11 7YG,North West,1,422872.58,38.864
PO70 1UZ,South East,1,422719.47,12.954
BL18 3BS,North West,1,422674.17,46.636
LL6 1ND,Wales,1,422617.33,38.863
ST39 2BT,West Midlands,1,422563.15,38.862
EC50 3EP,Greater London,1,422499.71,12.954
BD65 7TU,Yorkshire and the Humber,1,422409.34,25.907
AL53 3KB,East of England,1,422349.74,38.861
E39 1PF,Greater London,1,422336.59,38.861
W14 1RD,Greater London,1,422243.22,12.953
GU83 8TZ,South East,1,422138.68,25.906
EH35 7GB,Scotland,1,422132.31,12.953
NG52 3BY,East Midlands,1,422097.56,12.953
EC57 2EY,Greater London,1,422032.04,38.859
NG72 1FP,East Midlands,1,422028.98,25.906
EC18 4CN,Greater London,1,422027.06,38.858
N15 7CY,Greater London,1,422016.29,25.906
LS20 3WD,Yorkshire and the Humber,1,422001.2,12.953
E77 1PY,Greater London,1,421923.26,16.838
PR81 1NF,North West,1,421833.5,25.905
DY57 5VC,West Midlands,1,421661.81,38.856
DD82 2WG,Scotland,1,421619.02,12.952
PR49 8SK,North West,1,421546.39,38.855
IP31 5XV,East of England,1,421533.36,12.952
YO28 1DS,Yorkshire and the Humber,1,421396.06,25.903
SE96 7UD,Greater London,1,421356.41,12.951
BB73 1KP,North West,1,420995.73,25.901
DN47 5DF,Yorkshire and the Humber,1,420894.73,12.95
N28 2EM,Greater London,1,420833.04,25.9
SW26 4YV,Greater London,1,420800.75,12.95
WC57 7SB,Greater London,1,420547.3,25.899
RH18 6RS,South East,1,420472.05,51.797
N27 8NP,Greater London,1,420452.76,12.949
GU37 2EH,South East,1,420434.3,25.898
AB11 4BD,Scotland,1,420372.74,38.847
BB80 1SM,North West,1,420347.83,38.847
AB96 1WA,Scotland,1,420320.39,12.949
PR52 5EZ,North West,1,420250.5,25.897
N27 7NJ,Greater London,1,420185.03,12.948
SW94 7HG,Greater London,1,420156.51,25.897
TR23 5AJ,South West,1,420135.95,25.897
CH38 3FB,North West,1,419939.21,12.948
LU92 4GC,East of England,1,419892.43,51.791
BA66 6MS,South West,1,419869.74,38.843
EX92 5CR,South West,1,419830.8,50.496
BD48 5GY,Yorkshire and the Humber,1,419588.1,25.894
SE21 2XT,Greater London,1,419549.75,25.894
W8 8XH,Greater London,1,419528.05,12.947
HG9 1KJ,Yorkshire and the Humber,1,419500.41,12.947
DY44 3GF,West Midlands,1,419382.42,25.893
BT91 5CT,Northern Ireland,1,419375.37,25.893
PR10 1YF,North West,1,419290.7,12.946
CB57 6KV,East of England,1,419115.5,12.946
NW81 4RC,Greater London,1,419101.06,25.892
EH62 2DX,Scotland,1,418962.37,25.891
EC84 2ZV,Greater London,1,418827.92,38.836
WS25 3HD,West Midlands,1,418796.37,25.89
M3 1JU,North West,1,418760.41,25.89
B80 6YY,West Midlands,1,418704.6,12.945
DL20 6ZA,North East,1,418664.76,12.945
AB11 2CA,Scotland,1,418564.56,12.945
W21 8GH,Greater London,1,418522.79,25.889
BT34 5AG,Northern Ireland,1,418384.71,25.888
SW95 2UG,Greater London,1,418383.17,38.832
BL89 5TV,North West,1,418365.67,12.944
CV17 3TD,West Midlands,1,418001.29,25.886
WC74 3MV,Greater London,1,417982.33,25.886
LD61 1UY,Wales,1,417930.85,25.886
BB17 6CJ,North West,1,417853.4,15.531
NG24 1KU,East Midlands,1,417794.68,12.943
SE42 5NJ,Greater London,1,417651.85,12.942
N62 6WF,Greater London,1,417636.43,38.827
LN57 1EV,East Midlands,1,417568.68,12.942
SA31 3YZ,Wales,1,417300.0,12.942
OX42 3TU,South East,1,417245.71,25.883
DL97 8ZX,North East,1,417201.64,46.589
SO17 1TR,South East,1,417166.9,12.941
G32 4ZK,Scotland,1,417155.6,12.941
W53 6SN,Greater London,1,417151.39,25.882
AB84 1HT,Scotland,1,417126.57,25.882
DD17 5GD,Scotland,1,417044.31,38.823
N15 4JG,Greater London,1,417023.85,51.764
SE82 7RX,Greater London,1,417007.4,25.882
YO46 2SC,Yorkshire and the Humber,1,416839.16,12.94
WN16 8AN,North West,1,416813.28,25.881
SO94 5XZ,South East,1,416728.55,25.88
DH36 3WT,North East,1,416709.93,12.94
BA84 7VT,South West,1,416680.02,25.88
AL36 3KT,East of England,1,416673.54,12.94
DY47 3BB,West Midlands,1,416541.91,25.879
BS47 8WJ,South West,1,416503.26,25.879
WA28 4NC,North West,1,416198.73,38.817
RH8 8DF,South East,1,416122.49,12.939
L15 7DF,North West,1,416121.47,25.877
E52 8FG,Greater London,1,416062.74,25.877
DY2 5SH,West Midlands,1,415950.05,25.877
BT15 6SP,Northern Ireland,1,415898.67,12.938
CV18 8YF,West Midlands,1,415779.18,50.458
DE18 5YW,East Midlands,1,415561.87,38.812
BB82 7FS,North West,1,415545.26,12.937
NR63 3AH,East of England,1,415457.28,12.937
B90 1XP,West Midlands,1,415292.1,25.873
SW80 5XY,Greater London,1,415275.09,25.873
LS60 1RG,Yorkshire and the Humber,1,415252.77,25.873
CF84 3VJ,Wales,1,415231.95,12.937
BN71 7ZU,South East,1,415138.1,25.873
SW82 7CA,Greater London,1,415007.14,12.936
BA33 7TW,South West,1,414987.86,12.936
PL36 6VC,South West,1,414931.79,12.936
SA36 5GJ,Wales,1,414829.87,25.871
BA29 6WZ,South West,1,414686.12,12.935
OX95 3HE,South East,1,414650.23,12.935
WA74 3FB,North West,1,414587.58,51.74
LE24 2GK,East Midlands,1,414546.99,12.935
TR64 7FR,South West,1,414542.5,12.935
LE17 5EG,East Midlands,1,414540.59,12.935
OX77 1UZ,South East,1,414455.0,38.804
B22 7BU,West Midlands,1,414429.8,25.869
LU12 4MP,East of England,1,414381.79,38.804
RH15 7SH,South East,1,414359.86,12.934
DH19 1HU,North East,1,414266.32,15.521
CB21 6ZB,East of England,1,414080.63,25.868
SO16 8MG,South East,1,414068.1,16.814
W85 3TE,Greater London,1,414066.32,12.934
L38 8CY,North West,1,414036.78,25.867
GL22 2HZ,South West,1,413930.07,12.933
SE34 7NB,Greater London,1,413819.98,12.933
PL39 2ZC,South West,1,413592.9,12.933
IV88 7FC,Scotland,1,413573.16,51.73
HG51 7GZ,Yorkshire and the Humber,1,413541.4,25.865
SE9 2KP,Greater London,1,413498.43,12.932
N60 8WS,Greater London,1,413291.49,38.796
RH51 2HD,South East,1,413244.72,25.864
LS14 8KC,Yorkshire and the Humber,1,413217.43,38.795
IV78 4GS,Scotland,1,413113.83,25.863
G38 2FG,Scotland,1,413069.27,12.931
LU86 6JP,East of England,1,413064.25,25.863
EC23 2AN,Greater London,1,413021.47,46.553
G5 2TN,Scotland,1,412923.66,25.862
LD45 4CK,Wales,1,412746.91,12.931
CB82 4SZ,East of England,1,412732.1,12.931
BH60 5PU,South West,1,412701.57,25.861
AL35 6VS,East of England,1,412675.38,15.517
SE38 1DF,Greater London,1,412656.63,33.619
N88 8YP,Greater London,1,412650.74,12.93
CF87 1DW,Wales,1,412630.9,12.93
LS64 1RF,Yorkshire and the Humber,1,412560.81,12.93
LN67 4NE,East Midlands,1,412506.98,12.93
SO47 7ZP,South East,1,412476.08,12.93
RG41 3HD,South East,1,412373.04,25.859
DH90 8AY,North East,1,412334.56,25.859
L29 6TK,North West,1,412219.5,25.859
WS90 4WM,West Midlands,1,412105.98,12.929
LD97 4HV,Wales,1,411983.43,25.857
CV16 6JW,West Midlands,1,411936.62,12.929
LE66 4DB,East Midlands,1,411931.61,25.857
BS18 7KZ,South West,1,411847.3,38.785
TR79 6GU,South West,1,411679.07,12.928
NG14 2WR,East Midlands,1,411631.39,12.928
L23 4GN,North West,1,411629.84,38.784
S65 1CE,Yorkshire and the Humber,1,411568.55,25.855
LE68 2BK,East Midlands,1,411517.99,12.928
PR71 1CA,North West,1,411473.37,25.855
B93 1UC,West Midlands,1,411465.39,25.855
SE83 7SN,Greater London,1,411461.71,25.855
DN32 8ZH,Yorkshire and the Humber,1,411441.06,25.855
W63 6GV,Greater London,1,411392.43,25.855
DL97 5XY,North East,1,411386.59,12.927
WS10 1AF,West Midlands,1,411372.04,12.927
HU66 3VH,Yorkshire and the Humber,1,411263.88,25.854
LS65 6KN,Yorkshire and the Humber,1,411048.55,31.024
GU94 6GA,South East,1,411000.75,12.926
RH66 6CG,South East,1,410993.61,25.853
SW18 2KE,Greater London,1,410934.31,25.852
BT25 3HB,Northern Ireland,1,410878.85,12.926
WS58 8MV,West Midlands,1,410877.31,12.926
BL28 8JY,North West,1,410776.72,25.852
N29 6WH,Greater London,1,410722.98,12.926
PL53 3MJ,South West,1,410636.31,25.851
PA60 6EG,Scotland,1,410600.47,25.851
ST65 6UX,West Midlands,1,410588.2,38.776
YO9 4BK,Yorkshire and the Humber,1,410579.85,12.925
E82 6MT,Greater London,1,410429.62,12.925
E85 8MN,Greater London,1,410407.27,12.925
NN62 5BT,East Midlands,1,410232.31,12.924
BD64 6VD,Yorkshire and the Humber,1,410222.58,25.849
DL61 7XF,North East,1,410173.44,38.773
YO92 2NE,Yorkshire and the Humber,1,410127.27,12.924
LN25 1TB,East Midlands,1,410075.55,12.924
TS51 4VJ,North East,1,410012.58,25.848
PA2 5JA,Scotland,1,409880.58,25.847
BH40 5KG,South West,1,409835.7,12.924
LU97 1UK,East of England,1,409770.37,12.923
TR93 3BT,South West,1,409751.24,12.923
AB68 1BE,Scotland,1,409721.44,25.846
LS60 5ZD,Yorkshire and the Humber,1,409649.17,25.846
TS28 2EY,North East,1,409552.0,12.923
NW28 5UT,Greater London,1,409420.12,25.845
DD38 8YX,Scotland,1,409411.26,25.845
GU32 4KU,South East,1,409370.81,38.767
BD51 1AP,Yorkshire and the Humber,1,409303.31,12.922
LS43 5EK,Yorkshire and the Humber,1,409216.93,25.844
GL46 2YF,South West,1,409160.03,12.922
LL57 3NZ,Wales,1,409147.22,12.922
SO49 7VP,South East,1,409092.2,38.765
EC11 1WP,Greater London,1,409081.12,25.843
G79 5XM,Scotland,1,409069.27,25.843
G21 5BM,Scotland,1,409045.35,51.686
CV82 1KR,West Midlands,1,409019.7,38.765
BL95 8WJ,North West,1,409004.88,51.686
EC53 5UK,Greater London,1,408955.26,12.921
IV48 1SK,Scotland,1,408941.61,25.843
LU23 2FC,East of England,1,408833.8,12.921
ST52 6MJ,West Midlands,1,408779.73,12.921
SO22 3ME,South East,1,408740.9,12.921
SE92 4EC,Greater London,1,408663.84,12.921
CV74 3TC,West Midlands,1,408655.31,38.762
RH27 5UY,South East,1,408597.73,25.841
WN18 1PU,North West,1,408589.11,25.841
LN44 7EH,East Midlands,1,408559.96,12.92
SW69 8NG,Greater London,1,408476.8,38.761
BH91 2MJ,South West,1,408475.37,38.761
LS34 4YZ,Yorkshire and the Humber,1,408473.5,12.92
AL3 1UK,East of England,1,408452.44,25.84
BH91 6EC,South West,1,408211.16,25.839
HG20 8VW,Yorkshire and the Humber,1,408138.87,25.839
NW42 8JP,Greater London,1,408045.12,12.919
BS37 4UU,South West,1,407988.77,25.838
CV29 4RV,West Midlands,1,407804.14,33.588
HU39 6RK,Yorkshire and the Humber,1,407758.83,33.588
RG68 7RV,South East,1,407602.49,16.793
ST38 3GF,West Midlands,1,407526.34,12.918
SO75 6YG,South East,1,407504.85,12.918
BA46 7CB,South West,1,407502.63,12.918
SY50 7DT,Wales,1,407442.4,12.918
WV40 1EZ,West Midlands,1,407358.08,12.917
WC45 1ZC,Greater London,1,407335.12,12.917
E42 6WB,Greater London,1,407090.85,12.917
WC77 1UZ,Greater London,1,407025.89,38.75
EX30 5HU,South West,1,406976.05,25.833
AB76 7KK,Scotland,1,406964.78,25.833
BA69 8BD,South West,1,406851.0,12.916
SW34 4CX,Greater London,1,406790.87,12.916
WS37 2DZ,West Midlands,1,406738.06,12.916
WS97 7VE,West Midlands,1,406731.67,12.916
PA41 2VG,Scotland,1,406716.1,12.916
WA97 1ZT,North West,1,406632.09,30.998
SE14 2UP,Greater London,1,406597.63,25.831
WV40 3CV,West Midlands,1,406586.3,12.916
RH39 7JK,South East,1,406500.05,25.831
DN11 4XW,Yorkshire and the Humber,1,406454.61,25.83
LS43 1TH,Yorkshire and the Humber,1,406447.14,38.746
WC47 2BA,Greater London,1,406242.51,12.915
WA87 2KH,North West,1,406236.87,12.915
N61 6ZX,Greater London,1,406213.91,12.915
E23 3HK,Greater London,1,406187.15,38.744
BT24 8UT,Northern Ireland,1,406074.08,25.829
LS1 1NX,Yorkshire and the Humber,1,406053.94,12.914
PO83 6NA,South East,1,406015.73,25.828
CO13 6SY,East of England,1,405956.64,12.914
BT88 6YX,Northern Ireland,1,405816.95,12.914
EC68 4JN,Greater London,1,405690.94,38.74
E9 7KS,Greater London,1,405685.82,38.74
ST45 6DW,West Midlands,1,405556.75,25.826
N34 5NA,Greater London,1,405552.74,25.826
L11 3RV,North West,1,405417.17,12.913
CH67 2YJ,North West,1,405364.59,12.913
B35 3VE,West Midlands,1,405351.83,12.913
SW13 8BE,Greater London,1,405324.27,38.737
BT22 6HJ,Northern Ireland,1,405279.2,25.825
TS38 3WB,North East,1,405244.96,19.368
ST21 2DP,West Midlands,1,405187.52,14.203
EC91 5DZ,Greater London,1,405147.35,12.912
BT6 7NX,Northern Ireland,1,405131.78,12.912
BT51 7RA,Northern Ireland,1,405114.15,12.912
GU15 7VJ,South East,1,404973.99,38.735
HG36 2CW,Yorkshire and the Humber,1,404914.91,25.823
EH8 7WR,Scotland,1,404897.9,12.911
CH24 5YR,North West,1,404885.96,12.911
CB48 1MN,East of England,1,404768.79,12.911
LE38 4DA,East Midlands,1,404758.92,25.822
RH42 6SG,South East,1,404729.92,12.911
LD57 1SG,Wales,1,404619.73,38.732
AB28 8DE,Scotland,1,404544.4,51.642
SE28 8UD,Greater London,1,404534.84,25.821
BD92 7WK,Yorkshire and the Humber,1,404519.89,25.821
LS31 8UW,Yorkshire and the Humber,1,404459.46,38.731
DN43 6MF,Yorkshire and the Humber,1,404442.01,25.821
NG35 3XE,East Midlands,1,404348.15,38.73
LU39 6EG,East of England,1,404309.13,25.82
SE42 2ZS,Greater London,1,404305.46,51.64
NN57 2VJ,East Midlands,1,404285.88,25.82
CO66 2TR,East of England,1,404200.5,12.91
LU95 1DR,East of England,1,404177.1,25.819
NR81 8GV,East of England,1,404157.19,33.565
BH61 3YD,South West,1,404071.53,12.909
NW66 6KW,Greater London,1,404049.07,25.819
BH40 2UD,South West,1,404030.5,12.909
IP68 3AW,East of England,1,404029.14,12.909
BT1 1ZT,Northern Ireland,1,403983.67,38.727
CH42 4VN,North West,1,403953.06,33.564
HD81 3TH,Yorkshire and the Humber,1,403908.08,25.818
AB11 3GP,Scotland,1,403896.55,25.818
WC67 7UP,Greater London,1,403862.14,12.909
ST23 5CS,West Midlands,1,403843.12,12.909
BA4 6RM,South West,1,403798.04,25.817
SR43 1RP,North East,1,403793.16,12.909
CV43 8AU,West Midlands,1,403788.88,25.817
N77 3XE,Greater London,1,403741.3,12.909
BL94 8DW,North West,1,403659.04,25.817
PL92 6DD,South West,1,403530.31,33.561
WC50 4HG,Greater London,1,403444.26,51.631
NN20 4VD,East Midlands,1,403417.65,12.908
E94 1UT,Greater London,1,403352.08,46.467
N3 5BA,Greater London,1,403350.73,12.908
BT95 5XJ,Northern Ireland,1,403348.52,25.815
W81 6SY,Greater London,1,403308.34,12.907
BL52 4XR,North West,1,403302.66,12.907
WV33 2CT,West Midlands,1,403222.15,25.814
LD59 8NC,Wales,1,403220.25,38.722
NN93 7SP,East Midlands,1,403131.09,25.814
LL12 2KN,Wales,1,403076.06,25.814
WC81 6VK,Greater London,1,402949.79,25.813
LE10 1CS,East Midlands,1,402946.1,25.813
SO64 3ZB,South East,1,402914.38,61.951
EC98 5KH,Greater London,1,402901.17,25.813
SE40 8WA,Greater London,1,402768.36,19.359
CH17 8DG,North West,1,402755.46,12.906
B61 4EW,West Midlands,1,402690.97,25.812
CM22 5XJ,East of England,1,402656.0,12.906
E18 1VN,Greater London,1,402566.89,51.622
PO1 5NX,South East,1,402502.62,25.811
YO11 5JZ,Yorkshire and the Humber,1,402478.23,12.905
DE82 5CD,East Midlands,1,402397.2,12.905
BH26 7MK,South West,1,402385.72,25.81
NW87 4VR,Greater London,1,402337.75,25.81
E44 8FM,Greater London,1,402321.07,38.715
WC47 6VA,Greater London,1,402307.13,12.905
BB9 1DJ,North West,1,402292.04,15.486
DY31 1AA,West Midlands,1,402263.0,12.905
GL85 2UG,South West,1,402256.57,25.81
PR5 5EV,North West,1,402240.92,25.81
ST17 5JK,West Midlands,1,402234.03,12.905
E72 3BD,Greater London,1,402141.86,38.714
LD68 5PZ,Wales,1,402062.92,25.809
SW6 3FK,Greater London,1,402011.16,51.617
RG26 7TC,South East,1,401761.43,25.807
WC85 8MM,Greater London,1,401732.54,25.807
BA12 6KX,South West,1,401696.62,12.903
WV41 7MD,West Midlands,1,401669.97,12.903
E72 6DV,Greater London,1,401615.95,25.807
EC45 2MG,Greater London,1,401428.9,25.806
BT95 3UK,Northern Ireland,1,401174.55,25.804
M24 7PE,North West,1,401157.7,12.902
NW52 1AV,Greater London,1,401154.12,12.902
AL55 3YB,East of England,1,401134.96,25.804
PR11 5US,North West,1,401017.96,51.607
B22 1US,West Midlands,1,400991.98,12.902
PO11 4BY,South East,1,400883.73,38.704
TR89 7WS,South West,1,400866.48,12.901
DY21 3VC,West Midlands,1,400855.62,25.803
SW52 8TJ,Greater London,1,400806.45,51.605
DN65 6YD,Yorkshire and the Humber,1,400787.63,15.481
LD52 6WZ,Wales,1,400774.28,38.703
DL67 3JP,North East,1,400638.01,38.702
LU21 7DS,East of England,1,400582.24,38.702
ST72 1AR,West Midlands,1,400532.03,12.901
SW63 6EP,Greater London,1,400487.76,25.801
N62 8FK,Greater London,1,400485.05,12.9
BN15 2JW,South East,1,400406.81,12.9
W41 1YC,Greater London,1,400257.91,25.8
DY58 4TG,West Midlands,1,400231.92,25.8
OX67 2CN,South East,1,400098.13,25.799
W61 1JP,Greater London,1,400014.35,12.899
E61 7JW,Greater London,1,400010.31,38.698
NP84 8NW,Wales,1,399923.31,25.798
LS38 8BH,Yorkshire and the Humber,1,399913.53,38.697
PL64 2NY,South West,1,399809.01,12.899
DL98 2PZ,North East,1,399788.57,25.797
LL6 8AS,Wales,1,399732.35,12.899
BA82 3RW,South West,1,399726.72,51.594
NW58 8CS,Greater London,1,399552.23,12.898
M79 4NZ,North West,1,399400.67,12.898
WS16 8AA,West Midlands,1,399395.23,25.795
WC8 7TP,Greater London,1,399359.38,25.795
CM27 3DT,East of England,1,399267.79,25.795
IP98 6JB,East of England,1,399147.93,38.691
WV98 7WN,West Midlands,1,398953.72,12.897
HD39 6YG,Yorkshire and the Humber,1,398944.75,12.897
WS42 3SW,West Midlands,1,398923.63,12.897
NN24 5BA,East Midlands,1,398844.45,25.793
CV4 5YY,West Midlands,1,398757.76,38.688
YO73 6GP,Yorkshire and the Humber,1,398739.96,12.896
CM48 3ZB,East of England,1,398675.71,38.688
BH91 1RU,South West,1,398584.47,12.896
GL55 1UX,South West,1,398430.49,12.895
BL40 6PH,North West,1,398397.23,12.895
CV70 3HY,West Midlands,1,398387.55,12.895
B30 1RJ,West Midlands,1,398279.13,12.895
DE40 8JJ,East Midlands,1,398267.73,12.895
W10 7UT,Greater London,1,398244.75,12.895
LN74 8TT,East Midlands,1,398091.83,12.894
SW17 5CX,Greater London,1,398068.6,38.683
DY30 1SB,West Midlands,1,397837.56,25.788
IV15 1RN,Scotland,1,397835.95,12.894
LN62 6FA,East Midlands,1,397771.09,12.894
HU33 1FY,Yorkshire and the Humber,1,397722.49,12.894
NN30 6TP,East Midlands,1,397675.44,38.68
CH6 1EK,North West,1,397610.98,12.893
HG94 4UD,Yorkshire and the Humber,1,397590.85,12.893
BS60 2ZY,South West,1,397410.55,38.678
GU6 1RE,South East,1,397390.59,38.678
LN93 6HB,East Midlands,1,397378.28,16.76
N96 3AW,Greater London,1,397376.76,12.893
SO65 5UG,South East,1,397350.47,12.893
SE56 3TS,Greater London,1,397315.97,12.892
ST14 7KP,West Midlands,1,397263.75,12.892
NW49 6XR,Greater London,1,397223.73,25.785
WA46 7ME,North West,1,397221.99,25.785
BT92 7SP,Northern Ireland,1,397159.79,12.892
BA23 2JY,South West,1,397076.33,12.892
YO29 7TT,Yorkshire and the Humber,1,396976.24,25.783
CM23 5WE,East of England,1,396857.81,38.674
S31 7XP,Yorkshire and the Humber,1,396852.01,38.674
SA14 6PC,Wales,1,396834.52,12.891
PA64 5SF,Scotland,1,396833.01,12.891
RH21 6AW,South East,1,396817.62,25.782
NW6 5PC,Greater London,1,396793.6,15.469
BT76 1ME,Northern Ireland,1,396781.19,12.891
PR30 1AR,North West,1,396756.46,25.782
LE19 3ZV,East Midlands,1,396683.04,51.564
DN48 6SP,Yorkshire and the Humber,1,396673.28,12.891
BT70 8RP,Northern Ireland,1,396647.45,12.891
AL57 2BJ,East of England,1,396620.14,38.672
GU17 6TU,South East,1,396607.09,25.781
DE73 1CS,East Midlands,1,396568.22,38.672
CV85 5FF,West Midlands,1,396488.71,25.781
WN48 2ZA,North West,1,396427.89,25.781
N49 8UX,Greater London,1,396424.42,12.89
BS77 4FH,South West,1,396399.65,12.89
N10 3GU,Greater London,1,396391.48,25.78
SW32 3UB,Greater London,1,396355.24,12.89
WA47 3DH,North West,1,396333.6,12.89
DL10 8EK,North East,1,396321.38,25.78
B26 2TE,West Midlands,1,396244.94,12.89
PO63 7FY,South East,1,396202.25,38.669
W34 1RK,Greater London,1,396086.95,30.935
N27 8FB,Greater London,1,395947.78,25.778
BH40 7BS,South West,1,395892.0,38.667
B28 3HC,West Midlands,1,395869.35,12.889
PO97 8YT,South East,1,395853.25,12.889
NW33 6ZS,Greater London,1,395850.43,38.666
SO47 7CD,South East,1,395749.13,12.889
AL24 7GT,East of England,1,395682.0,25.777
ST29 6ZK,West Midlands,1,395672.96,25.777
IP16 1EM,East of England,1,395617.06,12.888
ST42 4DJ,West Midlands,1,395474.5,38.664
WC52 2SH,Greater London,1,395438.58,25.776
SW44 1PM,Greater London,1,395413.12,12.888
WV27 8VF,West Midlands,1,395348.43,12.888
EH58 4BF,Scotland,1,395268.95,12.887
BN12 4AC,South East,1,395238.67,25.774
YO94 7BV,Yorkshire and the Humber,1,395209.09,12.887
PR29 7DE,North West,1,395106.07,25.774
NG33 1UA,East Midlands,1,395057.61,51.547
EH93 5UX,Scotland,1,394985.69,12.887
EC63 8VT,Greater London,1,394831.91,12.886
CH55 1ZJ,North West,1,394806.23,12.886
ST8 1FV,West Midlands,1,394768.83,12.886
BT89 7SG,Northern Ireland,1,394752.56,12.886
PL4 6NK,South West,1,394747.72,12.886
LL81 3SC,Wales,1,394742.24,25.772
PO80 5BX,South East,1,394692.34,12.886
BA17 3DN,South West,1,394682.47,12.886
SE10 4GK,Greater London,1,394610.99,38.657
CM70 5WC,East of England,1,394601.87,12.886
PR5 5YC,North West,1,394593.07,12.886
LE19 7XZ,East Midlands,1,394559.92,12.886
CB10 5RG,East of England,1,394493.84,25.771
NN15 4EA,East Midlands,1,394464.26,12.885
WS6 6HR,West Midlands,1,394316.83,12.885
DL64 2XE,North East,1,394296.01,12.885
N84 6AG,Greater London,1,394285.72,25.77
BA75 1JA,South West,1,394268.58,12.885
BT89 7EK,Northern Ireland,1,394190.8,12.885
CB14 2XR,East of England,1,394140.51,12.884
B79 3GC,West Midlands,1,394073.11,12.884
L75 1GY,North West,1,394023.91,25.768
CM74 8ZG,East of England,1,394000.94,38.652
G77 5FW,Scotland,1,393998.38,12.884
DY42 6JF,West Midlands,1,393917.64,50.247
RH58 6VZ,South East,1,393900.2,12.884
HU64 4VA,Yorkshire and the Humber,1,393830.39,12.884
AL21 2ZV,East of England,1,393744.97,25.767
CO19 5XW,East of England,1,393599.67,25.766
SW57 5AU,Greater London,1,393543.0,12.883
SE61 7WJ,Greater London,1,393533.75,12.883
CB32 2AR,East of England,1,393470.53,12.883
AB24 5NB,Scotland,1,393442.18,38.648
G82 6JB,Scotland,1,393401.9,25.765
E70 2XP,Greater London,1,393357.75,12.882
LS29 1HS,Yorkshire and the Humber,1,393144.59,46.375
SE93 4SZ,Greater London,1,393005.42,51.526
W69 1YS,Greater London,1,392868.66,25.762
HU89 1ZA,Yorkshire and the Humber,1,392761.05,25.762
E6 2UK,Greater London,1,392708.48,25.762
PO59 3FZ,South East,1,392698.04,25.762
GL44 6CS,South West,1,392652.07,12.881
CH55 6XY,North West,1,392646.88,12.881
G53 4XT,Scotland,1,392600.29,25.761
ST95 8EF,West Midlands,1,392525.15,12.88
E5 7RX,Greater London,1,392477.43,12.88
N1 4DY,Greater London,1,392424.38,51.52
YO37 1KA,Yorkshire and the Humber,1,392266.91,12.88
B98 1MB,West Midlands,1,392262.29,25.759
DL43 8JA,North East,1,392195.63,25.759
WA17 7DT,North West,1,392184.37,25.759
N24 3MT,Greater London,1,392160.58,38.638
GL10 2MJ,South West,1,391903.17,12.879
SE66 1DW,Greater London,1,391814.49,12.879
CO57 8HJ,East of England,1,391800.22,12.879
CF94 6VD,Wales,1,391686.74,12.878
BN50 2ZD,South East,1,391638.33,12.878
B93 7ST,West Midlands,1,391576.4,12.878
BT15 8RG,Northern Ireland,1,391527.04,12.878
EC96 8SU,Greater London,1,391301.59,12.877
IV89 7MM,Scotland,1,391084.64,25.753
AB78 6GP,Scotland,1,390997.77,51.506
RH59 3FG,South East,1,390977.74,38.629
RG97 8VT,South East,1,390942.95,51.505
PR44 7YR,North West,1,390892.2,12.876
EH25 4PD,Scotland,1,390483.5,16.738
CF8 6ST,Wales,1,390471.06,12.875
G90 7SY,Scotland,1,390455.29,12.875
CF28 8GS,Wales,1,390385.44,38.625
SE11 3RM,Greater London,1,390208.16,25.749
OX38 2GY,South East,1,390160.0,25.749
N96 2JF,Greater London,1,390030.74,12.874
SO93 4JA,South East,1,389971.71,38.621
B19 3AT,West Midlands,1,389936.5,12.874
HD97 7ZU,Yorkshire and the Humber,1,389855.6,25.747
IP22 5ZT,East of England,1,389686.34,38.619
CV6 3BS,West Midlands,1,389671.51,12.873
L66 1BM,North West,1,389639.12,25.746
BT30 4MU,Northern Ireland,1,389616.38,12.873
PA87 6YN,Scotland,1,389591.78,25.746
PO22 7TV,South East,1,389590.28,38.619
BB58 3UK,North West,1,389517.4,12.873
AL16 7XV,East of England,1,389502.21,38.618
W68 4ZH,Greater London,1,389463.45,25.745
E6 7JC,Greater London,1,389352.18,25.744
SE51 6CS,Greater London,1,389350.05,38.617
RG80 5ZD,South East,1,389335.76,25.744
BL64 3WB,North West,1,389312.28,25.744
N51 6AP,Greater London,1,389237.65,25.744
LS39 4EE,Yorkshire and the Humber,1,389223.84,12.872
RH51 2ZB,South East,1,389194.46,25.744
IP43 7RU,East of England,1,389144.48,25.743
BT46 6SU,Northern Ireland,1,389123.31,50.199
CF88 8TB,Wales,1,389119.0,25.743
AB72 8MJ,Scotland,1,389105.55,12.872
WC70 4BY,Greater London,1,389105.35,12.872
GU76 7UA,South East,1,389069.8,38.615
HG23 3EC,Yorkshire and the Humber,1,389058.68,12.871
BL72 1TT,North West,1,389041.62,12.871
M37 2PV,North West,1,388957.53,38.614
E15 5ZT,Greater London,1,388896.94,51.484
DL74 3TE,North East,1,388894.64,12.871
NR86 4EY,East of England,1,388886.99,12.871
NW5 6DD,Greater London,1,388862.31,51.484
GU93 7HG,South East,1,388795.38,12.871
L12 2RW,North West,1,388769.01,38.612
ST3 6XJ,West Midlands,1,388660.97,12.87
HG77 8GK,Yorkshire and the Humber,1,388530.7,38.61
AL62 1WF,East of England,1,388467.45,12.87
PL43 7HP,South West,1,388355.85,38.609
NG47 5NV,East Midlands,1,388321.03,15.444
PR6 1UV,North West,1,388297.81,12.87
NW68 1MD,Greater London,1,388160.25,38.608
SW81 7ZB,Greater London,1,388114.89,25.738
LE88 1PX,East Midlands,1,388066.36,25.738
SE68 5SZ,Greater London,1,387968.41,51.475
WS46 5EV,West Midlands,1,387963.73,12.869
GL21 2VJ,South West,1,387725.85,25.736
DH41 5WA,North East,1,387713.03,12.868
WC49 7TY,Greater London,1,387680.72,12.868
NR35 7KF,East of England,1,387675.38,12.868
CB47 3FH,East of England,1,387674.74,12.868
TR41 3GD,South West,1,387661.28,25.736
EH33 8YT,Scotland,1,387640.91,25.736
E74 6BY,Greater London,1,387352.95,51.468
B43 3UC,West Midlands,1,387349.92,25.734
NN34 6WV,East Midlands,1,387332.9,12.867
SO56 4FZ,South East,1,387269.25,12.867
BN75 1KK,South East,1,387214.16,25.733
DH65 4YM,North East,1,387077.49,38.599
EH52 6RF,Scotland,1,387063.77,12.866
SW78 5SN,Greater London,1,386965.81,12.866
SE55 5ED,Greater London,1,386961.65,38.598
RH43 2XJ,South East,1,386957.16,12.866
RG66 8GV,South East,1,386879.03,12.866
WC16 4KC,Greater London,1,386870.98,12.866
PR54 3SN,North West,1,386809.6,38.597
BD63 7XW,Yorkshire and the Humber,1,386804.6,12.866
WN54 5RM,North West,1,386800.61,25.731
LL84 3AK,Wales,1,386693.1,25.731
CV80 5CX,West Midlands,1,386641.1,12.865
CB74 6BR,East of England,1,386604.61,38.595
NP33 4DT,Wales,1,386321.57,12.864
TS97 3ZJ,North East,1,386305.37,12.864
LN19 4MS,East Midlands,1,386289.69,12.864
AB15 3ZX,Scotland,1,386198.29,12.864
W32 5EN,Greater London,1,386194.36,16.723
E26 5DH,Greater London,1,386184.26,25.728
LU77 4GJ,East of England,1,386177.37,12.864
SW95 3ZH,Greater London,1,386064.23,25.728
LU56 4KF,East of England,1,386036.59,38.591
LE84 6VB,East Midlands,1,386034.5,12.864
BT23 6KB,Northern Ireland,1,385923.7,25.727
SA1 7UU,Wales,1,385823.09,38.589
DE25 2TT,East Midlands,1,385723.5,25.726
CV41 7WV,West Midlands,1,385665.64,25.725
N54 4WB,Greater London,1,385643.19,25.725
M98 4ZP,North West,1,385559.14,12.862
YO68 5PM,Yorkshire and the Humber,1,385527.16,38.587
BA89 4AT,South West,1,385471.79,12.862
RG85 5XH,South East,1,385328.52,25.724
N1 4SF,Greater London,1,385294.55,25.724
S24 5AB,Yorkshire and the Humber,1,385261.88,12.862
BS59 3NA,South West,1,385256.21,12.862
LE77 4CA,East Midlands,1,385239.86,12.862
EX20 3AF,South West,1,385093.63,51.445
LE98 5KM,East Midlands,1,385045.86,12.861
SO68 6KT,South East,1,385014.82,25.722
RH14 8WF,South East,1,384961.35,25.722
HG76 5XG,Yorkshire and the Humber,1,384959.47,12.861
W29 8SH,Greater London,1,384896.49,38.582
WA48 1XD,North West,1,384844.14,61.731
EC96 8YS,Greater London,1,384782.91,38.581
LE88 3GJ,East Midlands,1,384754.49,12.86
WV22 3MK,West Midlands,1,384727.37,25.721
E42 6UC,Greater London,1,384677.03,38.58
RH39 1GT,South East,1,384673.53,12.86
NW95 7YK,Greater London,1,384524.45,38.579
CV37 2VF,West Midlands,1,384457.37,25.719
SO27 8TK,South East,1,384436.04,12.86
E56 2PP,Greater London,1,384413.94,51.438
N73 2ZH,Greater London,1,384215.59,12.859
N87 7TB,Greater London,1,384186.67,25.718
M73 1NE,North West,1,384166.81,12.859
HG80 4VM,Yorkshire and the Humber,1,384069.89,25.717
WC89 7TR,Greater London,1,384055.51,12.859
BT83 2UU,Northern Ireland,1,383956.87,25.717
SW74 6YW,Greater London,1,383858.77,12.858
WS37 1MT,West Midlands,1,383829.34,12.858
LL40 6JW,Wales,1,383666.86,12.858
DH11 5ZF,North East,1,383607.27,33.429
RH27 7BS,South East,1,383550.03,38.572
DY83 8SJ,West Midlands,1,383536.39,12.857
BL97 5TZ,North West,1,383477.02,25.714
NN37 6VK,East Midlands,1,383343.58,12.857
RG83 8PS,South East,1,383316.45,25.713
BH53 1EA,South West,1,383307.09,38.57
M27 5HV,North West,1,383296.75,25.713
SE12 3VE,Greater London,1,383291.73,12.857
WN26 4EC,North West,1,383199.3,51.425
HU72 8FG,Yorkshire and the Humber,1,383145.31,12.856
AB85 1XJ,Scotland,1,383139.6,25.712
S14 6XZ,Yorkshire and the Humber,1,383136.67,46.282
DY32 1MJ,West Midlands,1,383127.71,12.856
SW35 5DP,Greater London,1,383077.3,12.856
N77 7NS,Greater London,1,382977.52,30.854
BD66 5VZ,Yorkshire and the Humber,1,382777.24,25.71
HD55 3PF,Yorkshire and the Humber,1,382699.5,38.565
BT38 5GR,Northern Ireland,1,382666.61,38.565
AB44 6XA,Scotland,1,382627.77,25.71
LL49 3MJ,Wales,1,382620.07,25.71
EC53 4BG,Greater London,1,382446.43,25.709
GU97 6YC,South East,1,382413.88,12.854
LE7 3BV,East Midlands,1,382410.34,25.709
NR17 8KJ,East of England,1,382386.37,25.708
BD20 5CP,Yorkshire and the Humber,1,382372.42,12.854
IP84 6KT,East of England,1,382347.13,38.562
CB46 2GM,East of England,1,382324.89,33.42
NE13 1UV,North East,1,382305.38,38.562
NG77 3AG,East Midlands,1,382288.96,25.708
HU40 7PX,Yorkshire and the Humber,1,382267.3,38.562
ST11 1CX,West Midlands,1,382259.73,12.854
WA60 2UE,North West,1,382194.57,12.854
EC84 3DW,Greater London,1,382124.66,25.707
DH88 1AV,North East,1,382036.96,12.853
SE64 5HP,Greater London,1,381847.05,51.411
GU55 6XG,South East,1,381769.14,12.853
SA31 8HZ,Wales,1,381730.33,25.705
GU31 7GM,South East,1,381630.28,38.557
RH84 1GM,South East,1,381486.98,12.852
RH95 4DS,South East,1,381470.76,25.704
OX18 8NX,South East,1,381413.31,12.852
E14 3CY,Greater London,1,381403.61,38.555
EC69 6ZH,Greater London,1,381374.39,12.852
W4 6FE,Greater London,1,381250.37,12.851
WA15 1RF,North West,1,381164.19,12.851
NW83 4DW,Greater London,1,381147.75,38.553
G82 5PR,Scotland,1,380998.55,38.552
SO10 5DR,South East,1,380953.42,12.85
WA59 2MH,North West,1,380867.45,12.85
HG98 4CA,Yorkshire and the Humber,1,380839.12,12.85
ST39 6UZ,West Midlands,1,380760.04,25.7
WN7 1SS,North West,1,380740.22,25.7
SA62 5XZ,Wales,1,380648.16,25.699
NP30 1JC,Wales,1,380597.79,12.85
BD22 3HA,Yorkshire and the Humber,1,380467.69,38.547
CV18 5EY,West Midlands,1,380328.46,12.849
L26 8XA,North West,1,380288.57,25.697
EH6 3DD,Scotland,1,380248.03,12.849
G82 5DC,Scotland,1,380213.5,51.394
CV45 2XW,West Midlands,1,380147.31,38.545
CV3 5VW,West Midlands,1,380046.89,12.848
LE31 6TF,East Midlands,1,380041.43,25.696
ST66 6GK,West Midlands,1,380023.33,25.696
OX2 6ZU,South East,1,380012.72,51.392
WC32 8HS,Greater London,1,379912.19,12.848
GU92 1TA,South East,1,379896.27,51.391
ST97 6UF,West Midlands,1,379832.85,38.542
G18 8KF,Scotland,1,379830.81,25.695
CV43 2RE,West Midlands,1,379792.49,12.847
OX28 2WX,South East,1,379732.19,25.694
ST1 6AX,West Midlands,1,379728.69,12.847
ST58 5ZN,West Midlands,1,379626.15,15.416
WV84 4PF,West Midlands,1,379621.94,25.694
LD3 6VE,Wales,1,379546.62,12.847
LN73 3CD,East Midlands,1,379423.73,12.846
OX50 4DN,South East,1,379341.32,25.692
SW40 5YB,Greater London,1,379336.04,12.846
RG45 2GY,South East,1,379248.35,25.692
E95 1MT,Greater London,1,379234.14,25.692
BT94 4WN,Northern Ireland,1,379197.75,12.846
HD58 7BP,Yorkshire and the Humber,1,379175.56,12.846
IP59 4RK,East of England,1,379144.44,25.691
BA87 4AC,South West,1,379081.58,12.846
YO51 7UV,Yorkshire and the Humber,1,378904.64,38.535
LD76 5XW,Wales,1,378493.37,12.844
WN17 2MB,North West,1,378466.57,51.376
ST39 8ZC,West Midlands,1,378325.34,25.687
NW86 6GK,Greater London,1,378287.29,12.843
BT98 3YE,Northern Ireland,1,378280.56,12.843
BH11 7XT,South West,1,378162.21,12.843
NW35 3UP,Greater London,1,377978.97,12.843
WS7 4FV,West Midlands,1,377919.07,25.685
LN46 5XR,East Midlands,1,377710.32,25.684
SW50 5YT,Greater London,1,377666.83,38.525
SW21 5KH,Greater London,1,377514.92,38.524
IV45 1AD,Scotland,1,377507.78,25.683
ST42 7UB,West Midlands,1,377344.08,51.364
NW1 5VT,Greater London,1,377147.33,25.681
DH60 3BV,North East,1,377092.62,25.68
W1 1XP,Greater London,1,377090.89,25.68
W52 4JS,Greater London,1,377077.85,12.84
NW77 5ST,Greater London,1,377068.81,12.84
N56 5DN,Greater London,1,377052.02,12.84
RH63 5BC,South East,1,377049.9,12.84
OX36 8MB,South East,1,377029.04,12.84
NG15 2MF,East Midlands,1,376964.73,12.84
WC41 8BA,Greater London,1,376925.78,25.68
NW4 2KA,Greater London,1,376736.84,25.679
YO95 6MK,Yorkshire and the Humber,1,376667.77,12.839
DY64 5CT,West Midlands,1,376611.25,12.839
WC72 1ZX,Greater London,1,376587.5,25.678
RH15 2AD,South East,1,376398.81,25.677
WV15 5NK,West Midlands,1,376377.56,12.838
NN53 6HF,East Midlands,1,376369.01,25.677
SE13 5HM,Greater London,1,376345.41,12.838
RG29 3XV,South East,1,376294.86,25.676
LU6 2KE,East of England,1,376258.01,12.838
PA70 6SZ,Scotland,1,376177.9,38.513
CH84 5HB,North West,1,376114.39,25.675
N37 6AG,Greater London,1,376112.76,25.675
HU62 7PD,Yorkshire and the Humber,1,376060.37,12.838
TS60 3SH,North East,1,376046.51,25.675
DL50 3UU,North East,1,375932.17,38.512
SE60 5EJ,Greater London,1,375896.88,38.511
IV27 5UY,Scotland,1,375860.88,12.837
CV8 2RV,West Midlands,1,375857.49,25.674
NW10 2HU,Greater London,1,375853.67,12.837
ST48 5JS,West Midlands,1,375841.76,12.837
PL21 3RG,South West,1,375773.37,38.51
M64 2FH,North West,1,375760.9,51.347
B53 7PP,West Midlands,1,375734.13,12.837
DE49 7AG,East Midlands,1,375718.85,12.837
SA57 1WP,Wales,1,375708.87,38.51
IP82 5JX,East of England,1,375623.22,38.509
WC53 4MU,Greater London,1,375404.24,25.672
IP4 2KN,East of England,1,375388.99,25.671
HU7 3TA,Yorkshire and the Humber,1,375353.97,38.507
GU25 1BF,South East,1,375318.68,12.836
TR91 1HG,South West,1,375308.99,25.671
W57 2FW,Greater London,1,375201.28,16.686
BH23 1VX,South West,1,375158.86,25.67
GU12 3HY,South East,1,375071.44,25.67
NG77 1MJ,East Midlands,1,375025.06,16.685
N5 3PJ,Greater London,1,374870.94,25.669
N48 3DB,Greater London,1,374842.06,12.834
RG25 1GW,South East,1,374637.37,25.667
PO70 3DT,South East,1,374438.1,12.833
NR97 3AT,East of England,1,374350.57,25.666
AB11 1PC,Scotland,1,374326.89,25.666
WC15 8JJ,Greater London,1,374319.16,25.666
SE63 6RM,Greater London,1,374307.78,25.666
WA82 1YB,North West,1,374306.07,25.666
DN34 5RY,Yorkshire and the Humber,1,374254.36,12.833
OX26 6NJ,South East,1,374236.26,51.331
SE34 7SN,Greater London,1,374103.9,25.665
AL83 4ZR,East of England,1,374098.74,38.497
CM31 6DH,East of England,1,374095.52,25.665
WC87 2SZ,Greater London,1,373947.9,25.664
W8 7KF,Greater London,1,373881.3,38.495
CB39 2HG,East of England,1,373875.26,25.663
HG52 1BZ,Yorkshire and the Humber,1,373790.17,25.663
PR5 1EC,North West,1,373622.21,50.041
RG7 3BM,South East,1,373616.57,12.831
B36 4BD,West Midlands,1,373598.41,38.493
WN74 3JK,North West,1,373596.51,25.662
NG35 2YC,East Midlands,1,373325.6,12.83
CF22 8AU,Wales,1,373146.82,12.83
NW19 4UJ,Greater London,1,373133.22,12.83
EC14 4DR,Greater London,1,373091.18,38.489
G54 5SJ,Scotland,1,373075.02,15.395
W30 6WM,Greater London,1,372990.72,25.659
SO15 4FJ,South East,1,372989.82,12.829
DL95 6SD,North East,1,372958.14,25.658
CM69 5BT,East of England,1,372922.39,51.317
DD57 4NE,Scotland,1,372855.04,12.829
PO47 7GH,South East,1,372845.88,25.658
SE93 3ZS,Greater London,1,372649.66,12.828
PO50 5HJ,South East,1,372641.4,12.828
OX22 8JY,South East,1,372567.91,25.656
SR95 2TH,North East,1,372502.0,25.656
NR20 4MN,East of England,1,372354.07,25.655
BN10 4AG,South East,1,372343.55,25.655
PL89 1EB,South West,1,372326.12,51.31
TR17 8TD,South West,1,372233.16,28.22
ST77 7NX,West Midlands,1,372107.78,12.827
IP79 4XD,East of England,1,372022.47,25.653
SO97 6EK,South East,1,371961.26,38.48
SO47 5PC,South East,1,371915.98,12.826
DE42 3PV,East Midlands,1,371900.57,12.826
RG17 7UR,South East,1,371884.21,12.826
N43 4AM,Greater London,1,371878.49,25.653
WS84 3VH,West Midlands,1,371840.21,12.826
DN20 8WZ,Yorkshire and the Humber,1,371826.45,25.652
PO66 4YB,South East,1,371804.32,38.478
NW5 4HE,Greater London,1,371760.11,12.826
WN96 5GE,North West,1,371747.04,38.478
B90 4AV,West Midlands,1,371739.6,38.478
YO22 2SK,Yorkshire and the Humber,1,371679.08,12.826
CV44 3FB,West Midlands,1,371674.81,12.826
L11 3KP,North West,1,371667.45,12.826
DL90 8JY,North East,1,371551.45,38.476
CM20 1NZ,East of England,1,371525.11,25.651
SE51 8UN,Greater London,1,371495.21,25.651
CB51 6TV,East of England,1,371465.56,25.65
BA1 7FR,South West,1,371463.99,25.65
EC81 3AS,Greater London,1,371456.31,12.825
WC41 4HK,Greater London,1,371432.83,12.825
EH4 2KC,Scotland,1,371420.85,38.475
RH5 8EF,South East,1,371404.64,12.825
EH10 4FZ,Scotland,1,371252.6,12.825
AB63 1VK,Scotland,1,371251.95,25.649
GU42 4GU,South East,1,371167.37,12.824
DH67 1NM,North East,1,371136.0,12.824
OX79 3TE,South East,1,371099.74,25.648
SE30 4XX,Greater London,1,371076.78,25.648
SE10 7AS,Greater London,1,371046.16,51.296
HD90 1DZ,Yorkshire and the Humber,1,370983.84,38.472
WN1 6ZM,North West,1,370958.42,25.648
CB4 1VT,East of England,1,370950.98,38.471
BT62 5WY,Northern Ireland,1,370833.33,12.824
DD83 2VH,Scotland,1,370784.55,38.47
W70 6FU,Greater London,1,370631.73,38.469
L54 4BU,North West,1,370628.32,25.646
N10 1SV,Greater London,1,370580.48,25.646
NE20 2SG,North East,1,370413.46,25.645
B44 2SC,West Midlands,1,370350.61,25.644
LN67 3GR,East Midlands,1,370329.81,25.644
IV49 4YT,Scotland,1,370278.43,50.006
WC22 5JA,Greater London,1,370253.78,25.644
ST82 5ZM,West Midlands,1,370231.56,12.822
DE8 1PM,East Midlands,1,370214.96,25.644
SW47 3RB,Greater London,1,370122.47,38.465
EX96 5WN,South West,1,370104.69,51.286
E91 5AT,Greater London,1,369961.83,38.463
RG87 4ZE,South East,1,369795.65,12.821
BT10 3XP,Northern Ireland,1,369718.24,12.82
G66 5MV,Scotland,1,369698.88,12.82
EH86 7BJ,Scotland,1,369662.65,38.461
W85 4ZJ,Greater London,1,369661.1,38.461
BB36 6VD,North West,1,369620.19,51.281
SW27 6VD,Greater London,1,369611.22,38.461
N76 3AT,Greater London,1,369496.36,12.82
CF31 5AU,Wales,1,369370.96,12.82
PO11 2UD,South East,1,369368.41,38.459
DY5 6JR,West Midlands,1,368996.9,25.637
CH53 1EW,North West,1,368948.67,25.637
NP68 3WK,Wales,1,368930.39,25.637
RG69 3KJ,South East,1,368916.74,25.637
LU39 7JJ,East of England,1,368846.99,51.273
RH58 7ZU,South East,1,368790.49,33.327
SE73 4CY,Greater London,1,368654.1,25.635
WS28 7ZD,West Midlands,1,368599.79,25.635
AB72 6RF,Scotland,1,368392.52,12.817
PR15 7GY,North West,1,368378.19,38.451
S35 6HV,Yorkshire and the Humber,1,368357.43,25.634
WS36 8HK,West Midlands,1,368249.17,12.817
CH82 4YX,North West,1,368195.8,12.816
BL64 7HV,North West,1,368192.94,12.816
NW34 8NR,Greater London,1,368189.31,25.633
RG7 3WJ,South East,1,368052.69,12.816
BT28 6FZ,Northern Ireland,1,367947.16,25.631
S43 1VK,Yorkshire and the Humber,1,367936.36,12.816
AB68 6GR,Scotland,1,367816.75,25.631
G35 2ER,Scotland,1,367810.65,38.446
LN97 6TY,East Midlands,1,367798.94,12.815
DN18 6XY,Yorkshire and the Humber,1,367747.38,12.815
HD28 3RJ,Yorkshire and the Humber,1,367718.28,12.815
SO84 1SN,South East,1,367690.28,25.63
ST59 2EH,West Midlands,1,367612.71,25.63
BT3 6EZ,Northern Ireland,1,367473.1,12.814
RG69 3AE,South East,1,367402.86,12.814
DN15 4PG,Yorkshire and the Humber,1,367322.25,12.814
PO60 5AH,South East,1,367300.69,25.628
SO26 5KM,South East,1,367283.42,12.814
BL16 4NB,North West,1,367267.18,38.442
N29 2PB,Greater London,1,367222.61,38.441
WC97 4RK,Greater London,1,367199.6,38.441
PO16 6TV,South East,1,367179.52,12.814
CV28 8RM,West Midlands,1,367135.03,12.813
IV53 3SD,Scotland,1,367134.07,51.254
ST86 5GX,West Midlands,1,366962.79,12.813
AB76 5YW,Scotland,1,366943.57,25.626
CB35 5AY,East of England,1,366910.79,25.626
SE64 1WS,Greater London,1,366773.15,12.813
SR5 3EK,North East,1,366731.28,12.812
OX47 1MD,South East,1,366683.5,25.625
EC87 4BW,Greater London,1,366630.34,12.812
BS71 5YT,South West,1,366627.13,25.624
N50 3AU,Greater London,1,366537.35,38.436
W3 2KC,Greater London,1,366517.56,12.812
SE86 8GR,Greater London,1,366484.09,12.812
WC96 5DN,Greater London,1,366438.74,25.623
EC18 6RS,Greater London,1,366339.14,12.811
GU37 3AK,South East,1,366309.75,12.811
LD54 6SX,Wales,1,366305.02,12.811
IP13 8RK,East of England,1,366284.2,12.811
BN49 1HE,South East,1,366281.32,12.811
PO48 8UU,South East,1,366220.37,25.622
SW49 1RD,Greater London,1,366184.77,12.811
SE20 5NT,Greater London,1,365985.94,12.81
EC85 2GM,Greater London,1,365982.25,12.81
SW33 3PR,Greater London,1,365966.94,12.81
NR98 5FV,East of England,1,365947.67,12.81
HG31 6CV,Yorkshire and the Humber,1,365916.12,38.43
SW1 4FH,Greater London,1,365822.86,12.81
SW89 5BH,Greater London,1,365808.2,12.81
ST20 5YP,West Midlands,1,365767.94,12.81
WV51 4NG,West Midlands,1,365755.49,25.619
SW56 3GE,Greater London,1,365730.25,12.81
LS50 3AK,Yorkshire and the Humber,1,365671.42,12.809
WS76 8XS,West Midlands,1,365584.9,12.809
DN53 5ES,Yorkshire and the Humber,1,365572.59,12.809
LN74 5DE,East Midlands,1,365499.16,12.809
G32 1BS,Scotland,1,365339.0,25.617
EH74 1PX,Scotland,1,365298.83,25.617
EC87 7XF,Greater London,1,365236.63,38.425
AL35 2DJ,East of England,1,365233.94,25.617
CB58 8TY,East of England,1,365224.53,38.425
PR73 6BM,North West,1,365216.21,25.616
RH3 2WU,South East,1,365199.51,12.808
HG33 7VZ,Yorkshire and the Humber,1,365177.53,12.808
LS2 1DJ,Yorkshire and the Humber,1,365093.68,38.424
OX68 3WB,South East,1,365078.2,25.616
LL48 6EV,Wales,1,365067.75,38.424
S77 4SS,Yorkshire and the Humber,1,365058.98,25.616
E46 7ZA,Greater London,1,365029.89,25.615
OX14 1JK,South East,1,364962.25,25.615
EC39 1SH,Greater London,1,364854.38,38.422
CV91 6UB,West Midlands,1,364837.32,12.807
L75 1NN,North West,1,364767.43,12.807
NR40 3XT,East of England,1,364738.87,38.421
LE55 5CE,East Midlands,1,364618.67,12.807
SW22 1UC,Greater London,1,364613.95,25.613
SR86 8FC,North East,1,364603.54,12.807
N45 5JM,Greater London,1,364589.18,38.42
IP71 5TJ,East of England,1,364522.44,38.419
E73 3WT,Greater London,1,364506.05,25.613
CM64 4DG,East of England,1,364489.36,25.613
W94 4SS,Greater London,1,364396.63,51.224
DH60 1TV,North East,1,364332.03,12.806
BS24 1PF,South West,1,364207.2,15.367
CV69 4WR,West Midlands,1,364188.71,12.805
NW97 5XN,Greater London,1,364141.83,25.611
ST78 7VX,West Midlands,1,364125.83,16.647
L94 4AZ,North West,1,364073.65,12.805
NP29 6EN,Wales,1,363995.76,38.415
PA51 5CM,Scotland,1,363888.01,12.805
W53 2AF,Greater London,1,363770.95,12.804
NE16 8SD,North East,1,363679.85,12.804
GL17 8SP,South West,1,363600.03,25.608
LU57 7DM,East of England,1,363480.98,38.41
DD21 1BK,Scotland,1,363367.6,12.803
PL75 7PW,South West,1,363299.77,25.606
SW62 7BC,Greater London,1,363295.66,12.803
WS3 6XG,West Midlands,1,363266.6,25.606
CV29 2KB,West Midlands,1,363211.09,51.211
PA52 1XR,Scotland,1,363140.82,12.803
N82 8CS,Greater London,1,363126.7,25.605
DE37 8WP,East Midlands,1,363045.81,12.802
WC50 2CF,Greater London,1,362914.67,25.604
SW94 8TS,Greater London,1,362858.93,38.405
W19 1PE,Greater London,1,362790.04,38.405
NR73 6RY,East of England,1,362768.58,25.603
HU17 6SS,Yorkshire and the Humber,1,362726.76,12.801
RH93 2HM,South East,1,362689.3,12.801
RG14 7CY,South East,1,362645.13,12.801
NP94 2TD,Wales,1,362640.59,38.404
ST44 6SB,West Midlands,1,362625.6,12.801
DN83 8FE,Yorkshire and the Humber,1,362621.18,12.801
RH80 7UA,South East,1,362617.21,38.403
WV25 5GH,West Midlands,1,362537.6,12.801
LN10 7BR,East Midlands,1,362523.6,12.801
LE29 1TZ,East Midlands,1,362438.12,25.601
WV95 2WT,West Midlands,1,362420.95,25.601
SY64 4ZN,Wales,1,362420.27,12.801
G37 6HJ,Scotland,1,362402.41,12.801
NN12 8HV,East Midlands,1,362378.46,25.601
DY71 4UT,West Midlands,1,362292.49,12.8
LN15 5CA,East Midlands,1,362282.23,12.8
CV41 5ZH,West Midlands,1,362246.35,25.6
BN12 8WD,South East,1,362201.11,25.6
N61 8NS,Greater London,1,362127.17,66.559
CH57 2UD,North West,1,362104.58,38.399
RG1 3GP,South East,1,362011.39,25.599
IP76 2JJ,East of England,1,361937.94,12.799
BD14 4KU,Yorkshire and the Humber,1,361887.18,12.799
NW50 7XV,Greater London,1,361771.74,38.396
NR24 3ZH,East of England,1,361767.77,38.396
N68 1UT,Greater London,1,361724.19,38.396
CF5 4KT,Wales,1,361550.07,38.394
PR39 2KG,North West,1,361531.17,12.798
PR28 4VY,North West,1,361455.37,12.798
SE93 3DV,Greater London,1,361447.52,12.798
CH33 6FC,North West,1,361444.7,15.357
LE36 1XW,East Midlands,1,361403.52,25.596
SE50 3BY,Greater London,1,361292.39,25.595
BH77 7CG,South West,1,361214.81,25.594
SO10 6RG,South East,1,361104.9,12.797
S96 7GN,Yorkshire and the Humber,1,361035.94,25.593
HD11 3TC,Yorkshire and the Humber,1,360952.7,12.797
AL22 1AT,East of England,1,360861.19,38.389
CH35 1RZ,North West,1,360824.79,25.592
N31 7ST,Greater London,1,360818.67,38.388
BT30 2BK,Northern Ireland,1,360801.32,12.796
DE9 4BB,East Midlands,1,360785.77,12.796
IV7 1AD,Scotland,1,360742.83,12.796
LU97 5UW,East of England,1,360726.53,38.388
DY3 4NF,West Midlands,1,360723.57,38.388
WS10 8ZE,West Midlands,1,360582.23,12.795
BH15 5ZF,South West,1,360578.52,12.795
AL17 7EN,East of England,1,360409.16,25.59
OX53 3DA,South East,1,360266.1,25.589
RG78 1JU,South East,1,360246.65,12.795
LN27 3RR,East Midlands,1,360166.06,12.794
PA78 6SF,Scotland,1,360158.87,25.589
CF95 8VU,Wales,1,360131.87,25.588
EC26 6GP,Greater London,1,360128.2,25.588
BT92 8CX,Northern Ireland,1,360081.9,38.382
EC49 5UE,Greater London,1,360064.69,25.588
S35 2JY,Yorkshire and the Humber,1,360021.98,25.588
B45 3KF,West Midlands,1,360008.72,51.176
N51 6BX,Greater London,1,360001.11,12.794
DN5 4DE,Yorkshire and the Humber,1,359987.97,12.794
E94 2ZZ,Greater London,1,359898.38,25.587
BA61 1AT,South West,1,359859.72,12.793
CO3 3XP,East of England,1,359854.82,25.587
OX30 1XW,South East,1,359836.06,12.793
WC42 5CN,Greater London,1,359819.83,12.793
WN24 6TZ,North West,1,359804.04,51.173
HG41 2NW,Yorkshire and the Humber,1,359787.83,12.793
HU48 4WW,Yorkshire and the Humber,1,359720.22,51.172
WC16 4AV,Greater London,1,359684.37,38.379
CO95 8AW,East of England,1,359654.5,12.793
BN20 7GB,South East,1,359643.29,25.586
ST23 8WM,West Midlands,1,359626.84,12.793
GL32 2WW,South West,1,359619.74,51.171
N41 3FS,Greater London,1,359250.51,25.584
ST61 6KH,West Midlands,1,359243.97,25.584
B8 2RU,West Midlands,1,359226.52,25.583
YO92 6GC,Yorkshire and the Humber,1,359150.27,12.791
SW97 1BF,Greater London,1,359138.97,12.791
BN78 4SH,South East,1,359076.03,12.791
EX25 4SM,South West,1,359028.21,12.791
SE77 2UF,Greater London,1,358962.1,12.791
GU6 3HG,South East,1,358903.1,12.791
E74 6PS,Greater London,1,358894.06,51.163
NE74 8AW,North East,1,358873.74,25.581
LL40 6JM,Wales,1,358851.2,25.581
RH41 3RJ,South East,1,358834.29,25.581
AB40 2HE,Scotland,1,358747.0,12.79
GU58 3PH,South East,1,358737.65,12.79
SO61 8MF,South East,1,358726.18,25.581
LS59 8JU,Yorkshire and the Humber,1,358671.14,12.79
E21 8PR,Greater London,1,358616.59,38.37
WC94 7BA,Greater London,1,358604.55,25.58
OX71 1ZB,South East,1,358592.96,38.37
SW61 6VN,Greater London,1,358423.26,38.368
NW32 2XH,Greater London,1,358422.55,25.579
NW43 1XH,Greater London,1,358365.83,12.789
LL46 2JC,Wales,1,358319.47,25.578
E90 7ZK,Greater London,1,358184.8,38.366
NW76 2AR,Greater London,1,358152.53,12.789
AL10 6AW,East of England,1,358148.35,12.789
SR62 4YP,North East,1,358142.03,12.789
CH9 1BS,North West,1,358050.5,25.577
CM16 1GS,East of England,1,358044.55,51.154
TR78 8TP,South West,1,357942.21,25.576
OX17 5XT,South East,1,357909.38,25.576
IV16 5GP,Scotland,1,357851.1,25.576
BL35 6FS,North West,1,357847.73,12.788
CV5 3NF,West Midlands,1,357818.48,14.067
WV67 2NA,West Midlands,1,357769.09,12.788
CM92 1BZ,East of England,1,357736.42,12.788
ST19 7ZJ,West Midlands,1,357693.8,12.787
WC72 4UV,Greater London,1,357688.71,38.362
WS20 2DE,West Midlands,1,357536.37,15.344
WV23 6CY,West Midlands,1,357490.04,12.787
SW47 8YV,Greater London,1,357453.19,12.787
DE73 1EA,East Midlands,1,357425.46,12.787
BT25 8RN,Northern Ireland,1,357420.07,12.787
HD69 2DA,Yorkshire and the Humber,1,357379.36,25.573
HD96 7KD,Yorkshire and the Humber,1,357219.05,12.786
OX83 6GC,South East,1,357215.79,25.572
SW62 6UX,Greater London,1,357148.7,12.786
DE19 2RT,East Midlands,1,357127.27,12.786
N60 2ST,Greater London,1,357098.78,12.786
LS53 3DS,Yorkshire and the Humber,1,357010.05,12.786
CH50 7MD,North West,1,356963.08,12.785
PO68 3FV,South East,1,356874.2,12.785
GU13 4AG,South East,1,356843.6,38.355
PL94 5EA,South West,1,356826.3,12.785
GU61 8ZG,South East,1,356824.69,38.355
CV52 5YR,West Midlands,1,356783.93,25.57
WC50 8ZC,Greater London,1,356760.21,12.785
GU86 3BK,South East,1,356733.48,56.253
AL16 8RR,East of England,1,356701.62,12.785
PA3 8MJ,Scotland,1,356665.12,25.569
NE8 3CW,North East,1,356516.89,12.784
NW11 5RG,Greater London,1,356480.18,51.136
LN33 8AS,East Midlands,1,356322.2,12.784
HU39 3PP,Yorkshire and the Humber,1,356295.39,12.784
AB69 7HH,Scotland,1,356248.22,25.567
NW47 8PE,Greater London,1,356229.08,12.783
DE80 5TM,East Midlands,1,356195.49,12.783
WN64 5YS,North West,1,356099.07,12.783
NW57 7EE,Greater London,1,356064.74,12.783
E81 3BW,Greater London,1,356006.84,38.348
CB3 3EE,East of England,1,355997.34,12.783
BL90 5YT,North West,1,355987.6,12.783
NE85 3VR,North East,1,355980.08,12.783
WC77 6UR,Greater London,1,355953.19,38.348
DE71 8MT,East Midlands,1,355914.17,19.174
AB50 8BY,Scotland,1,355803.8,25.564
DL30 6ZT,North East,1,355774.42,38.346
CV85 6DD,West Midlands,1,355716.82,12.782
DY37 8RZ,West Midlands,1,355653.69,12.782
L58 4ZB,North West,1,355603.34,12.782
BB76 8AB,North West,1,355526.0,12.781
RG78 8SG,South East,1,355410.23,12.781
GU95 5AV,South East,1,355359.53,25.562
DE34 8ED,East Midlands,1,355353.52,12.781
E23 5CB,Greater London,1,355342.68,25.562
CF3 5VK,Wales,1,355332.33,12.781
WN96 3MN,North West,1,355265.57,25.561
DE25 2DR,East Midlands,1,355122.12,12.78
SE20 8EJ,Greater London,1,355060.29,38.34
CM98 5VF,East of England,1,355050.47,12.78
SO53 7HB,South East,1,355020.41,12.78
EX57 3KU,South West,1,355019.66,38.34
CH91 7EM,North West,1,354973.06,12.78
NR9 6ZC,East of England,1,354886.98,25.559
LU21 3KY,East of England,1,354857.14,12.779
G79 4KG,Scotland,1,354735.73,12.779
RH90 1WP,South East,1,354730.47,51.116
WC44 8MN,Greater London,1,354685.31,12.779
BH16 6NF,South West,1,354669.46,25.558
E32 5VY,Greater London,1,354665.02,12.779
NR49 4GJ,East of England,1,354612.94,12.779
CM22 4AB,East of England,1,354437.76,38.335
RH72 2NG,South East,1,354337.81,12.778
BT95 4HD,Northern Ireland,1,354208.76,12.778
SW43 1HC,Greater London,1,354144.85,25.555
YO50 1PM,Yorkshire and the Humber,1,354019.37,25.554
LE95 1DS,East Midlands,1,353984.5,25.554
TR18 1TC,South West,1,353923.16,38.331
GL95 6TH,South West,1,353862.22,25.553
SR36 4YY,North East,1,353850.63,51.107
SO33 1TV,South East,1,353793.83,25.553
PR71 2NT,North West,1,353740.66,12.776
BL38 3YM,North West,1,353616.78,51.104
NG24 2SN,East Midlands,1,353607.23,25.552
SA62 4AS,Wales,1,353585.77,25.552
IP54 6FW,East of England,1,353580.76,38.328
EH70 6AG,Scotland,1,353552.39,25.552
NR47 4HX,East of England,1,353507.73,30.662
LU29 4MA,East of England,1,353484.21,38.327
OX31 7ME,South East,1,353480.83,38.327
WC18 1UX,Greater London,1,353267.35,12.775
BA10 8RK,South West,1,353248.34,51.1
NR27 2YR,East of England,1,353152.5,12.775
E31 8HB,Greater London,1,353076.95,51.098
NE67 2EZ,North East,1,352986.19,12.774
N17 1BW,Greater London,1,352895.92,25.548
B14 1DG,West Midlands,1,352854.76,51.095
NW36 2AJ,Greater London,1,352829.71,25.547
EC33 5GW,Greater London,1,352750.24,38.321
WS31 8NH,West Midlands,1,352683.02,12.773
DN45 3JV,Yorkshire and the Humber,1,352678.5,38.32
NW12 8YV,Greater London,1,352397.3,25.545
CF16 8CN,Wales,1,352028.29,25.543
WC35 6KU,Greater London,1,352002.53,51.086
WN1 2NV,North West,1,351991.89,25.543
EC95 6UK,Greater London,1,351924.46,12.771
OX19 1SG,South East,1,351908.43,25.542
BT16 7MX,Northern Ireland,1,351891.34,25.542
DL26 4TZ,North East,1,351864.92,12.771
BH88 8VJ,South West,1,351825.35,38.313
GL30 3JX,South West,1,351821.82,25.542
N53 3FW,Greater London,1,351793.67,25.542
WV43 2SV,West Midlands,1,351771.51,25.541
GU57 8NG,South East,1,351696.62,38.312
ST91 3TV,West Midlands,1,351658.58,25.541
SY92 5CV,Wales,1,351640.45,12.77
N56 8ET,Greater London,1,351604.15,38.311
CV12 7BJ,West Midlands,1,351563.08,25.54
SE33 1KK,Greater London,1,351552.51,38.31
WC73 7ZV,Greater London,1,351544.29,12.77
NW82 5CE,Greater London,1,351543.07,12.77
PO16 5RC,South East,1,351479.5,15.324
N55 5GW,Greater London,1,351339.87,12.77
CV75 7GY,West Midlands,1,351295.11,12.769
N43 5UP,Greater London,1,351253.92,25.539
BT47 1UV,Northern Ireland,1,351209.81,38.307
BL8 2BG,North West,1,351189.27,12.769
OX28 2HC,South East,1,351186.01,12.769
PO73 6UE,South East,1,351090.94,38.306
WV84 7JS,West Midlands,1,351084.34,12.769
RG85 1CY,South East,1,351068.09,25.537
SW56 1KY,Greater London,1,350951.58,25.537
AL35 8UA,East of England,1,350935.45,12.768
BT16 3UY,Northern Ireland,1,350921.35,25.537
WA53 6VH,North West,1,350880.16,12.768
N64 7HP,Greater London,1,350872.19,38.305
B89 2AN,West Midlands,1,350826.85,45.965
BT71 1YK,Northern Ireland,1,350822.33,33.197
ST62 3HX,West Midlands,1,350708.16,25.535
BT16 8YX,Northern Ireland,1,350659.36,12.768
NR78 6JW,East of England,1,350628.52,25.535
EC40 5SE,Greater London,1,350547.54,25.535
WV43 3PU,West Midlands,1,350542.89,12.767
B84 1GP,West Midlands,1,350536.07,12.767
SR13 7HD,North East,1,350449.74,25.534
DL47 5UP,North East,1,350222.22,25.533
LS37 1YH,Yorkshire and the Humber,1,350142.19,12.766
DD4 4XF,Scotland,1,350046.08,57.446
IV13 3ET,Scotland,1,350041.43,12.766
SO78 7UX,South East,1,349951.04,51.062
WS35 7MW,West Midlands,1,349939.86,25.531
DY13 8EJ,West Midlands,1,349908.48,12.765
LL82 8DE,Wales,1,349883.41,38.296
W43 7EV,Greater London,1,349799.5,12.765
WS1 7GJ,West Midlands,1,349798.94,25.53
CO63 1WN,East of England,1,349797.07,12.765
EC15 8KH,Greater London,1,349791.42,12.765
WA24 6AS,North West,1,349706.06,25.53
LU84 4DV,East of England,1,349703.55,25.53
E87 3UW,Greater London,1,349623.53,25.529
EH66 4VG,Scotland,1,349605.33,12.765
LN61 4WW,East Midlands,1,349519.6,12.764
SW18 1TA,Greater London,1,349498.85,38.293
WN61 2CZ,North West,1,349413.55,12.764
LL91 7XR,Wales,1,349354.53,38.292
OX9 8BB,South East,1,349296.92,25.527
CM33 5PT,East of England,1,349263.41,25.527
BS95 6HV,South West,1,349180.75,25.527
OX74 3BD,South East,1,349122.18,25.526
GU54 1TP,South East,1,349101.06,12.763
HD97 5ZB,Yorkshire and the Humber,1,349026.18,25.526
OX19 6FG,South East,1,348988.11,51.051
NE19 7BR,North East,1,348936.01,12.763
N95 2WF,Greater London,1,348916.56,12.763
DN82 1BW,Yorkshire and the Humber,1,348783.42,51.049
PA15 1JM,Scotland,1,348674.3,25.524
GU23 6RT,South East,1,348588.55,25.523
TR46 2SB,South West,1,348583.45,25.523
CF22 7ZT,Wales,1,348558.43,25.523
EC1 5WG,Greater London,1,348538.75,12.762
ST23 2DN,West Midlands,1,348489.03,12.761
EC13 5NM,Greater London,1,348480.49,12.761
N12 1UG,Greater London,1,348435.29,12.761
E70 7VZ,Greater London,1,348391.57,25.522
IV40 3KM,Scotland,1,348306.39,12.761
WC68 5ZN,Greater London,1,348301.93,12.761
WC93 5CP,Greater London,1,348236.1,12.761
BT25 6MT,Northern Ireland,1,348231.06,25.521
PL67 5TK,South West,1,348135.39,38.281
HU69 8AA,Yorkshire and the Humber,1,348131.68,49.765
L21 1ZC,North West,1,348116.83,25.521
BD4 5KW,Yorkshire and the Humber,1,348105.0,25.521
W30 4JR,Greater London,1,348056.89,12.76
HD12 2UC,Yorkshire and the Humber,1,348016.89,25.52
LU89 5FV,East of England,1,347993.14,12.76
BH53 1BU,South West,1,347841.87,12.76
SW83 7XD,Greater London,1,347835.87,25.519
N81 7KG,Greater London,1,347772.55,38.278
BD27 4FU,Yorkshire and the Humber,1,347763.28,38.278
WN11 6FN,North West,1,347659.74,15.311
SW68 7YY,Greater London,1,347617.28,12.759
CH67 5ZF,North West,1,347526.14,25.517
WS16 4GP,West Midlands,1,347459.96,25.517
S11 1CA,Yorkshire and the Humber,1,347406.95,12.758
DY89 8WJ,West Midlands,1,347404.98,25.516
WC89 1SA,Greater London,1,347390.94,38.275
AL34 6MT,East of England,1,347371.29,12.758
PR71 3TK,North West,1,347346.39,25.516
WN15 3TW,North West,1,347330.07,12.758
CM47 8DP,East of England,1,347241.7,25.516
DN58 3UY,Yorkshire and the Humber,1,347237.22,25.516
PL88 4UV,South West,1,347206.35,25.515
RG72 3YU,South East,1,347159.64,25.515
DN64 7GP,Yorkshire and the Humber,1,347159.35,25.515
DN20 1KR,Yorkshire and the Humber,1,347066.52,25.515
G32 4CN,Scotland,1,347063.59,12.757
NR97 2XW,East of England,1,347039.93,12.757
RH19 7BE,South East,1,347018.56,12.757
BH38 3HA,South West,1,346961.84,38.271
SY40 4KK,Wales,1,346893.84,25.514
SR73 7EW,North East,1,346850.15,12.757
SE16 5AH,Greater London,1,346723.71,12.756
DD61 8AM,Scotland,1,346662.52,12.756
NW14 6YH,Greater London,1,346638.94,25.512
WN32 1BA,North West,1,346633.66,51.024
HD5 7SU,Yorkshire and the Humber,1,346573.87,25.512
B27 8NT,West Midlands,1,346545.51,25.512
B56 6DZ,West Midlands,1,346534.25,12.756
BT23 8SH,Northern Ireland,1,346505.89,25.511
GU63 1AD,South East,1,346472.08,12.756
SY15 4XS,Wales,1,346386.79,38.266
SR93 5ZS,North East,1,346360.61,38.266
EX89 3WZ,South West,1,346293.13,12.755
W40 1JX,Greater London,1,346249.21,25.51
BH24 3NE,South West,1,346228.46,12.755
GU82 2ZW,South East,1,346221.35,25.51
W8 2MH,Greater London,1,346202.21,12.755
B69 3BU,West Midlands,1,346042.64,25.509
SY72 4DD,Wales,1,346022.31,38.263
NW12 5PN,Greater London,1,345978.05,25.508
TS81 2CG,North East,1,345965.27,12.754
PR3 4HA,North West,1,345895.8,38.262
GL69 2FT,South West,1,345836.66,12.754
DE50 7FX,East Midlands,1,345778.29,25.507
BL31 1BG,North West,1,345771.82,25.507
SY29 3KU,Wales,1,345766.98,25.507
CB90 2ZC,East of England,1,345749.48,25.507
HD35 8KR,Yorkshire and the Humber,1,345745.05,38.26
LL79 4WY,Wales,1,345739.18,12.753
PR34 8SF,North West,1,345699.05,25.507
LU15 4KZ,East of England,1,345681.97,25.507
LL85 1MD,Wales,1,345530.68,12.753
NG74 1DZ,East Midlands,1,345424.28,12.753
PL94 8CW,South West,1,345380.83,12.752
IV55 6XJ,Scotland,1,345362.98,25.505
IV83 2KE,Scotland,1,345341.93,12.752
LU48 2GR,East of England,1,345336.09,38.257
BT30 4HN,Northern Ireland,1,345279.76,12.752
E41 2JP,Greater London,1,345232.56,12.752
NP22 4NX,Wales,1,345121.78,12.752
TR19 3KC,South West,1,345096.08,38.255
NR36 1DE,East of England,1,345041.3,12.751
CM35 2VJ,East of England,1,345010.52,16.577
BN43 4PP,South East,1,344883.94,12.751
PO62 6EB,South East,1,344855.27,25.502
PL21 7XP,South West,1,344854.82,12.751
BL1 6AE,North West,1,344852.47,25.502
DE4 8NM,East Midlands,1,344808.71,25.501
WS34 1WZ,West Midlands,1,344763.13,12.751
AB76 4NN,Scotland,1,344730.33,25.501
PO69 1VY,South East,1,344725.13,51.002
EH10 4PE,Scotland,1,344717.6,25.501
CM52 1MS,East of England,1,344676.13,12.75
SA79 3ZK,Wales,1,344630.42,30.601
BH17 8UK,South West,1,344617.37,12.75
BL92 5XM,North West,1,344474.2,12.75
BA41 2RT,South West,1,344409.24,12.75
E67 6WN,Greater London,1,344397.62,12.75
DN4 4SG,Yorkshire and the Humber,1,344153.98,38.247
IP73 5HN,East of England,1,344117.79,25.497
EC43 1XH,Greater London,1,344108.37,12.749
HD74 8TJ,Yorkshire and the Humber,1,344061.33,25.497
BD86 3DS,Yorkshire and the Humber,1,344026.73,12.748
NW55 6PY,Greater London,1,344019.14,12.748
RH56 5CH,South East,1,343938.13,12.748
NW8 2WN,Greater London,1,343913.1,25.496
HG42 6UJ,Yorkshire and the Humber,1,343902.26,12.748
WA61 3GP,North West,1,343757.49,12.748
SW46 5TH,Greater London,1,343686.02,12.747
OX22 6MY,South East,1,343661.55,25.495
CO80 1ZB,East of England,1,343656.69,12.747
BH11 7EX,South West,1,343593.93,45.89
NW19 5YA,Greater London,1,343584.41,12.747
LE47 7KG,East Midlands,1,343578.27,12.747
PO34 3HM,South East,1,343503.81,25.494
WS23 8SU,West Midlands,1,343444.49,12.747
CF61 1AS,Wales,1,343426.72,12.747
EX37 1KX,South West,1,343410.83,38.24
EC92 8EU,Greater London,1,343265.48,12.746
W73 7SJ,Greater London,1,343186.08,25.492
RG15 4GP,South East,1,343116.66,25.492
BL30 5YP,North West,1,343097.91,38.237
W61 7HM,Greater London,1,343090.47,25.492
SW31 2YM,Greater London,1,343083.74,38.237
N36 2KG,Greater London,1,343053.78,38.237
BD21 8YX,Yorkshire and the Humber,1,343033.72,25.491
SE15 4VP,Greater London,1,342927.68,25.491
DN59 7WW,Yorkshire and the Humber,1,342925.64,12.745
AL40 3VX,East of England,1,342796.53,38.235
BT92 2PS,Northern Ireland,1,342730.03,12.745
SE94 7WJ,Greater London,1,342707.8,12.745
SE79 3TK,Greater London,1,342645.46,25.489
EC13 4JP,Greater London,1,342561.03,12.744
BN43 6CK,South East,1,342555.55,25.488
EC57 2XX,Greater London,1,342517.72,12.744
NW15 2FW,Greater London,1,342467.51,25.488
OX55 1FY,South East,1,342393.17,25.487
SE26 1DX,Greater London,1,342383.74,12.744
EC7 7XG,Greater London,1,342349.18,50.974
G95 4SS,Scotland,1,342235.75,38.23
OX16 1ZN,South East,1,342218.43,12.743
WN25 7DR,North West,1,342081.89,12.743
NW46 2XG,Greater London,1,342021.32,12.743
HD78 1TZ,Yorkshire and the Humber,1,342004.77,25.485
AB14 6RK,Scotland,1,341996.83,14.017
PL72 2GE,South West,1,341952.03,12.742
DY94 8UZ,West Midlands,1,341945.7,12.742
EC3 1TV,Greater London,1,341936.0,25.485
W3 7BZ,Greater London,1,341928.97,12.742
IP12 3HY,East of England,1,341907.15,25.485
E1 8HU,Greater London,1,341885.66,25.484
CB38 2SE,East of England,1,341882.31,25.484
LU50 3MN,East of England,1,341870.53,12.742
GL86 3NB,South West,1,341847.12,12.742
BL76 3FB,North West,1,341705.48,25.483
G4 3BT,Scotland,1,341628.07,25.483
DE90 1WH,East Midlands,1,341581.24,38.224
ST36 8CE,West Midlands,1,341563.78,12.741
NW61 2DN,Greater London,1,341531.29,38.224
HU38 3DB,Yorkshire and the Humber,1,341478.78,12.741
WS62 3PY,West Midlands,1,341346.69,12.741
CH71 6VH,North West,1,341325.82,25.481
LN23 5ED,East Midlands,1,341136.29,12.74
LU75 3TG,East of England,1,341120.45,25.48
RG85 7VH,South East,1,341057.91,25.48
M89 3NB,North West,1,341038.29,12.74
CV68 3BH,West Midlands,1,340976.95,12.74
SW14 8GN,Greater London,1,340896.9,38.218
TR36 8XD,South West,1,340819.27,12.739
W21 6ZW,Greater London,1,340718.17,38.216
BB69 6UP,North West,1,340597.66,12.738
W35 8XR,Greater London,1,340555.76,12.738
PL59 8PK,South West,1,340346.43,25.475
GU66 7DC,South East,1,340315.23,12.738
BT52 7WE,Northern Ireland,1,340277.44,12.738
NW63 7MH,Greater London,1,340211.04,38.212
PA11 4YP,Scotland,1,340131.93,50.948
CV14 1HG,West Midlands,1,339995.48,12.737
RH83 2SS,South East,1,339979.43,12.737
PL46 1BT,South West,1,339917.26,12.736
S89 6DX,Yorkshire and the Humber,1,339874.88,25.473
L64 2HV,North West,1,339753.19,25.472
DY31 6FR,West Midlands,1,339749.36,12.736
DN67 8RH,Yorkshire and the Humber,1,339709.28,25.472
SW38 5ZE,Greater London,1,339697.3,25.472
M33 4UM,North West,1,339692.97,38.207
N50 4DX,Greater London,1,339670.01,12.736
TR9 8JM,South West,1,339632.52,38.207
PO82 3BN,South East,1,339628.8,25.471
CO84 6RR,East of England,1,339619.14,12.736
SE82 4DY,Greater London,1,339604.34,50.942
WA53 2VF,North West,1,339490.78,12.735
EX51 5WS,South West,1,339478.12,12.735
HG10 2XM,Yorkshire and the Humber,1,339450.73,12.735
SY37 1VE,Wales,1,339428.33,25.47
SW2 2BF,Greater London,1,339421.54,38.205
CO19 1GV,East of England,1,339408.74,25.47
BL47 7WM,North West,1,339346.52,38.204
EC12 7AV,Greater London,1,339334.37,12.735
SW39 2AW,Greater London,1,339227.73,38.203
BL11 1KH,North West,1,339090.97,12.734
RG35 4RJ,South East,1,339054.56,38.202
SA13 5KZ,Wales,1,338889.53,50.934
WS89 3NS,West Midlands,1,338878.77,12.733
SY5 6ZZ,Wales,1,338841.08,12.733
TS22 8WA,North East,1,338706.5,12.733
IV83 3MT,Scotland,1,338584.9,25.465
NW63 2CU,Greater London,1,338490.44,15.279
WV97 6GB,West Midlands,1,338465.55,12.732
WC17 6EF,Greater London,1,338456.75,25.464
PA68 1SA,Scotland,1,338349.32,12.732
NN93 7NU,East Midlands,1,338281.37,12.732
IP60 8WR,East of England,1,338276.0,12.732
PA19 6BD,Scotland,1,338242.23,12.732
WV52 4BP,West Midlands,1,338213.3,12.731
BT63 1YA,Northern Ireland,1,338194.5,38.194
NG93 1WP,East Midlands,1,338117.05,12.731
ST81 3SV,West Midlands,1,338112.29,25.462
OX28 2BX,South East,1,337957.58,38.192
WC91 1TK,Greater London,1,337933.53,25.461
BD39 6RW,Yorkshire and the Humber,1,337915.68,25.461
LN42 3WT,East Midlands,1,337903.23,25.461
BN34 7PS,South East,1,337864.17,12.73
SW79 3VY,Greater London,1,337831.9,12.73
SO34 3FR,South East,1,337831.53,12.73
WV50 3TD,West Midlands,1,337830.23,12.73
GU12 6EN,South East,1,337786.45,25.46
IP57 4XE,East of England,1,337654.38,50.919
BH71 4CN,South West,1,337635.66,38.189
IV35 2MS,Scotland,1,337568.34,25.459
PA98 3YH,Scotland,1,337547.57,12.729
BT8 3UJ,Northern Ireland,1,337452.3,12.729
GU45 6ZU,South East,1,337401.85,25.458
CB65 1AZ,East of England,1,337366.97,25.458
OX37 3ZP,South East,1,337351.74,12.729
RG45 7SY,South East,1,337329.11,12.729
CV9 5WV,West Midlands,1,337303.87,12.729
W65 6KW,Greater London,1,337273.34,12.729
NW27 8ZX,Greater London,1,337270.97,12.729
WA77 6JM,North West,1,337197.3,12.728
PO20 3DA,South East,1,337104.4,25.456
SW87 6RT,Greater London,1,337104.23,12.728
LN42 2MZ,East Midlands,1,337053.74,25.456
LU96 8KA,East of England,1,337051.46,25.456
WA70 5JT,North West,1,336964.37,12.728
W55 7TD,Greater London,1,336954.16,12.728
OX42 8AH,South East,1,336945.61,12.728
BT70 7YP,Northern Ireland,1,336900.16,25.455
NW60 2AH,Greater London,1,336839.92,12.727
PO74 2PW,South East,1,336805.16,12.727
LN68 3FJ,East Midlands,1,336787.98,25.454
S36 8TR,Yorkshire and the Humber,1,336754.15,50.908
WN26 2VJ,North West,1,336687.14,12.727
BT85 6DD,Northern Ireland,1,336655.67,12.727
SW34 8RH,Greater London,1,336583.14,12.727
PO90 2WE,South East,1,336582.38,38.18
CB21 6MM,East of England,1,336515.75,50.906
CF27 4PZ,Wales,1,336510.56,25.453
S41 5CR,Yorkshire and the Humber,1,336432.59,38.178
BL18 8GE,North West,1,336372.4,12.726
SW55 2ZK,Greater London,1,336371.28,38.178
PO86 1RH,South East,1,336368.66,12.726
BN28 1PV,South East,1,336327.99,25.452
CF55 5PP,Wales,1,336316.62,12.726
NG63 7HD,East Midlands,1,336298.14,38.177
AL79 5PB,East of England,1,336201.09,12.725
LE49 6PN,East Midlands,1,336190.36,12.725
W31 3KJ,Greater London,1,336123.52,25.45
CO1 5SS,East of England,1,336088.65,50.901
CM19 5CM,East of England,1,336002.78,25.45
E89 6JS,Greater London,1,335992.61,12.725
SW15 7DW,Greater London,1,335940.91,12.725
BT42 7VC,Northern Ireland,1,335914.39,12.725
DH49 6GW,North East,1,335835.13,12.724
SW2 8GW,Greater London,1,335694.77,50.896
N50 5PA,Greater London,1,335682.58,25.448
CV95 2JJ,West Midlands,1,335575.03,12.724
PA15 7HN,Scotland,1,335511.09,38.17
NG66 2WS,East Midlands,1,335409.51,12.723
PO14 5PU,South East,1,335251.4,12.723
WS2 8EE,West Midlands,1,335209.03,25.445
PL33 2XV,South West,1,335200.7,12.722
HG70 4UR,Yorkshire and the Humber,1,335161.9,25.445
NP18 4FS,Wales,1,335149.84,12.722
GL39 6RX,South West,1,334922.97,25.443
LE1 2KV,East Midlands,1,334915.65,12.722
ST69 6ED,West Midlands,1,334878.18,25.443
SW21 1FB,Greater London,1,334844.87,25.443
EC2 6FN,Greater London,1,334684.75,12.721
RG36 3HX,South East,1,334680.5,50.884
L20 6VT,North West,1,334546.18,12.721
BH89 6HA,South West,1,334519.39,38.161
PO95 5JY,South East,1,334420.87,12.72
B72 7ZZ,West Midlands,1,334385.14,12.72
WV60 7CU,West Midlands,1,334363.87,12.72
PR19 6TC,North West,1,334173.04,25.439
NG87 8XP,East Midlands,1,334082.43,25.438
SW13 2TP,Greater London,1,333967.08,12.719
SW22 2BF,Greater London,1,333962.37,12.719
NW6 7GM,Greater London,1,333940.68,25.437
W20 4EP,Greater London,1,333930.2,25.437
E33 4TN,Greater London,1,333745.17,12.718
W78 2WU,Greater London,1,333738.65,12.718
CM50 1VE,East of England,1,333736.8,38.154
EX68 2NA,South West,1,333594.04,25.435
EC66 7AH,Greater London,1,333480.62,12.717
CH68 3JF,North West,1,333377.89,38.151
DD49 7VG,Scotland,1,333321.04,25.434
WN46 1VZ,North West,1,333291.71,25.434
CH32 2GR,North West,1,333267.32,25.433
L16 4BT,North West,1,333199.76,38.15
NW74 4HB,Greater London,1,333165.76,38.149
SE48 2AW,Greater London,1,333165.12,12.716
SE12 8DS,Greater London,1,333158.55,25.433
EH79 7FK,Scotland,1,333123.56,25.433
AB38 2EP,Scotland,1,332994.9,12.716
LL34 6UX,Wales,1,332769.28,50.861
ST42 7ST,West Midlands,1,332749.49,12.715
N3 3CH,Greater London,1,332725.89,15.258
OX20 2ME,South East,1,332704.76,25.43
W75 5UK,Greater London,1,332601.97,25.429
DN54 1PR,Yorkshire and the Humber,1,332546.11,25.429
OX65 6FF,South East,1,332485.07,12.714
WC10 3VJ,Greater London,1,332477.52,12.714
LE61 3MN,East Midlands,1,332467.67,12.714
SW44 3HA,Greater London,1,332392.41,12.714
HG56 8RW,Yorkshire and the Humber,1,332334.14,12.714
E77 4JP,Greater London,1,332295.48,33.056
LD31 1HA,Wales,1,332270.37,12.714
DD3 4UG,Scotland,1,332267.84,38.141
BT94 5AY,Northern Ireland,1,332202.77,12.714
AL25 2MJ,East of England,1,332095.3,38.14
NW5 2SF,Greater London,1,332068.65,12.713
BS85 6NA,South West,1,332066.13,38.139
BD24 7CK,Yorkshire and the Humber,1,331931.64,25.425
WC34 8GW,Greater London,1,331726.51,38.136
NW79 6MM,Greater London,1,331694.47,12.712
SA45 3ZJ,Wales,1,331680.34,25.424
WC36 5XF,Greater London,1,331679.88,25.424
WC62 1ND,Greater London,1,331664.01,38.136
EC97 4XB,Greater London,1,331557.92,25.423
BB58 2GS,North West,1,331543.03,12.712
RH57 8EG,South East,1,331459.49,12.711
BS33 3UV,South West,1,331423.24,25.422
SO22 2GT,South East,1,331239.89,12.711
TR66 5DC,South West,1,331202.97,12.71
EX7 1ZB,South West,1,331042.53,12.71
BL90 1TN,North West,1,331010.98,25.42
BS40 4UD,South West,1,330958.11,12.71
IP5 2RY,East of England,1,330953.5,12.71
E83 3MS,Greater London,1,330819.35,38.128
NW7 2ZZ,Greater London,1,330730.37,25.418
B46 7GR,West Midlands,1,330685.87,38.127
HU14 2TM,Yorkshire and the Humber,1,330682.1,50.836
CV36 2YF,West Midlands,1,330634.37,12.709
SE79 3CN,Greater London,1,330588.79,38.126
SE70 2ZG,Greater London,1,330517.72,12.708
BT54 7CT,Northern Ireland,1,330510.53,12.708
EH5 6UA,Scotland,1,330494.16,25.417
SR90 7WG,North East,1,330145.46,12.707
BN98 4PM,South East,1,330056.82,25.414
CM91 4NS,East of England,1,330011.33,12.707
N33 4GA,Greater London,1,329998.07,12.707
NG75 2ED,East Midlands,1,329946.57,25.413
HG84 7AK,Yorkshire and the Humber,1,329917.8,12.707
SA11 4WJ,Wales,1,329848.15,38.119
BA12 8HA,South West,1,329833.93,38.119
ST45 1ZX,West Midlands,1,329796.0,25.412
HD87 8KW,Yorkshire and the Humber,1,329773.5,12.706
RG37 8WY,South East,1,329766.02,12.706
GU11 6JX,South East,1,329633.0,12.706
SR47 4HB,North East,1,329415.43,12.705
EH69 3KP,Scotland,1,329225.4,25.409
OX92 4BN,South East,1,329220.93,25.409
PR89 5EC,North West,1,329193.06,38.113
BN47 8EF,South East,1,329151.86,25.409
AL55 7BV,East of England,1,329129.49,25.408
S82 2ME,Yorkshire and the Humber,1,329128.5,38.113
LN16 2PG,East Midlands,1,329119.97,12.704
NW76 8DU,Greater London,1,329048.95,25.408
SW59 4WG,Greater London,1,328964.46,25.407
WV69 8VV,West Midlands,1,328767.3,12.703
PL91 7WT,South West,1,328763.27,38.109
EH38 8YG,Scotland,1,328691.75,25.406
CB19 4TD,East of England,1,328661.97,25.406
RH51 5TJ,South East,1,328567.46,12.703
PO85 8RJ,South East,1,328548.77,25.405
PL73 2KR,South West,1,328536.22,38.107
GU59 3XY,South East,1,328458.58,16.513
LS61 5RT,Yorkshire and the Humber,1,328452.01,12.702
BT8 7SF,Northern Ireland,1,328435.22,12.702
EC26 3VS,Greater London,1,328424.93,25.404
LE69 6GX,East Midlands,1,328402.98,25.404
PO43 8WR,South East,1,328334.3,25.404
NW34 7ZH,Greater London,1,328112.51,25.402
AB36 4UV,Scotland,1,328051.5,12.701
BT59 3VJ,Northern Ireland,1,327893.56,25.401
E18 1NA,Greater London,1,327890.56,25.401
HG2 7TJ,Yorkshire and the Humber,1,327846.27,12.7
SE77 1VM,Greater London,1,327844.52,12.7
LN58 8YY,East Midlands,1,327830.96,25.401
AL66 1JM,East of England,1,327758.24,25.4
LD1 4FU,Wales,1,327721.96,25.4
SE50 6YU,Greater London,1,327647.26,12.7
W40 5DK,Greater London,1,327640.4,12.7
WC86 6WA,Greater London,1,327556.45,25.399
GL38 4WC,South West,1,327461.2,25.398
DN21 1YH,Yorkshire and the Humber,1,327373.57,12.699
WN7 6XB,North West,1,327177.25,12.698
HU85 2UM,Yorkshire and the Humber,1,327170.32,25.396
W85 1WG,Greater London,1,327124.49,25.396
AB33 4KP,Scotland,1,326989.22,12.698
BT91 5EN,Northern Ireland,1,326938.29,50.79
RH79 1XW,South East,1,326930.82,33.014
BN44 8ZN,South East,1,326869.15,12.697
BN29 4PE,South East,1,326805.31,12.697
AB11 4AT,Scotland,1,326791.99,12.697
SO56 6HS,South East,1,326771.53,25.394
ST31 3MG,West Midlands,1,326740.95,12.697
DH3 5YA,North East,1,326705.8,12.697
BS86 6EK,South West,1,326631.62,25.393
NW53 2YZ,Greater London,1,326568.86,38.089
RG13 8UF,South East,1,326483.42,25.392
BT19 8SX,Northern Ireland,1,326458.72,12.696
PO2 6FC,South East,1,326394.45,25.392
RH97 4XW,South East,1,326370.04,12.696
GU35 1CY,South East,1,326326.82,12.696
YO74 2AC,Yorkshire and the Humber,1,326326.35,12.696
WV12 2ZU,West Midlands,1,326320.72,38.087
BB39 3PS,North West,1,326275.18,25.391
IV92 8ZZ,Scotland,1,326247.32,15.234
RG80 8VZ,South East,1,326209.18,12.695
LN7 6YD,East Midlands,1,326199.3,12.695
BB34 8UJ,North West,1,326095.55,12.695
WV19 1EZ,West Midlands,1,326073.46,50.78
PO73 6VS,South East,1,326052.41,25.39
CH62 4DK,North West,1,326046.6,38.084
LU30 2AT,East of England,1,325990.75,12.695
NR18 6TX,East of England,1,325860.36,60.932
WV60 7AZ,West Midlands,1,325787.71,12.694
SA67 5YN,Wales,1,325777.11,25.388
CO82 1VR,East of England,1,325707.89,25.388
S33 8VF,Yorkshire and the Humber,1,325523.09,12.693
NR98 8FC,East of England,1,325472.67,38.079
M69 4DH,North West,1,325414.3,25.386
W88 4XD,Greater London,1,325363.0,38.078
N60 2ZJ,Greater London,1,325324.31,25.385
CO15 1VD,East of England,1,325264.07,25.385
NR10 7RS,East of England,1,325230.34,12.692
BH38 6TY,South West,1,325218.62,25.385
SW30 1NE,Greater London,1,325193.37,50.769
NW57 2NM,Greater London,1,325139.63,25.384
BH24 2KJ,South West,1,324983.32,38.075
N55 7FH,Greater London,1,324937.21,12.691
WS50 4ZE,West Midlands,1,324930.73,12.691
LS83 6YG,Yorkshire and the Humber,1,324927.89,25.383
TR2 3UM,South West,1,324755.03,12.691
DY43 7UW,West Midlands,1,324651.79,12.691
BL35 7GM,North West,1,324615.64,25.381
N85 4FW,Greater London,1,324484.86,12.69
LN32 3NJ,East Midlands,1,324416.92,12.69
N62 5SX,Greater London,1,324391.98,25.379
DY76 1BB,West Midlands,1,324373.46,12.69
OX12 6ZR,South East,1,324350.26,38.069
SW56 2TE,Greater London,1,324330.69,25.379
SO14 4FG,South East,1,324227.08,25.378
BT96 6UC,Northern Ireland,1,324172.07,12.689
PO8 7ZJ,South East,1,324103.22,12.689
W91 3HT,Greater London,1,324009.6,25.377
TR43 5EF,South West,1,323986.33,12.688
WC43 6TR,Greater London,1,323978.05,25.377
DN12 7FS,Yorkshire and the Humber,1,323975.42,12.688
PO89 3SS,South East,1,323955.2,25.377
NW19 7TN,Greater London,1,323844.12,25.376
TS59 2ZH,North East,1,323800.26,12.688
LE71 2WZ,East Midlands,1,323714.22,12.688
L37 1VH,North West,1,323664.41,25.375
OX30 4PJ,South East,1,323655.35,12.687
TR50 5JG,South West,1,323627.92,12.687
CB78 1HE,East of England,1,323599.99,50.749
S32 5UW,Yorkshire and the Humber,1,323597.48,25.375
WA13 3RE,North West,1,323531.25,12.687
IV18 2EA,Scotland,1,323495.47,12.687
CF86 6HU,Wales,1,323430.62,38.06
BH91 3TX,South West,1,323402.86,12.687
BT23 5EP,Northern Ireland,1,323361.32,25.373
PA86 6TH,Scotland,1,323348.47,12.686
NW48 6RA,Greater London,1,323201.04,12.686
LE52 6EM,East Midlands,1,323199.44,12.686
EC58 6UP,Greater London,1,323173.5,12.686
WS46 6UD,West Midlands,1,323126.99,25.372
BT34 2KX,Northern Ireland,1,323089.05,25.371
EC27 4FD,Greater London,1,323053.75,38.057
SW92 7ZF,Greater London,1,323034.09,25.371
DE96 1EN,East Midlands,1,322999.1,12.685
IV50 6DV,Scotland,1,322989.18,25.371
SW90 8GU,Greater London,1,322969.02,25.371
LN39 4NN,East Midlands,1,322790.05,25.37
PO7 6TE,South East,1,322653.46,12.684
PR72 1CK,North West,1,322597.11,38.052
SE50 4XF,Greater London,1,322578.32,12.684
BL19 6GT,North West,1,322549.08,12.684
PL5 6VX,South West,1,322491.68,12.684
NW92 6XF,Greater London,1,322464.73,12.684
DN38 7RZ,Yorkshire and the Humber,1,322452.93,38.051
NP91 2NT,Wales,1,322382.71,25.367
SE51 3JM,Greater London,1,322310.96,38.05
OX50 8SC,South East,1,322304.22,12.683
EH54 4ZB,Scotland,1,322205.47,25.366
PL50 2FK,South West,1,322204.49,12.683
LN10 5EC,East Midlands,1,322114.96,38.048
BN41 3XU,South East,1,322022.52,38.047
CF31 4RY,Wales,1,321961.69,12.682
ST45 3DG,West Midlands,1,321953.88,38.047
NE59 5JF,North East,1,321936.09,25.364
N56 3WC,Greater London,1,321910.19,38.046
PL36 5XC,South West,1,321836.49,25.364
E87 6YC,Greater London,1,321820.61,12.682
BT6 4WT,Northern Ireland,1,321815.09,12.682
SW72 1VB,Greater London,1,321758.14,38.045
BD60 2SS,Yorkshire and the Humber,1,321748.8,25.363
RG92 2RP,South East,1,321742.38,25.363
BN31 5CG,South East,1,321738.42,12.681
W62 8TT,Greater London,1,321694.72,38.044
WA20 8SP,North West,1,321611.8,12.681
NW80 4PA,Greater London,1,321374.05,12.68
SE85 1XB,Greater London,1,321361.42,12.68
NR12 1TU,East of England,1,321356.88,12.68
L4 6XV,North West,1,321253.35,38.04
DL4 1EA,North East,1,321222.63,38.04
NW12 5NF,Greater London,1,321214.33,12.68
OX89 5YE,South East,1,321124.3,25.359
WC61 1KB,Greater London,1,321107.15,38.039
PL44 5EN,South West,1,321040.98,25.359
NG1 2SE,East Midlands,1,321030.76,12.679
BN3 3KX,South East,1,321027.66,38.038
SE66 2MT,Greater London,1,321014.2,12.679
CV25 1XJ,West Midlands,1,320987.6,25.358
WC85 2WH,Greater London,1,320896.59,12.679
N66 3YS,Greater London,1,320878.96,50.715
BD6 2UX,Yorkshire and the Humber,1,320839.45,25.357
E1 3NU,Greater London,1,320805.4,25.357
RG1 1DB,South East,1,320758.3,25.357
SW76 3HG,Greater London,1,320702.68,25.357
SW3 6RF,Greater London,1,320587.11,25.356
ST22 3WC,West Midlands,1,320515.74,25.355
SO98 1EY,South East,1,320433.73,12.677
IP78 6HV,East of England,1,320410.5,25.355
PA56 1AN,Scotland,1,320325.14,12.677
LD16 4KN,Wales,1,320286.11,12.677
CB22 8SX,East of England,1,320274.03,12.677
DD78 4UR,Scotland,1,320162.64,12.677
CM23 3GA,East of England,1,320083.57,25.353
SO80 6TD,South East,1,320076.69,25.353
SA62 1WU,Wales,1,320058.67,12.676
E37 2YC,Greater London,1,319964.04,38.028
BB22 3WU,North West,1,319926.91,50.703
GU72 7UG,South East,1,319896.6,12.676
L38 4RF,North West,1,319894.56,12.676
HG97 4JB,Yorkshire and the Humber,1,319870.96,12.676
SW35 3UW,Greater London,1,319844.25,25.351
BS55 4NY,South West,1,319813.12,25.351
OX27 5FB,South East,1,319783.73,25.351
LE62 6HW,East Midlands,1,319773.38,12.675
LS7 6AY,Yorkshire and the Humber,1,319718.24,12.675
E41 5AM,Greater London,1,319683.26,38.025
LE24 5GN,East Midlands,1,319673.53,12.675
BN53 7YF,South East,1,319672.37,25.35
PA89 1JS,Scotland,1,319599.54,25.35
M82 2UP,North West,1,319508.73,12.675
CH51 4TP,North West,1,319465.13,12.674
WN34 5GJ,North West,1,319444.35,12.674
SO35 1ND,South East,1,319329.81,12.674
NG55 3UH,East Midlands,1,319309.48,25.348
E7 4JB,Greater London,1,319309.05,25.348
DL2 1YE,North East,1,319189.5,25.347
DD40 7ZW,Scotland,1,319129.31,25.347
NR10 5UV,East of England,1,319082.58,38.02
WS63 6JY,West Midlands,1,319040.49,25.346
OX55 6MH,South East,1,318943.65,38.018
WC98 3MR,Greater London,1,318899.86,12.673
CM13 8WV,East of England,1,318813.57,25.345
E78 3NE,Greater London,1,318744.18,12.672
RH80 5FX,South East,1,318625.96,38.015
RH79 7RC,South East,1,318605.59,12.672
LU44 8BH,East of England,1,318587.16,38.015
EC58 1YH,Greater London,1,318295.92,32.944
PA57 6UA,Scotland,1,318255.93,25.341
WN89 1HX,North West,1,318045.57,12.67
GU78 2FF,South East,1,317980.81,38.009
W10 8NP,Greater London,1,317930.93,25.339
DN24 7FG,Yorkshire and the Humber,1,317897.83,12.669
RG34 1DW,South East,1,317857.58,12.669
L37 4WT,North West,1,317851.57,12.669
NW13 5TA,Greater London,1,317839.63,25.339
CM3 2HX,East of England,1,317818.96,25.338
WC17 4YN,Greater London,1,317782.97,12.669
CV50 5RZ,West Midlands,1,317560.32,12.668
OX55 1JV,South East,1,317513.21,25.337
AB76 8BA,Scotland,1,317503.42,12.668
BT40 8KA,Northern Ireland,1,317485.97,12.668
E77 4DC,Greater London,1,317346.74,25.336
SY18 8ER,Wales,1,317064.55,12.667
AL85 1TP,East of England,1,317034.61,12.667
RH38 8GW,South East,1,316998.65,25.333
PO23 2MV,South East,1,316929.94,25.333
LU91 1MX,East of England,1,316903.45,16.466
RH1 3YY,South East,1,316791.56,12.666
OX9 4SC,South East,1,316779.58,37.998
SO32 8PX,South East,1,316717.63,12.666
NW71 5CW,Greater London,1,316689.33,37.997
NN39 3MN,East Midlands,1,316590.8,12.665
B85 5DN,West Midlands,1,316534.43,37.996
W15 3KF,Greater London,1,316528.21,12.665
NW5 8HA,Greater London,1,316513.09,12.665
DY25 6UZ,West Midlands,1,316417.37,12.665
ST87 2XG,West Midlands,1,316363.02,25.329
ST55 3GS,West Midlands,1,316360.68,16.464
CO24 6WZ,East of England,1,316296.0,25.329
AL30 7EM,East of England,1,316273.99,16.464
LE66 4WN,East Midlands,1,316229.74,12.664
BN66 6FB,South East,1,316196.05,12.664
PA95 8XX,Scotland,1,316175.84,12.664
NN92 8CB,East Midlands,1,316170.22,12.664
NN65 2DW,East Midlands,1,316123.84,25.328
PO1 6TA,South East,1,316112.61,25.328
DL32 4VV,North East,1,316063.21,25.327
OX73 8RN,South East,1,316051.14,25.327
WV25 2MW,West Midlands,1,315898.99,12.663
LD16 3GU,Wales,1,315888.49,25.326
BS22 4XU,South West,1,315782.15,12.663
N42 4TD,Greater London,1,315697.83,12.663
WS43 5NT,West Midlands,1,315580.35,12.662
EC66 3TT,Greater London,1,315573.51,12.662
PO56 6JZ,South East,1,315553.43,12.662
CM78 1RC,East of England,1,315521.17,25.324
WA96 6DG,North West,1,315516.55,32.921
E79 6FT,Greater London,1,315459.35,37.985
WV58 8MH,West Midlands,1,315347.42,12.661
BA63 6XJ,South West,1,315276.0,25.322
WV88 6UH,West Midlands,1,315230.87,12.661
LE55 7DP,East Midlands,1,315159.89,12.661
PO52 7BM,South East,1,315158.1,25.322
E53 7YG,Greater London,1,315023.68,30.385
CM19 1RX,East of England,1,314950.87,12.66
AB97 7BY,Scotland,1,314913.87,25.32
B10 4RC,West Midlands,1,314785.65,12.66
LU16 5AU,East of England,1,314706.52,37.978
DD72 8YH,Scotland,1,314656.92,25.318
NR81 6MX,East of England,1,314548.74,12.659
EH79 7NR,Scotland,1,314548.15,37.977
N67 3NU,Greater London,1,314530.58,25.318
E16 8SB,Greater London,1,314467.49,12.659
DE47 7WW,East Midlands,1,314420.06,12.658
RH58 4MM,South East,1,314406.97,12.658
RG94 3BD,South East,1,314390.76,50.634
G79 5GJ,Scotland,1,314331.8,37.975
N62 8WP,Greater London,1,314327.0,50.633
IV89 7NE,Scotland,1,314322.42,25.316
M97 3VZ,North West,1,314296.85,25.316
PO92 4PZ,South East,1,314187.86,12.658
SE92 6BH,Greater London,1,314178.59,12.658
NR37 5PD,East of England,1,314177.83,12.658
PR38 5JR,North West,1,314136.39,12.658
WS98 7VM,West Midlands,1,314095.23,25.315
DE4 4YM,East Midlands,1,314083.54,12.657
CO2 6UG,East of England,1,314028.24,37.972
BB39 2EC,North West,1,313975.72,12.657
BH71 8ZF,South West,1,313939.05,25.314
TS28 3AG,North East,1,313885.3,12.657
ST54 3AW,West Midlands,1,313856.95,12.657
SO7 2WT,South East,1,313823.32,25.313
SW54 6VG,Greater London,1,313802.86,25.313
DL97 7TB,North East,1,313797.07,12.657
E64 2RM,Greater London,1,313750.88,25.313
BS94 2CT,South West,1,313741.46,25.313
HG20 2MG,Yorkshire and the Humber,1,313663.17,12.656
LU48 6SM,East of England,1,313634.06,50.624
SW34 1XP,Greater London,1,313616.71,25.312
CO23 3VB,East of England,1,313573.4,37.967
DY30 3ZC,West Midlands,1,313540.1,12.656
DY62 4MT,West Midlands,1,313478.42,12.655
LU55 7XM,East of England,1,313440.45,25.311
W94 3WV,Greater London,1,313367.46,37.965
DE88 7HE,East Midlands,1,313365.95,12.655
NP81 3NN,Wales,1,313355.65,12.655
RG31 2MY,South East,1,313319.48,12.655
BB70 1FW,North West,1,313282.02,12.655
BN12 1WD,South East,1,313236.65,37.964
W28 2MW,Greater London,1,313205.05,37.964
IP81 4SR,East of England,1,313177.99,25.309
PR42 1BK,North West,1,313162.66,12.654
SA83 2NM,Wales,1,313145.97,25.309
B36 8XZ,West Midlands,1,313118.08,37.963
HG85 7HH,Yorkshire and the Humber,1,313089.02,50.617
PR75 2TG,North West,1,313036.23,12.654
NW97 3FD,Greater London,1,312952.93,25.308
SO55 6FW,South East,1,312797.42,25.307
NW38 5CM,Greater London,1,312773.17,12.653
TR83 3CB,South West,1,312710.63,25.306
IV87 5VN,Scotland,1,312653.62,12.653
CH50 5FH,North West,1,312547.25,12.653
M70 4XP,North West,1,312505.44,25.305
PL64 4EE,South West,1,312497.31,12.652
NW94 6UN,Greater London,1,312409.93,12.652
IP55 2AX,East of England,1,312393.61,12.652
EC68 1VP,Greater London,1,312388.44,12.652
EC49 4US,Greater London,1,312310.56,37.955
BD9 2UF,Yorkshire and the Humber,1,312303.65,12.652
CV41 5RM,West Midlands,1,312288.14,12.652
DY9 3PY,West Midlands,1,312274.65,12.652
RG93 6RK,South East,1,312237.46,25.303
LE19 4AH,East Midlands,1,312059.37,12.651
ST85 8YW,West Midlands,1,312036.42,25.302
HG12 2PU,Yorkshire and the Humber,1,312006.27,25.302
SO42 3PM,South East,1,311841.42,25.301
LS90 5KG,Yorkshire and the Humber,1,311829.39,25.3
PL89 4BV,South West,1,311828.47,37.951
SA24 8VT,Wales,1,311820.37,12.65
EX95 5FA,South West,1,311758.05,25.3
HU15 8TU,Yorkshire and the Humber,1,311745.83,12.65
BN97 8PG,South East,1,311694.4,25.3
BN57 2PW,South East,1,311667.85,25.299
CV77 1RB,West Midlands,1,311585.08,12.649
SW77 2XT,Greater London,1,311579.95,12.649
BT26 4EU,Northern Ireland,1,311521.04,12.649
CF22 3NE,Wales,1,311479.83,37.947
SO10 1BU,South East,1,311395.81,12.649
PR6 8AR,North West,1,311355.37,12.649
OX33 1NV,South East,1,311347.26,12.649
E71 2SC,Greater London,1,311240.21,37.945
N20 4YX,Greater London,1,311167.61,25.296
GU87 2VM,South East,1,311080.0,37.943
RG36 2PF,South East,1,311079.74,50.591
DL78 5AP,North East,1,310988.37,25.295
RG78 4AD,South East,1,310923.06,12.647
N2 8KC,Greater London,1,310875.47,25.294
NW76 5RC,Greater London,1,310754.25,12.647
CM95 1JY,East of England,1,310672.0,12.646
TR4 1CS,South West,1,310587.01,37.939
L37 2PE,North West,1,310515.69,12.646
SW37 2HT,Greater London,1,310496.46,12.646
PR67 8MX,North West,1,310424.49,25.291
NW21 7SF,Greater London,1,310324.83,37.936
GL42 4VV,South West,1,310319.4,50.581
LS10 8RW,Yorkshire and the Humber,1,310281.15,12.645
TS8 1JK,North East,1,310268.88,12.645
CB94 6TX,East of England,1,310158.19,25.29
CV53 4RZ,West Midlands,1,310120.11,12.645
PO32 8PV,South East,1,310012.35,37.933
NP66 1BZ,Wales,1,309986.36,25.289
B10 4ZF,West Midlands,1,309955.02,12.644
BL60 5MR,North West,1,309889.69,12.644
GU30 2FY,South East,1,309877.34,25.288
GL7 1XU,South West,1,309809.32,37.931
BT49 5RS,Northern Ireland,1,309766.83,12.644
WC77 6ZW,Greater London,1,309644.4,12.643
RH72 6KR,South East,1,309642.7,12.643
CH75 3JV,North West,1,309619.25,12.643
SW83 1NT,Greater London,1,309617.35,25.286
SW33 7XP,Greater London,1,309466.35,12.643
B58 8ER,West Midlands,1,309414.98,12.642
HU5 6FD,Yorkshire and the Humber,1,309364.28,25.285
BA39 1KH,South West,1,309346.91,12.642
WN87 3JF,North West,1,309314.98,25.284
CB97 3MK,East of England,1,309235.44,12.642
SW4 3DE,Greater London,1,309179.98,12.642
GU45 4EB,South East,1,309125.51,12.642
AL85 3NK,East of England,1,309116.12,25.283
LE98 5YJ,East Midlands,1,309114.18,50.566
WC63 5ZE,Greater London,1,308991.46,12.641
E67 1DM,Greater London,1,308962.09,25.282
DD81 5KH,Scotland,1,308883.06,37.922
G13 8YS,Scotland,1,308834.93,12.641
BB15 2RU,North West,1,308663.83,12.64
HG85 5TH,Yorkshire and the Humber,1,308659.28,12.64
M80 3MC,North West,1,308471.62,12.639
NN59 2GV,East Midlands,1,308424.02,12.639
BN51 3GZ,South East,1,308397.14,37.917
LS7 1JF,Yorkshire and the Humber,1,308395.77,25.278
BH48 5GB,South West,1,308339.81,12.639
HG72 3DG,Yorkshire and the Humber,1,308287.16,12.639
DE94 1WX,East Midlands,1,308286.15,12.639
BA90 2GF,South West,1,308020.25,37.914
YO93 4YC,Yorkshire and the Humber,1,308008.54,12.638
IP87 6DZ,East of England,1,307887.27,25.275
CF80 1JC,Wales,1,307885.81,12.637
BH90 6TM,South West,1,307848.19,12.637
SA31 5NC,Wales,1,307846.31,12.637
SO2 6BY,South East,1,307827.5,25.275
BD14 2WV,Yorkshire and the Humber,1,307665.89,12.637
DY56 4EW,West Midlands,1,307645.41,12.637
BB44 3BS,North West,1,307612.51,12.637
TS96 4MB,North East,1,307459.49,25.272
BD6 4TK,Yorkshire and the Humber,1,307425.08,25.272
BN63 6JB,South East,1,307398.82,25.272
NG6 5AF,East Midlands,1,307349.78,37.907
CH55 3GB,North West,1,307306.03,12.636
IV59 7DB,Scotland,1,307298.43,12.636
PA40 6ZP,Scotland,1,307225.56,12.635
B78 7PV,West Midlands,1,307209.73,12.635
CB96 6DE,East of England,1,307188.64,12.635
CM18 1RG,East of England,1,307151.1,25.27
DY62 7JR,West Midlands,1,307037.94,12.635
IV47 7UW,Scotland,1,307012.18,37.904
GU92 4MB,South East,1,307003.05,12.635
RG37 4VG,South East,1,306931.39,25.269
PR76 2AT,North West,1,306897.15,12.634
GU8 4SX,South East,1,306891.2,37.903
DE19 3WN,East Midlands,1,306887.3,25.268
SR11 8FZ,North East,1,306868.92,12.634
PA64 7FD,Scotland,1,306786.3,37.902
G87 5NE,Scotland,1,306751.51,12.634
PO32 8GT,South East,1,306618.82,12.633
W21 6GD,Greater London,1,306611.78,12.633
WA83 6FN,North West,1,306568.09,12.633
DY58 4YC,West Midlands,1,306483.21,12.633
BB23 6VC,North West,1,306466.7,12.633
BT7 4XM,Northern Ireland,1,306375.8,25.265
RG96 5CB,South East,1,306370.99,37.898
LS36 7AJ,Yorkshire and the Humber,1,306320.34,37.897
PO62 7WA,South East,1,306299.1,37.897
LU87 5JC,East of England,1,306290.41,25.265
WA55 6WV,North West,1,306210.8,50.528
ST6 7FA,West Midlands,1,306058.18,12.632
YO19 3AW,Yorkshire and the Humber,1,306030.38,12.631
CV81 3PJ,West Midlands,1,306015.06,12.631
CH43 7YB,North West,1,305991.89,12.631
LD25 3CV,Wales,1,305976.85,25.263
IV10 8EE,Scotland,1,305872.31,25.262
BS82 8TK,South West,1,305822.27,37.892
E15 5KY,Greater London,1,305804.3,37.892
L68 3JB,North West,1,305782.92,12.631
NG28 7HV,East Midlands,1,305775.82,37.892
SW48 8UH,Greater London,1,305740.78,25.261
OX57 1GS,South East,1,305735.66,12.63
CF90 7FE,Wales,1,305698.41,12.63
GL66 7VJ,South West,1,305681.53,37.891
WC7 7BA,Greater London,1,305635.46,25.26
NR31 2GA,East of England,1,305634.36,12.63
RG39 2SR,South East,1,305582.94,25.26
G21 8ZR,Scotland,1,305404.12,12.629
SY32 4NN,Wales,1,305330.64,25.258
BL22 1KJ,North West,1,305229.11,25.258
CO16 5HU,East of England,1,305201.97,12.629
PR61 5TE,North West,1,305200.95,12.629
BH28 2ZJ,South West,1,305092.82,12.628
WV13 6RY,West Midlands,1,305069.44,50.513
NW85 4FE,Greater London,1,305023.63,50.513
E28 7FY,Greater London,1,304929.87,12.628
SO48 5MA,South East,1,304831.16,37.883
SO40 2DC,South East,1,304817.85,12.627
GU46 6KC,South East,1,304810.51,12.627
PO34 1XN,South East,1,304754.22,12.627
BB79 4CD,North West,1,304703.54,12.627
DN32 7XS,Yorkshire and the Humber,1,304687.12,12.627
PA86 1MA,Scotland,1,304647.18,12.627
E98 1JU,Greater London,1,304576.8,25.253
GU10 5KK,South East,1,304574.3,25.253
RH13 4JH,South East,1,304540.25,25.253
SY84 7DS,Wales,1,304532.02,12.627
CB28 5NZ,East of England,1,304457.84,25.253
DL25 7TW,North East,1,304416.3,12.626
SW56 6JS,Greater London,1,304389.89,25.252
PR80 2YE,North West,1,304373.91,12.626
BN2 2NB,South East,1,304296.41,25.252
AB59 1VK,Scotland,1,304281.69,12.626
E36 1EK,Greater London,1,304228.32,37.877
EH33 6SG,Scotland,1,304228.22,25.251
S49 1VT,Yorkshire and the Humber,1,304215.08,12.625
WA50 1HX,North West,1,304212.04,25.251
LN44 2FW,East Midlands,1,304210.0,12.625
CH72 1MF,North West,1,304205.74,12.625
LN42 7PY,East Midlands,1,304128.66,25.25
BS17 4BB,South West,1,304080.96,37.875
NG47 2JB,East Midlands,1,304041.9,12.625
IV58 5GZ,Scotland,1,304039.2,12.625
RG16 2CC,South East,1,303893.11,25.249
NR9 8KN,East of England,1,303879.56,12.624
LD44 4TV,Wales,1,303845.62,49.235
BT80 6HC,Northern Ireland,1,303754.27,25.248
BT7 4DK,Northern Ireland,1,303701.23,25.248
NR88 7BF,East of England,1,303626.45,25.247
EH23 1TT,Scotland,1,303564.22,12.623
N71 7ED,Greater London,1,303434.41,25.246
WS74 5KT,West Midlands,1,303314.98,12.623
W91 2FJ,Greater London,1,303040.89,12.622
DD2 5JV,Scotland,1,302921.19,25.242
BS93 1JE,South West,1,302860.89,37.863
WS6 1KY,West Midlands,1,302789.92,25.242
EX55 2NF,South West,1,302630.78,12.62
BN67 7JF,South East,1,302541.72,25.24
WN12 7PU,North West,1,302479.6,12.62
BH85 7HS,South West,1,302416.41,25.239
HU67 8VU,Yorkshire and the Humber,1,302374.66,25.239
GU39 7TP,South East,1,302332.18,12.619
PO88 2NH,South East,1,302277.0,37.857
EH39 7CU,Scotland,1,302220.7,25.238
NG79 1KJ,East Midlands,1,302178.53,25.238
SW8 4ZJ,Greater London,1,302136.66,12.619
NW77 8BB,Greater London,1,302130.84,12.619
DD7 5CH,Scotland,1,301951.95,25.236
SW19 4YN,Greater London,1,301871.41,12.618
CO13 4ZN,East of England,1,301753.43,12.617
CV97 5FE,West Midlands,1,301655.08,25.234
DE49 2RR,East Midlands,1,301619.36,25.234
DE94 6YM,East Midlands,1,301570.39,12.617
CB22 7SS,East of England,1,301561.43,37.85
LL81 1RV,Wales,1,301558.12,25.233
NG75 7CB,East Midlands,1,301401.89,12.616
BT81 4ES,Northern Ireland,1,301384.46,12.616
NR84 7UV,East of England,1,301352.83,12.616
SW6 4TY,Greater London,1,301264.56,12.616
WS60 2BE,West Midlands,1,301234.14,12.616
SE94 4FP,Greater London,1,301096.64,25.23
WC2 8JR,Greater London,1,301057.05,25.23
BT90 5VC,Northern Ireland,1,300943.53,37.844
BD97 3XS,Yorkshire and the Humber,1,300848.55,50.457
AB26 2FU,Scotland,1,300796.9,12.614
HU85 8YZ,Yorkshire and the Humber,1,300644.92,37.841
TS42 4BC,North East,1,300582.98,25.227
N53 7KU,Greater London,1,300548.02,12.613
RH63 1HJ,South East,1,300528.62,12.613
HG41 1NC,Yorkshire and the Humber,1,300386.5,12.613
G26 7XE,Scotland,1,300341.92,25.225
SY2 2JR,Wales,1,300289.29,12.613
AB49 1JF,Scotland,1,300266.23,12.612
EC49 1UM,Greater London,1,300230.66,12.612
GL48 3SU,South West,1,300218.83,37.837
M7 7RA,North West,1,300175.54,37.836
EC16 7YC,Greater London,1,299963.97,25.223
BA43 5US,South West,1,299934.66,12.611
IV16 2PS,Scotland,1,299929.79,12.611
CB95 7BK,East of England,1,299896.09,12.611
RH93 4YZ,South East,1,299825.81,12.611
TR41 8ZV,South West,1,299759.08,25.221
EC68 5GZ,Greater London,1,299755.97,37.832
NN25 4WN,East Midlands,1,299657.79,12.61
DL3 3JD,North East,1,299650.38,12.61
EC7 2WT,Greater London,1,299581.79,37.83
BA14 8SJ,South West,1,299570.15,37.83
EC46 3WZ,Greater London,1,299480.31,25.22
RH23 3JJ,South East,1,299461.14,25.219
BB36 7NX,North West,1,299406.46,37.829
G11 8CR,Scotland,1,299382.6,12.609
OX73 3SM,South East,1,299355.5,12.609
WV60 4BU,West Midlands,1,299343.52,12.609
WV55 8RU,West Midlands,1,299288.43,25.218
BD82 3NH,Yorkshire and the Humber,1,299264.96,50.436
M78 5FG,North West,1,299150.75,12.609
RG68 6MR,South East,1,299039.76,37.825
CV56 7RU,West Midlands,1,299013.7,12.608
GU17 5HF,South East,1,299007.22,12.608
RH14 1DX,South East,1,298995.97,12.608
N15 3NA,Greater London,1,298992.46,50.433
CB63 2UU,East of England,1,298984.86,25.216
WV27 8MV,West Midlands,1,298961.8,12.608
W76 7ZP,Greater London,1,298949.86,37.824
CM52 6BX,East of England,1,298901.78,37.824
SW74 4KE,Greater London,1,298838.91,25.215
BT67 6BX,Northern Ireland,1,298831.81,25.215
N90 5XU,Greater London,1,298800.05,12.608
SW77 7ND,Greater London,1,298758.19,37.822
BB89 8BS,North West,1,298746.0,12.607
LD37 6HW,Wales,1,298709.03,25.214
BN28 3MN,South East,1,298706.71,25.214
SE26 1JK,Greater London,1,298701.33,25.214
HD79 4RB,Yorkshire and the Humber,1,298667.69,12.607
AB47 7DE,Scotland,1,298588.2,37.82
B56 4VW,West Midlands,1,298583.68,25.214
TS47 6UZ,North East,1,298464.21,12.606
GL93 4UH,South West,1,298242.96,25.211
YO45 3EM,Yorkshire and the Humber,1,298219.33,12.606
TR1 3UZ,South West,1,298211.71,25.211
W74 2VH,Greater London,1,298172.35,25.211
E90 2YD,Greater London,1,298132.93,12.605
SE15 1MK,Greater London,1,298114.02,12.605
OX27 2ZU,South East,1,298063.89,12.605
SO42 6EZ,South East,1,298058.85,37.815
PA14 6VZ,Scotland,1,298025.25,12.605
CH61 5NN,North West,1,297974.01,25.21
WC82 7PG,Greater London,1,297968.87,12.605
NN46 1TP,East Midlands,1,297909.19,25.209
IV87 1RD,Scotland,1,297693.2,12.604
PO26 2AG,South East,1,297691.25,25.208
EX46 4DH,South West,1,297661.1,25.207
EC47 1ZC,Greater London,1,297539.01,12.603
B9 1WP,West Midlands,1,297466.86,12.603
PO86 7YW,South East,1,297461.45,25.206
SW75 1PH,Greater London,1,297437.66,50.412
WA25 7EN,North West,1,297276.79,12.602
WV34 1VU,West Midlands,1,297138.61,12.602
CF26 2SN,Wales,1,297075.03,12.602
SO61 3TB,South East,1,297049.73,50.407
N67 1FN,Greater London,1,297015.35,12.602
DE37 3WV,East Midlands,1,296980.52,25.203
BT47 8AV,Northern Ireland,1,296947.73,25.203
BT1 3UP,Northern Ireland,1,296880.33,12.601
B14 1EN,West Midlands,1,296871.63,50.404
WV76 8KK,West Midlands,1,296862.14,12.601
ST36 8DK,West Midlands,1,296841.54,25.202
GL51 5PY,South West,1,296773.55,12.601
LD12 4GP,Wales,1,296732.88,50.402
DY56 3CT,West Midlands,1,296704.17,25.201
PA51 4HH,Scotland,1,296697.65,12.6
CO67 1ED,East of England,1,296681.49,37.801
SO17 8CD,South East,1,296518.49,37.8
NW53 5UR,Greater London,1,296512.1,12.6
M38 6ZU,North West,1,296465.42,50.399
N22 7HT,Greater London,1,296322.69,25.198
BS81 3MM,South West,1,296249.34,12.599
M88 5MA,North West,1,296203.75,12.599
CB62 8NR,East of England,1,296173.5,25.197
CF90 1PG,Wales,1,296145.08,12.599
OX34 2XX,South East,1,296073.54,12.598
B38 8CM,West Midlands,1,296039.65,12.598
NP77 1VX,Wales,1,295977.15,12.598
CF18 5PF,Wales,1,295972.91,25.196
SE93 8KK,Greater London,1,295877.34,37.793
SY32 8JN,Wales,1,295854.46,12.598
M87 2BM,North West,1,295759.86,12.597
WS11 4UH,West Midlands,1,295707.13,12.597
LD47 1GM,Wales,1,295703.95,50.388
BL24 2HC,North West,1,295694.39,37.791
SE91 8KN,Greater London,1,295512.57,25.193
BL35 3WS,North West,1,295392.16,25.192
SE82 6HA,Greater London,1,295370.06,12.596
SR92 3CW,North East,1,295308.64,12.596
M55 6GZ,North West,1,295299.97,25.192
CF25 7XF,Wales,1,295254.9,12.596
PL97 1AT,South West,1,295191.02,12.595
WA97 6VU,North West,1,295166.88,12.595
PO26 5UN,South East,1,295029.31,12.595
SW47 2BP,Greater London,1,294995.45,25.189
BD84 1XM,Yorkshire and the Humber,1,294952.67,12.595
DE69 6YD,East Midlands,1,294868.52,25.189
CO76 7SZ,East of England,1,294699.34,12.594
YO76 5XP,Yorkshire and the Humber,1,294664.85,25.187
IP55 8RU,East of England,1,294622.93,12.593
WV18 5JH,West Midlands,1,294622.46,37.78
W92 1FK,Greater London,1,294477.92,37.779
BS72 4TW,South West,1,294448.29,12.593
BH42 3MX,South West,1,294421.74,25.186
GU15 3XF,South East,1,294371.58,12.593
SY64 6TZ,Wales,1,294346.92,25.185
BB93 5KX,North West,1,294327.74,37.777
GL47 6EZ,South West,1,294264.99,25.184
DD81 2SE,Scotland,1,294172.59,25.184
M83 2KG,North West,1,294140.02,37.775
E85 6YG,Greater London,1,294124.54,49.108
CM95 1UJ,East of England,1,293965.02,12.591
EC58 2HN,Greater London,1,293958.45,16.369
BD35 5JY,Yorkshire and the Humber,1,293943.1,25.182
SE20 5CX,Greater London,1,293878.8,25.182
NW22 1AK,Greater London,1,293860.78,50.363
WS90 2YW,West Midlands,1,293824.26,25.181
RG53 4VS,South East,1,293716.35,12.59
GU74 2RM,South East,1,293622.12,12.59
PA41 4NM,Scotland,1,293388.63,25.179
LE29 4DK,East Midlands,1,293344.71,25.178
WV82 7WJ,West Midlands,1,293285.69,12.589
DD17 6DP,Scotland,1,293109.46,12.588
E80 1TY,Greater London,1,293080.5,25.176
DH43 3FX,North East,1,292928.64,12.588
WN86 1RP,North West,1,292892.79,37.763
PR97 8FV,North West,1,292816.86,12.587
BL76 2BG,North West,1,292815.92,12.587
WS9 2BF,West Midlands,1,292703.34,12.587
TS92 5HS,North East,1,292619.14,25.173
CB16 6XW,East of England,1,292523.03,12.586
CH48 4YT,North West,1,292449.84,25.172
ST17 5MN,West Midlands,1,292380.63,25.172
OX65 5BC,South East,1,292199.83,12.585
SA82 3XT,Wales,1,292175.8,12.585
SW70 4UB,Greater London,1,292031.66,12.585
IP69 7TX,East of England,1,292021.34,25.169
N2 7YM,Greater London,1,291999.33,25.169
SW89 3ZH,Greater London,1,291915.01,32.719
GU5 6AZ,South East,1,291874.74,12.584
CV34 3DS,West Midlands,1,291874.41,12.584
EX22 5JR,South West,1,291866.15,12.584
SY48 6XE,Wales,1,291762.01,12.584
E6 5EK,Greater London,1,291712.63,25.167
BA9 5KZ,South West,1,291694.72,12.583
SO45 2HS,South East,1,291628.74,30.2
BN37 2DJ,South East,1,291613.24,25.166
LS8 1WZ,Yorkshire and the Humber,1,291590.71,25.166
GL49 3DK,South West,1,291481.65,37.748
B29 7RD,West Midlands,1,291472.07,37.748
N40 4CB,Greater London,1,291443.88,12.583
SY23 6WN,Wales,1,291389.4,12.582
SE63 2CP,Greater London,1,291362.96,37.747
DE62 8UJ,East Midlands,1,291328.01,12.582
WV52 5ZE,West Midlands,1,291266.84,12.582
W41 3MG,Greater London,1,291166.42,50.327
BD7 2KS,Yorkshire and the Humber,1,291162.33,25.163
CO79 2AE,East of England,1,291117.83,12.581
AL67 6EC,East of England,1,291039.93,12.581
DE21 3MB,East Midlands,1,290979.01,25.162
OX42 5ER,South East,1,290958.87,12.581
M23 1JD,North West,1,290813.03,12.58
BT13 3CJ,Northern Ireland,1,290807.85,12.58
BB48 6AC,North West,1,290673.27,41.514
PL27 5VH,South West,1,290581.24,50.319
PR43 3KR,North West,1,290472.49,12.579
GL43 1NU,South West,1,290450.09,25.158
NW34 1GY,Greater London,1,290401.87,50.316
RG56 1CX,South East,1,290394.03,37.737
LL34 7RV,Wales,1,290192.76,12.578
RH3 5XP,South East,1,290175.54,25.156
E72 4GD,Greater London,1,290091.81,25.156
N21 2MF,Greater London,1,290059.76,12.578
M8 5ZJ,North West,1,289994.67,25.155
BS91 1HA,South West,1,289989.82,37.733
HU31 7TZ,Yorkshire and the Humber,1,289972.82,12.578
E43 7ZX,Greater London,1,289885.54,12.577
SE16 4HY,Greater London,1,289877.59,12.577
AB51 7YR,Scotland,1,289831.5,12.577
RG60 7JA,South East,1,289812.71,25.154
SW7 7UU,Greater London,1,289809.77,25.154
TS7 5FT,North East,1,289768.68,25.154
WA47 8TF,North West,1,289740.85,37.73
EC74 3WK,Greater London,1,289672.95,25.153
RG2 4MY,South East,1,289583.67,25.152
GL84 7YH,South West,1,289530.31,25.152
BH33 8ZW,South West,1,289331.07,12.575
NW54 2SH,Greater London,1,289284.16,37.726
EH18 1EK,Scotland,1,289088.56,25.149
PL87 4VU,South West,1,289078.82,12.574
NR47 6VZ,East of England,1,288974.88,37.722
SO78 2JJ,South East,1,288920.09,37.722
B75 6NM,West Midlands,1,288840.84,12.574
NN59 1EM,East Midlands,1,288840.66,25.147
AL60 3HZ,East of England,1,288735.13,25.147
LL49 8RF,Wales,1,288723.84,25.146
EC88 1PC,Greater London,1,288670.77,50.292
E67 4NN,Greater London,1,288626.57,37.719
G1 1XX,Scotland,1,288581.83,37.718
BA61 3UC,South West,1,288465.8,25.145
DD95 6CC,Scotland,1,288393.07,25.144
WN6 7EC,North West,1,288388.64,12.572
SE77 3YG,Greater London,1,288384.91,12.572
SW39 6WH,Greater London,1,288380.57,25.144
BA6 8VE,South West,1,288359.91,25.144
LL96 7HG,Wales,1,288352.65,37.716
PO31 3TE,South East,1,288343.05,12.572
EC27 5WZ,Greater London,1,288316.49,25.144
BL38 2YK,North West,1,288308.51,25.144
TS3 6VF,North East,1,288303.36,12.572
CV62 6SF,West Midlands,1,288241.73,25.143
BA44 8VB,South West,1,288225.15,25.143
WN28 2YY,North West,1,288200.46,12.571
LD71 1ZS,Wales,1,288175.71,37.714
W94 6WT,Greater London,1,288173.78,25.143
LS27 2FS,Yorkshire and the Humber,1,288133.32,37.714
LD36 3TN,Wales,1,288054.81,15.085
RG29 1DR,South East,1,288000.3,37.712
WN64 5KP,North West,1,287983.97,25.141
BT94 2KU,Northern Ireland,1,287946.73,12.571
OX74 6ZH,South East,1,287812.46,50.28
CB65 6UC,East of England,1,287767.18,25.14
PO38 2CH,South East,1,287755.93,12.57
WC48 4JJ,Greater London,1,287294.85,37.705
BS38 6PH,South West,1,287267.42,32.677
ST66 1ZG,West Midlands,1,287249.61,25.136
DN93 7FU,Yorkshire and the Humber,1,287238.92,25.136
E75 8KY,Greater London,1,287123.14,25.135
OX10 6WJ,South East,1,287029.54,12.567
SE42 2TX,Greater London,1,286976.23,18.851
WS59 8YP,West Midlands,1,286903.0,50.268
NW94 4RM,Greater London,1,286854.18,25.133
BT83 2JP,Northern Ireland,1,286823.06,25.133
SW37 6NE,Greater London,1,286708.33,50.265
WC21 4EM,Greater London,1,286617.95,12.566
OX2 7ZM,South East,1,286581.92,25.132
LN18 2YN,East Midlands,1,286518.1,12.566
DE55 3BK,East Midlands,1,286399.17,12.565
OX12 1TF,South East,1,286351.8,25.13
NP52 6FA,Wales,1,286331.95,12.565
WN18 3DW,North West,1,286261.35,12.565
SW73 8CU,Greater London,1,286162.81,25.129
RG44 8AR,South East,1,286157.69,37.693
WA78 3PH,North West,1,286137.48,12.564
W2 2JC,Greater London,1,286108.81,12.564
OX41 7XD,South East,1,286088.51,25.128
DN54 6UD,Yorkshire and the Humber,1,286053.51,12.564
WS5 6AB,West Midlands,1,286006.06,12.564
EC60 7CD,Greater London,1,285800.92,12.563
SO11 5YT,South East,1,285725.19,25.126
N26 8YP,Greater London,1,285721.69,12.563
HU47 1JF,Yorkshire and the Humber,1,285666.47,50.25
HG75 4NJ,Yorkshire and the Humber,1,285533.97,37.686
BL22 4ZF,North West,1,285531.19,37.686
NR17 6XS,East of England,1,285451.73,25.124
AB50 5VU,Scotland,1,285412.42,12.562
WC18 7BG,Greater London,1,285293.06,12.561
AL54 3MX,East of England,1,285262.58,37.684
SA59 8JF,Wales,1,285213.59,25.122
W89 3UT,Greater London,1,285206.31,12.561
DN9 2AV,Yorkshire and the Humber,1,285126.26,25.121
SW10 6CX,Greater London,1,285120.13,12.561
PO30 4SE,South East,1,285110.7,12.561
E88 1TR,Greater London,1,285110.49,12.561
HG4 5UN,Yorkshire and the Humber,1,285083.33,37.682
N59 8AP,Greater London,1,284988.39,37.681
CV77 6FD,West Midlands,1,284977.75,25.12
LN14 3XY,East Midlands,1,284969.09,12.56
E92 5US,Greater London,1,284953.81,12.56
HU69 4JT,Yorkshire and the Humber,1,284923.54,12.56
PO12 5MY,South East,1,284916.3,25.12
SR4 4ZD,North East,1,284907.81,12.56
ST89 3CU,West Midlands,1,284845.95,12.56
CV41 4TE,West Midlands,1,284824.45,37.679
SE53 5YY,Greater London,1,284770.27,50.238
LU24 4VU,East of England,1,284681.39,25.118
LN53 8JE,East Midlands,1,284669.75,25.118
DY19 1NX,West Midlands,1,284666.09,12.559
WC31 6TR,Greater London,1,284649.52,25.118
WC51 3TZ,Greater London,1,284631.97,12.559
HU29 5MJ,Yorkshire and the Humber,1,284608.53,25.118
EC64 3PT,Greater London,1,284607.22,12.559
OX22 4HF,South East,1,284553.88,12.559
BS12 6RU,South West,1,284366.74,25.116
LL84 8SY,Wales,1,284340.77,12.558
E61 1EP,Greater London,1,284309.88,25.116
M66 6BG,North West,1,284123.38,12.557
YO28 5UD,Yorkshire and the Humber,1,284100.49,37.671
WV96 5AV,West Midlands,1,284094.13,25.114
RH79 6WJ,South East,1,284084.85,12.557
AB29 2ET,Scotland,1,284064.65,37.671
GL49 4ZB,South West,1,283985.62,12.557
WA87 2SK,North West,1,283968.51,25.113
BS22 2JT,South West,1,283951.31,12.557
LN86 1BN,East Midlands,1,283830.16,25.112
WS69 8ZX,West Midlands,1,283758.98,25.112
N23 4EM,Greater London,1,283735.54,12.556
RH2 8UB,South East,1,283624.48,37.666
PO49 8PF,South East,1,283617.81,37.666
NN10 3TD,East Midlands,1,283361.94,50.218
PO67 2ZD,South East,1,283343.41,12.554
NP13 3BF,Wales,1,283319.27,12.554
RG83 2SA,South East,1,283243.98,12.554
W82 7NZ,Greater London,1,283189.53,12.554
TS7 5YY,North East,1,283102.76,25.107
AL8 8MR,East of England,1,283058.35,37.66
LD87 1YJ,Wales,1,283026.72,37.66
NN1 4NC,East Midlands,1,283023.14,12.553
BD50 1RJ,Yorkshire and the Humber,1,282902.36,25.106
LN3 1WJ,East Midlands,1,282877.18,12.553
ST88 8ES,West Midlands,1,282837.75,32.637
SE22 7VU,Greater London,1,282811.27,25.105
RG72 4TM,South East,1,282745.06,37.657
CF95 7BK,Wales,1,282744.58,12.552
LS54 7UJ,Yorkshire and the Humber,1,282692.61,25.104
WV30 7VR,West Midlands,1,282661.08,12.552
M78 1JX,North West,1,282640.61,25.104
N62 8ZH,Greater London,1,282531.18,50.206
PL19 6FB,South West,1,282499.92,50.206
SW16 4HA,Greater London,1,282473.21,37.654
M48 7SX,North West,1,282433.32,12.551
PO77 1CS,South East,1,282431.29,12.551
SE95 2PP,Greater London,1,282368.43,12.551
BT51 4YM,Northern Ireland,1,282332.2,25.102
AL51 4JV,East of England,1,282300.41,50.203
RH87 8GZ,South East,1,282284.82,12.551
WV35 2HH,West Midlands,1,282208.06,12.55
LD68 4MF,Wales,1,282063.96,37.65
RG28 2DU,South East,1,282039.95,37.649
N30 5JJ,Greater London,1,282039.38,37.649
EC73 3DW,Greater London,1,281971.47,25.099
B14 4PT,West Midlands,1,281966.68,12.55
CO11 6BZ,East of England,1,281948.8,12.549
HG43 3TM,Yorkshire and the Humber,1,281928.98,12.549
BT9 7BC,Northern Ireland,1,281920.04,25.099
BA61 8DA,South West,1,281916.59,12.549
LU46 2KZ,East of England,1,281877.13,25.098
PR31 1CK,North West,1,281858.92,25.098
E16 5TV,Greater London,1,281825.08,37.647
HD29 3DN,Yorkshire and the Humber,1,281660.88,12.548
DD11 3GB,Scotland,1,281616.86,12.548
NR65 2MU,East of England,1,281570.57,12.548
HU7 3YA,Yorkshire and the Humber,1,281561.5,50.192
PO15 2VN,South East,1,281469.09,37.643
OX18 8YA,South East,1,281299.44,12.547
SA57 2EU,Wales,1,281102.88,12.546
WA80 6UG,North West,1,281100.05,12.546
AL67 5RB,East of England,1,281098.5,12.546
DE16 8XR,East Midlands,1,281058.28,12.546
HD95 3KJ,Yorkshire and the Humber,1,281054.57,12.546
NR31 1NV,East of England,1,281013.24,12.546
BT56 7JF,Northern Ireland,1,280954.04,12.546
S51 1JT,Yorkshire and the Humber,1,280772.93,12.545
BL39 3MJ,North West,1,280708.92,12.545
GU34 3ZX,South East,1,280677.57,12.545
W63 6BG,Greater London,1,280557.53,25.089
SW21 2UM,Greater London,1,280556.38,37.634
WN58 1WX,North West,1,280511.26,25.089
RH1 6DH,South East,1,280483.56,25.089
DD11 3FC,Scotland,1,280466.78,25.088
CM81 1VU,East of England,1,280449.08,25.088
L92 4PW,North West,1,280429.25,25.088
TS25 5UR,North East,1,280419.34,25.088
GU21 5PU,South East,1,280329.75,25.087
YO18 6YD,Yorkshire and the Humber,1,280307.63,12.544
LS98 4CX,Yorkshire and the Humber,1,280228.06,12.543
RH69 6NW,South East,1,280138.84,37.629
N25 4ZR,Greater London,1,280122.1,37.629
DD55 2YW,Scotland,1,280052.91,12.543
NE78 6ME,North East,1,280046.54,12.543
SE7 2EM,Greater London,1,279949.89,37.627
DY70 6YB,West Midlands,1,279946.49,25.085
BA16 1EY,South West,1,279943.06,12.542
BS57 3DX,South West,1,279911.47,37.627
AB2 6PM,Scotland,1,279875.3,25.084
LS46 5ZG,Yorkshire and the Humber,1,279853.71,12.542
BT70 2RS,Northern Ireland,1,279831.19,25.084
G58 8HG,Scotland,1,279810.33,12.542
CH73 8BA,North West,1,279784.25,25.084
GU5 2TZ,South East,1,279735.81,25.083
BB88 8FH,North West,1,279676.22,18.812
WC92 5FV,Greater London,1,279531.88,25.082
BH88 8CM,South West,1,279393.56,50.162
CH87 6VK,North West,1,279390.96,12.54
SR82 1RU,North East,1,279204.9,37.619
BL84 5US,North West,1,279174.84,12.54
RG43 7YN,South East,1,279174.58,12.54
OX27 4UV,South East,1,279144.55,12.539
PA97 1TM,Scotland,1,279038.4,12.539
PO86 1XK,South East,1,278946.0,37.616
PL64 1WT,South West,1,278899.86,50.154
B39 2JN,West Midlands,1,278832.95,25.077
ST14 7DJ,West Midlands,1,278802.22,12.538
EX73 5JW,South West,1,278777.94,25.076
PR12 1GT,North West,1,278675.12,25.076
SW82 5ZA,Greater London,1,278613.43,37.613
G23 1HW,Scotland,1,278481.62,37.611
LN65 7UV,East Midlands,1,278452.41,25.074
NW61 7GB,Greater London,1,278395.72,25.074
W33 7AP,Greater London,1,278354.54,25.073
B86 2ZN,West Midlands,1,278343.08,37.61
CF13 3YR,Wales,1,278275.43,25.073
BN96 5RE,South East,1,278239.86,25.072
BA40 1RF,South West,1,278230.51,37.609
N64 7MS,Greater London,1,278170.63,12.536
DN79 7XE,Yorkshire and the Humber,1,278133.57,37.608
N28 1WH,Greater London,1,278097.75,12.536
DL40 3XC,North East,1,278080.2,25.071
SA14 5NR,Wales,1,277999.66,12.535
NW61 5WB,Greater London,1,277973.04,25.071
ST60 5JS,West Midlands,1,277857.94,12.535
S2 2FJ,Yorkshire and the Humber,1,277842.11,12.535
OX49 2NC,South East,1,277678.04,25.068
SW29 7JE,Greater London,1,277676.57,15.041
CO87 7WE,East of England,1,277675.24,25.068
WS9 4MX,West Midlands,1,277665.41,12.534
B3 6BR,West Midlands,1,277596.33,37.602
GU53 6VH,South East,1,277565.23,25.068
BA8 8HG,South West,1,277557.96,25.068
CF26 2RM,Wales,1,277528.64,25.067
BT65 5GS,Northern Ireland,1,277478.65,37.601
CM84 7GA,East of England,1,277440.9,12.533
AB47 3SX,Scotland,1,277430.68,25.067
CO68 3DH,East of England,1,277292.41,25.066
YO62 5AG,Yorkshire and the Humber,1,277262.84,25.065
LU82 3EJ,East of England,1,277256.34,25.065
RG97 2YC,South East,1,277228.55,37.598
SE70 8KS,Greater London,1,277169.94,25.065
NR4 4KV,East of England,1,277138.42,37.597
ST36 8RT,West Midlands,1,277100.74,25.064
DL73 5RP,North East,1,277092.06,12.532
WS79 4HP,West Midlands,1,277084.36,25.064
S15 7DA,Yorkshire and the Humber,1,277075.61,50.128
LU25 4KD,East of England,1,276989.33,50.127
HG3 2VN,Yorkshire and the Humber,1,276947.19,12.532
BS63 2RX,South West,1,276930.89,37.595
N35 5FJ,Greater London,1,276896.01,25.063
NP78 5HW,Wales,1,276809.77,37.593
CV20 7JC,West Midlands,1,276809.08,25.062
SW83 2RU,Greater London,1,276728.93,12.531
AB96 1NG,Scotland,1,276696.79,50.123
NW77 3GD,Greater London,1,276598.19,37.591
SW64 7EN,Greater London,1,276591.31,30.073
TS79 4MR,North East,1,276566.81,12.53
W42 3ER,Greater London,1,276524.93,12.53
N60 7KT,Greater London,1,276449.91,50.119
DE28 8KP,East Midlands,1,276447.57,12.53
CV8 8UV,West Midlands,1,276432.84,25.059
BH80 5FD,South West,1,276375.09,12.53
PA32 7DT,Scotland,1,276370.61,12.53
NG10 6EX,East Midlands,1,276348.97,25.059
WV29 7DH,West Midlands,1,276285.73,12.529
BT11 5UT,Northern Ireland,1,276269.73,37.587
BL3 4HA,North West,1,276260.77,12.529
DD65 3UN,Scotland,1,276258.21,12.529
HD46 8GY,Yorkshire and the Humber,1,276225.13,12.529
SW31 2RM,Greater London,1,276194.2,25.058
B45 7UV,West Midlands,1,276183.4,12.529
WS5 5CC,West Midlands,1,276085.65,25.057
NW81 3NG,Greater London,1,276084.94,25.057
YO69 6DA,Yorkshire and the Humber,1,276046.21,25.057
ST71 3AX,West Midlands,1,276037.1,12.528
IV81 4RH,Scotland,1,275873.17,12.528
SA20 1CP,Wales,1,275794.18,25.055
LN5 2TN,East Midlands,1,275769.6,12.527
EC5 5BA,Greater London,1,275729.84,12.527
NG72 3KR,East Midlands,1,275702.35,12.527
OX59 1JP,South East,1,275695.21,12.527
AL30 8GZ,East of England,1,275658.94,12.527
RH74 5TW,South East,1,275651.9,25.054
NR40 5JE,East of England,1,275638.81,37.581
EC17 2UB,Greater London,1,275598.54,12.527
HU53 6VS,Yorkshire and the Humber,1,275550.0,12.527
L67 5FR,North West,1,275504.92,12.526
DD78 1RJ,Scotland,1,275455.45,12.526
NR31 6XR,East of England,1,275416.05,25.052
IV70 8BV,Scotland,1,275416.0,12.526
OX88 8NM,South East,1,275382.89,12.526
BB92 7ZN,North West,1,275354.88,12.526
EC62 2AV,Greater London,1,275350.32,12.526
G55 4SU,Scotland,1,275344.18,37.577
SW53 2ZB,Greater London,1,275332.23,12.526
CF19 6HV,Wales,1,275223.75,50.101
GL55 7SK,South West,1,275173.08,25.05
L61 3VP,North West,1,275132.26,37.575
BT9 8JS,Northern Ireland,1,275116.31,12.525
CV51 4BG,West Midlands,1,275104.08,12.525
SY93 8CJ,Wales,1,275001.13,37.574
SO84 8DP,South East,1,274950.66,37.573
SA63 7NS,Wales,1,274845.07,25.048
G97 6ZJ,Scotland,1,274830.23,12.524
DN16 8WU,Yorkshire and the Humber,1,274785.97,12.524
EH41 8WP,Scotland,1,274654.61,12.523
SE30 5UZ,Greater London,1,274609.84,37.569
BT6 6SY,Northern Ireland,1,274551.13,12.523
OX41 1PS,South East,1,274480.22,12.523
SR48 6RG,North East,1,274476.86,25.045
IP80 3GK,East of England,1,274422.42,50.09
SE94 4GN,Greater London,1,274404.13,25.045
HG76 3VJ,Yorkshire and the Humber,1,274371.53,12.522
RH58 7WW,South East,1,274290.29,25.044
GL56 6YY,South West,1,274150.31,25.043
BA66 7SR,South West,1,274138.62,50.086
PO61 2SC,South East,1,274052.14,12.521
ST10 6DM,West Midlands,1,274048.05,25.042
YO55 2NB,Yorkshire and the Humber,1,274015.08,37.563
BN22 8VK,South East,1,273934.69,12.521
OX42 4DN,South East,1,273862.0,25.041
E68 7DC,Greater London,1,273840.3,12.52
AL41 7WZ,East of England,1,273839.77,25.041
B68 2WF,West Midlands,1,273778.31,12.52
SW12 3VX,Greater London,1,273730.63,12.52
RG55 1VC,South East,1,273679.32,25.039
WA62 4DF,North West,1,273670.35,25.039
N97 5EC,Greater London,1,273604.76,50.078
NG11 2UN,East Midlands,1,273538.28,12.519
BN77 4HT,South East,1,273465.69,12.519
CV42 8XM,West Midlands,1,273408.47,37.556
CB44 1CK,East of England,1,273282.52,50.073
WA43 5JX,North West,1,273198.99,12.518
L97 2DM,North West,1,273123.54,25.035
HG62 2EF,Yorkshire and the Humber,1,272929.67,12.517
NP22 4BT,Wales,1,272923.09,12.517
GL75 8DR,South West,1,272855.76,12.517
IP86 5AW,East of England,1,272853.32,37.55
CV73 1GR,West Midlands,1,272842.89,25.033
SW79 2EA,Greater London,1,272791.72,12.516
SE40 6JT,Greater London,1,272781.41,12.516
OX46 3CR,South East,1,272779.42,12.516
DY81 5ZG,West Midlands,1,272759.01,25.033
PL28 2KG,South West,1,272733.59,12.516
WV15 1FB,West Midlands,1,272668.68,37.548
NP82 1BW,Wales,1,272652.73,25.032
WC56 2EE,Greater London,1,272567.15,25.031
N70 8SF,Greater London,1,272524.75,25.031
EH23 4SY,Scotland,1,272439.1,12.515
B47 3SA,West Midlands,1,272387.3,12.515
NW22 6YJ,Greater London,1,272387.27,12.515
SO20 1XM,South East,1,272236.35,37.543
W20 6YV,Greater London,1,272222.78,37.543
LE19 1WB,East Midlands,1,272077.87,12.514
NW19 6KN,Greater London,1,272025.81,12.514
G86 3CT,Scotland,1,272002.8,25.027
GU77 3KH,South East,1,271984.59,25.027
WV39 5GM,West Midlands,1,271944.63,25.027
W48 2GZ,Greater London,1,271928.16,25.027
IP67 3WU,East of England,1,271894.3,12.513
AL57 6YS,East of England,1,271854.85,37.539
DE78 4HB,East Midlands,1,271811.22,25.026
BB92 8GC,North West,1,271783.93,25.026
SE73 4EZ,Greater London,1,271757.83,12.513
N34 5SV,Greater London,1,271724.61,50.05
LS43 7AT,Yorkshire and the Humber,1,271706.69,37.537
BN79 6RH,South East,1,271693.77,12.512
GU28 6PP,South East,1,271675.49,25.025
HU63 4CV,Yorkshire and the Humber,1,271661.95,12.512
LD89 2UV,Wales,1,271634.37,37.537
WC52 2ZY,Greater London,1,271507.88,25.024
ST95 7GD,West Midlands,1,271417.59,12.511
LU8 5TV,East of England,1,271392.27,12.511
BT48 3VB,Northern Ireland,1,271363.08,12.511
RH45 3GJ,South East,1,271350.02,37.534
PR11 5UH,North West,1,271330.29,37.533
BT56 1MA,Northern Ireland,1,271293.57,12.511
CB7 1PX,East of England,1,271216.52,12.511
E86 1BF,Greater London,1,271206.75,25.021
BS28 5MS,South West,1,271140.35,37.531
NR60 4WF,East of England,1,271111.19,37.531
BD39 4EB,Yorkshire and the Humber,1,271074.57,25.02
BT43 3GE,Northern Ireland,1,271074.45,50.041
BT43 2GK,Northern Ireland,1,271010.16,12.51
BS10 2ZE,South West,1,271005.89,12.51
DY42 4HT,West Midlands,1,271002.11,37.53
BN61 2GK,South East,1,270913.98,25.019
HD58 5CY,Yorkshire and the Humber,1,270883.1,37.528
LD42 5VA,Wales,1,270826.38,50.037
B53 7BV,West Midlands,1,270796.17,12.509
RH8 7ZH,South East,1,270794.2,12.509
GU53 3WP,South East,1,270755.4,25.018
SO43 5DA,South East,1,270734.03,37.527
HG34 2AY,Yorkshire and the Humber,1,270710.58,12.509
BN65 8CJ,South East,1,270600.39,37.525
AB72 8TV,Scotland,1,270596.47,37.525
HU48 1PY,Yorkshire and the Humber,1,270590.47,12.508
BT61 2TX,Northern Ireland,1,270483.95,12.508
N53 2DP,Greater London,1,270475.69,25.016
LU72 5UF,East of England,1,270450.02,37.524
YO27 4AR,Yorkshire and the Humber,1,270428.78,12.508
RH64 8JF,South East,1,270407.94,12.508
SW59 6VP,Greater London,1,270406.95,37.523
WC83 2FW,Greater London,1,270329.98,12.507
AL96 7NC,East of England,1,270294.47,50.029
LE69 4JS,East Midlands,1,270129.82,12.507
G51 2PV,Scotland,1,270093.79,12.507
YO40 3RN,Yorkshire and the Humber,1,270073.69,12.506
DE48 8VY,East Midlands,1,270003.0,12.506
SO50 3ZY,South East,1,269985.46,12.506
M44 7GR,North West,1,269951.74,25.012
B18 6RG,West Midlands,1,269912.97,37.518
WC6 3VF,Greater London,1,269881.25,37.517
E41 8KC,Greater London,1,269870.08,37.517
LD32 6XP,Wales,1,269794.5,12.505
W93 6KV,Greater London,1,269732.14,37.516
RH40 7US,South East,1,269706.95,37.515
PA10 3MR,Scotland,1,269697.32,12.505
BT75 4ZA,Northern Ireland,1,269673.3,12.505
BN45 2SR,South East,1,269668.47,12.505
WA57 5AE,North West,1,269581.15,37.514
LU82 3SZ,East of England,1,269577.65,12.505
NG53 3PG,East Midlands,1,269489.5,12.504
RH43 3KP,South East,1,269259.89,37.51
W4 3WN,Greater London,1,269222.29,25.007
TR26 1WV,South West,1,269152.0,37.509
BT11 1FS,Northern Ireland,1,269133.27,25.006
E67 5CY,Greater London,1,268956.93,12.502
BB87 7RV,North West,1,268903.0,12.502
BT47 1SB,Northern Ireland,1,268861.56,12.502
DE63 7BR,East Midlands,1,268859.29,25.004
BS12 1TN,South West,1,268854.24,12.502
DD33 2BF,Scotland,1,268740.94,12.502
DY43 5UX,West Midlands,1,268716.95,37.504
HU23 7FU,Yorkshire and the Humber,1,268672.35,12.501
CB27 2GB,East of England,1,268668.47,30.003
DN33 5PX,Yorkshire and the Humber,1,268612.3,12.501
PL48 1XN,South West,1,268581.17,12.501
EC70 6YE,Greater London,1,268558.34,12.501
NW5 5DK,Greater London,1,268478.68,12.501
WS74 2MJ,West Midlands,1,268389.7,12.5
E44 8UE,Greater London,1,268366.74,12.5
WC24 1UG,Greater London,1,268363.34,37.5
SO69 7FZ,South East,1,268319.89,25.0
OX2 1TZ,South East,1,268229.2,49.998
BL28 6ZW,North West,1,268190.1,12.499
SO60 4MA,South East,1,268184.95,12.499
BA24 8BA,South West,1,268154.69,37.498
CF25 4VS,Wales,1,268131.32,37.498
WN62 2UR,North West,1,268121.37,12.499
DH24 4PP,North East,1,268052.99,37.497
ST82 5JW,West Midlands,1,268049.97,49.996
LU73 4BH,East of England,1,268008.74,24.998
CV89 5FX,West Midlands,1,267961.52,12.499
PL52 4KT,South West,1,267927.34,24.997
NN53 1XC,East Midlands,1,267792.89,12.498
CF32 1US,Wales,1,267754.91,24.996
DE52 7RY,East Midlands,1,267676.51,24.995
IV11 4NW,Scotland,1,267603.78,12.497
AL49 4DZ,East of England,1,267597.34,12.497
DE37 6SK,East Midlands,1,267539.24,12.497
AL54 8HN,East of England,1,267519.67,12.497
IP6 8UF,East of England,1,267516.83,24.994
SE91 1ZV,Greater London,1,267411.67,37.49
W77 7NZ,Greater London,1,267359.53,12.496
G98 1PR,Scotland,1,267359.35,24.993
TR94 3FF,South West,1,267350.39,12.496
NE19 8GP,North East,1,267335.69,12.496
CH43 4EA,North West,1,267255.54,24.992
PL88 5HA,South West,1,267252.5,37.488
EC74 3XS,Greater London,1,267172.67,24.991
PL11 4CT,South West,1,267102.33,37.486
IV47 2VR,Scotland,1,267081.74,12.495
PR59 3XZ,North West,1,267021.69,37.485
CO36 1DR,East of England,1,267004.1,37.485
NW18 6GX,Greater London,1,266931.26,12.495
HU25 3DW,Yorkshire and the Humber,1,266919.06,12.495
DE39 1WH,East Midlands,1,266891.49,12.495
NR53 6GH,East of England,1,266890.36,37.484
NN62 6BE,East Midlands,1,266870.72,12.495
EC93 4HP,Greater London,1,266860.5,37.483
NP40 5ZH,Wales,1,266831.53,24.989
SO3 4CA,South East,1,266829.17,12.494
SO98 8MP,South East,1,266821.45,12.494
RG34 1WF,South East,1,266752.64,12.494
W36 8UC,Greater London,1,266708.45,37.482
TR63 6FY,South West,1,266657.67,24.987
CB11 7ZS,East of England,1,266583.56,37.48
CV22 4SG,West Midlands,1,266543.2,24.987
SY57 6AJ,Wales,1,266539.43,12.493
NW83 4XB,Greater London,1,266512.29,12.493
BT6 2MK,Northern Ireland,1,266488.66,37.479
PO71 8GY,South East,1,266483.99,24.986
BA9 4BJ,South West,1,266380.18,49.971
HU45 8TF,Yorkshire and the Humber,1,266377.27,24.985
CH69 7FY,North West,1,266327.81,24.985
B81 4NR,West Midlands,1,266313.64,12.492
BN5 1CZ,South East,1,266288.05,24.985
NG59 7EA,East Midlands,1,266209.83,24.984
SE50 5BE,Greater London,1,266113.17,12.492
WS37 2YZ,West Midlands,1,265771.23,12.49
WS34 2BP,West Midlands,1,265742.45,24.981
W46 7WY,Greater London,1,265706.14,24.98
N20 3BD,Greater London,1,265697.94,24.98
NW61 8ZS,Greater London,1,265696.43,49.96
NW89 7EN,Greater London,1,265694.86,24.98
SE66 7UG,Greater London,1,265502.03,24.979
BA79 5BU,South West,1,265461.11,24.978
PR83 7ET,North West,1,265432.11,37.467
DH22 2TB,North East,1,265392.56,24.978
RG74 7GK,South East,1,265369.21,24.978
N66 6FC,Greater London,1,265303.47,24.977
EC25 2ZK,Greater London,1,265270.04,49.954
WS98 5ZG,West Midlands,1,265145.71,24.976
S55 6WK,Yorkshire and the Humber,1,265071.46,24.976
W63 2TA,Greater London,1,264986.53,16.234
WC50 8MB,Greater London,1,264982.05,12.487
IV83 8YN,Scotland,1,264981.37,24.975
WC63 6MJ,Greater London,1,264960.03,12.487
WC28 2RK,Greater London,1,264950.14,12.487
LS68 3BE,Yorkshire and the Humber,1,264939.93,12.487
BD90 7TM,Yorkshire and the Humber,1,264591.55,24.972
YO44 6JH,Yorkshire and the Humber,1,264581.53,12.486
LL65 6FA,Wales,1,264514.27,12.486
CV2 2JF,West Midlands,1,264506.37,48.694
YO22 1FB,Yorkshire and the Humber,1,264474.15,37.457
PO68 5KE,South East,1,264414.76,24.971
PA65 3RE,Scotland,1,264398.99,12.485
CO96 8WV,East of England,1,264395.34,12.485
N48 3KA,Greater London,1,264381.07,24.97
OX13 1KS,South East,1,264379.83,24.97
SW45 1VM,Greater London,1,264371.68,24.97
BA89 5RJ,South West,1,264362.14,37.455
W96 5CT,Greater London,1,264232.54,24.969
SY46 8YS,Wales,1,264213.62,24.969
OX65 5NG,South East,1,264198.0,37.453
L93 7WG,North West,1,264133.07,24.968
YO41 3DC,Yorkshire and the Humber,1,264023.39,12.484
PL1 1WY,South West,1,264014.56,24.968
LN74 8SC,East Midlands,1,263937.5,14.98
CM80 4KA,East of England,1,263900.29,12.483
CV35 8FY,West Midlands,1,263873.01,12.483
NW56 3EM,Greater London,1,263836.48,37.449
TR87 3UC,South West,1,263750.23,12.483
WN31 2DC,North West,1,263682.19,37.448
SY91 5GR,Wales,1,263660.16,37.447
WS95 4CU,West Midlands,1,263647.17,12.482
CH53 7SF,North West,1,263601.05,12.482
SW19 4CN,Greater London,1,263577.3,37.446
BA24 8PP,South West,1,263557.35,37.446
LE73 1HN,East Midlands,1,263505.85,12.482
EC75 4VW,Greater London,1,263490.72,24.964
ST38 3CP,West Midlands,1,263377.84,24.963
TR74 8UH,South West,1,263332.29,37.444
LD77 5GF,Wales,1,263297.99,12.481
SE77 1BG,Greater London,1,263230.09,37.442
PA3 3ET,Scotland,1,263215.91,24.961
TS53 1WU,North East,1,263089.56,24.961
B54 2PT,West Midlands,1,263081.42,12.48
DH70 7EU,North East,1,263063.49,12.48
BH23 3WG,South West,1,263059.55,24.96
ST91 5BE,West Midlands,1,263055.55,37.44
S47 1PB,Yorkshire and the Humber,1,262968.06,12.48
SW28 6GU,Greater London,1,262917.28,37.439
SW48 8GB,Greater London,1,262916.19,24.959
RG16 7UY,South East,1,262845.48,12.479
CH37 8XA,North West,1,262842.45,37.438
L72 7CU,North West,1,262789.73,12.479
HG62 1XP,Yorkshire and the Humber,1,262751.67,12.479
PA52 6NT,Scotland,1,262704.07,37.436
SY57 8US,Wales,1,262668.91,12.479
WC31 2RF,Greater London,1,262629.44,12.479
GL90 5TX,South West,1,262617.76,24.957
WA16 5PT,North West,1,262545.29,37.435
HU78 4FC,Yorkshire and the Humber,1,262506.0,24.956
WC5 1NY,Greater London,1,262384.49,24.955
BT7 6XD,Northern Ireland,1,262324.8,12.477
DY31 3EJ,West Midlands,1,262320.83,24.955
CO88 2UK,East of England,1,262243.13,13.725
PA8 6UU,Scotland,1,262211.13,12.477
YO87 3RS,Yorkshire and the Humber,1,262192.42,24.954
HU50 6HZ,Yorkshire and the Humber,1,262186.92,12.477
SR37 6RE,North East,1,262179.51,12.477
EC39 8TX,Greater London,1,261989.41,12.476
WV50 4HK,West Midlands,1,261943.72,24.952
N51 3FB,Greater London,1,261930.95,12.476
PA32 1NE,Scotland,1,261884.41,12.476
PO13 5JB,South East,1,261798.92,24.951
TS51 8TT,North East,1,261757.65,24.95
PL15 4KF,South West,1,261685.76,12.475
CO91 4HB,East of England,1,261601.16,24.949
BT53 4NT,Northern Ireland,1,261555.3,37.423
BA27 2SV,South West,1,261518.71,12.474
B43 3CR,West Midlands,1,261506.73,24.948
SE72 4AM,Greater London,1,261494.57,24.948
BB97 4WN,North West,1,261459.94,24.948
SW46 7SH,Greater London,1,261436.22,49.896
BT4 7JE,Northern Ireland,1,261382.93,37.421
PR41 5VW,North West,1,261275.68,12.473
BN7 8VV,South East,1,261267.01,24.947
NW18 2RC,Greater London,1,261002.51,37.417
EX46 6FT,South West,1,260954.75,49.888
RG75 6AE,South East,1,260867.78,24.944
PA5 5WK,Scotland,1,260822.93,12.472
G11 4JR,Scotland,1,260807.06,12.472
WS95 2TE,West Midlands,1,260788.26,24.943
N92 3HG,Greater London,1,260723.75,49.885
OX21 6GT,South East,1,260684.56,37.413
OX5 2GV,South East,1,260676.75,37.413
PA89 3FC,Scotland,1,260675.14,24.942
NN63 1DA,East Midlands,1,260663.43,24.942
BN82 7YV,South East,1,260392.78,24.94
IP89 5WU,East of England,1,260362.32,49.879
LU42 3WU,East of England,1,260352.44,24.94
GL79 2BX,South West,1,260305.69,37.409
YO51 2NE,Yorkshire and the Humber,1,260296.08,12.47
CF45 1CC,Wales,1,260115.16,37.407
YO75 7RD,Yorkshire and the Humber,1,260100.91,24.938
WC2 1GX,Greater London,1,260067.11,37.406
CH65 5DS,North West,1,260038.78,24.937
BT16 7BR,Northern Ireland,1,259906.73,12.468
GL19 5TX,South West,1,259902.72,24.936
W25 4PX,Greater London,1,259844.24,12.468
CM46 1CG,East of England,1,259806.72,12.468
CH64 4DA,North West,1,259741.45,12.467
WS68 2VH,West Midlands,1,259702.42,12.467
WA55 8MG,North West,1,259653.61,49.868
WV9 7MB,West Midlands,1,259647.96,37.401
WS90 3UN,West Midlands,1,259645.31,12.467
N42 5FE,Greater London,1,259617.3,37.401
IV55 1NA,Scotland,1,259603.05,12.467
CO32 8PJ,East of England,1,259598.78,24.934
HG60 4FE,Yorkshire and the Humber,1,259559.99,12.467
GU7 8CB,South East,1,259538.57,12.467
WN16 5YB,North West,1,259474.31,24.933
WC8 1HU,Greater London,1,259425.21,12.466
NN8 1VY,East Midlands,1,259376.76,24.932
WS2 6TC,West Midlands,1,259341.5,49.864
BL36 1RF,North West,1,259312.54,12.466
W98 2EJ,Greater London,1,259291.04,24.931
DN7 6BB,Yorkshire and the Humber,1,259288.09,24.931
PR59 1SW,North West,1,259206.84,12.465
PA95 3GT,Scotland,1,259101.57,37.395
DH17 4BJ,North East,1,259067.63,24.93
M30 1XH,North West,1,258986.42,24.929
IP60 1PB,East of England,1,258958.84,12.464
ST57 2BD,West Midlands,1,258873.27,12.464
NG84 2BU,East Midlands,1,258812.64,12.464
NW83 7VZ,Greater London,1,258798.32,24.928
PO24 2CD,South East,1,258641.54,12.463
BH69 2SB,South West,1,258636.44,12.463
OX22 4BB,South East,1,258612.75,12.463
LU55 5TJ,East of England,1,258606.2,37.389
SW90 6ZX,Greater London,1,258543.92,12.463
SW24 1RM,Greater London,1,258512.69,12.463
PL70 3TR,South West,1,258425.23,24.925
IV78 4NJ,Scotland,1,258361.32,37.386
NW50 8JN,Greater London,1,258102.48,24.922
LN81 3YW,East Midlands,1,257964.45,24.921
BB27 6AR,North West,1,257959.25,37.382
S37 2KT,Yorkshire and the Humber,1,257813.9,24.92
OX78 6KS,South East,1,257794.79,24.92
EC78 2BS,Greater London,1,257620.21,12.459
E55 3GY,Greater London,1,257591.73,24.918
BN6 4EK,South East,1,257559.28,37.377
HD76 3WG,Yorkshire and the Humber,1,257451.53,12.459
CH82 3PC,North West,1,257412.37,24.917
HU24 5CR,Yorkshire and the Humber,1,257346.64,12.458
BD29 7JA,Yorkshire and the Humber,1,257291.26,37.374
CF87 4NH,Wales,1,257269.15,24.916
NR52 8UP,East of England,1,257252.04,24.916
IP6 5BY,East of England,1,257231.92,12.458
PO4 8VZ,South East,1,257007.93,12.457
WS34 5UX,West Midlands,1,256837.29,12.456
BS18 4YA,South West,1,256674.31,12.456
CB87 6VR,East of England,1,256665.65,24.911
SY26 2SW,Wales,1,256664.68,49.822
BT11 6ZJ,Northern Ireland,1,256609.53,24.911
PR76 6RS,North West,1,256577.11,14.946
N28 3BG,Greater London,1,256574.24,24.91
SW90 4GN,Greater London,1,256556.0,12.455
WC81 1EB,Greater London,1,256492.66,37.365
LN3 3HK,East Midlands,1,256482.13,12.455
LN59 5RV,East Midlands,1,256432.23,12.455
PA56 3YH,Scotland,1,256428.86,12.455
NR92 3JK,East of England,1,256399.8,12.454
L7 1UR,North West,1,256343.68,24.909
NW23 6BG,Greater London,1,256289.09,12.454
WS6 3TK,West Midlands,1,256283.19,12.454
LU37 1AK,East of England,1,256210.43,24.908
RH49 5PA,South East,1,256159.72,12.454
GU40 1RD,South East,1,256111.65,37.36
IV9 8ZR,Scotland,1,256046.4,49.812
LU53 4PZ,East of England,1,256031.8,37.359
LU53 1CJ,East of England,1,256015.23,12.453
B8 4WX,West Midlands,1,255934.2,12.453
B38 7PJ,West Midlands,1,255908.2,12.453
PO62 1MU,South East,1,255903.69,24.905
LU47 3PU,East of England,1,255890.84,24.905
AL78 7KZ,East of England,1,255863.53,24.905
YO75 1NH,Yorkshire and the Humber,1,255848.81,12.452
E43 8NU,Greater London,1,255824.14,37.357
WV58 1AX,West Midlands,1,255823.97,12.452
BB42 6MB,North West,1,255821.79,12.452
LE91 8JV,East Midlands,1,255764.85,12.452
RH27 6CM,South East,1,255642.72,59.767
BB94 4CJ,North West,1,255617.19,37.354
YO31 2NZ,Yorkshire and the Humber,1,255613.65,24.903
TR29 8KF,South West,1,255561.86,12.451
IV55 4EM,Scotland,1,255509.27,24.902
BB98 6UG,North West,1,255449.4,12.451
DE56 2KC,East Midlands,1,255437.43,24.901
CH26 7MW,North West,1,255292.27,24.9
SO50 7XR,South East,1,255246.06,12.45
PO59 3ZA,South East,1,255245.79,12.45
BB19 4DM,North West,1,255183.8,12.45
WV27 8MA,West Midlands,1,255171.48,24.899
NR63 2YZ,East of England,1,255127.79,12.45
TR19 2JK,South West,1,255070.17,12.449
RG32 6BM,South East,1,254989.4,24.898
ST46 5UT,West Midlands,1,254972.76,24.898
BN59 6MW,South East,1,254914.95,12.449
OX27 1CV,South East,1,254898.91,12.449
SR23 8RG,North East,1,254874.81,37.346
BL68 5XM,North West,1,254846.24,12.448
NP29 8TZ,Wales,1,254838.65,24.897
CV38 4UC,West Midlands,1,254747.9,49.792
DN49 4MN,Yorkshire and the Humber,1,254730.74,12.448
LN12 5CH,East Midlands,1,254678.04,12.448
S64 3HK,Yorkshire and the Humber,1,254643.16,12.448
WC89 5GA,Greater London,1,254633.69,24.895
LU24 6EX,East of England,1,254628.91,49.79
DY79 6PY,West Midlands,1,254591.5,12.447
N12 7ZD,Greater London,1,254491.71,24.894
CV50 3KF,West Midlands,1,254403.67,12.447
PA73 4TF,Scotland,1,254399.31,24.893
B37 8NF,West Midlands,1,254392.12,37.34
B62 8MG,West Midlands,1,254359.9,12.447
M84 4JZ,North West,1,254336.98,24.893
N14 6CH,Greater London,1,254300.33,12.446
PA46 7GU,Scotland,1,254146.83,24.891
DD88 4ES,Scotland,1,254146.53,24.891
SW98 5YB,Greater London,1,254131.86,24.891
DN74 5PP,Yorkshire and the Humber,1,254121.53,24.891
NW59 7UK,Greater London,1,254092.92,24.891
W27 5WA,Greater London,1,254080.75,24.891
WS91 4NG,West Midlands,1,253997.41,24.89
LE41 4HN,East Midlands,1,253758.55,37.332
GL59 1VK,South West,1,253740.78,12.444
RH87 5VZ,South East,1,253720.3,12.444
ST58 6TN,West Midlands,1,253669.21,12.444
CB25 7JY,East of England,1,253656.17,24.887
ST37 4CB,West Midlands,1,253649.82,12.444
PR2 1EB,North West,1,253639.75,12.444
WC50 4TU,Greater London,1,253617.42,12.444
L14 6ES,North West,1,253587.86,24.887
DY77 1RU,West Midlands,1,253539.78,37.33
WA75 2WS,North West,1,253488.62,74.658
NW56 6TA,Greater London,1,253428.53,12.443
SO67 4EX,South East,1,253419.73,12.443
DY12 7CC,West Midlands,1,253199.2,12.442
PL6 2HX,South West,1,253139.65,12.442
DE81 3KS,East Midlands,1,253042.04,12.441
ST66 1YM,West Midlands,1,253035.04,12.441
WC60 6FY,Greater London,1,252890.37,37.322
CB39 3UB,East of England,1,252879.89,24.881
CM18 2CD,East of England,1,252867.61,12.441
LE65 5AT,East Midlands,1,252754.15,12.44
HU26 7HK,Yorkshire and the Humber,1,252716.73,49.76
BA74 5MJ,South West,1,252705.1,12.44
NR97 6MD,East of England,1,252684.28,18.66
ST93 8XJ,West Midlands,1,252676.5,12.44
N86 6XK,Greater London,1,252559.72,37.318
DN69 6ET,Yorkshire and the Humber,1,252536.89,12.439
BT67 6VJ,Northern Ireland,1,252305.38,37.315
CM91 3SD,East of England,1,252274.33,24.877
WC14 6UF,Greater London,1,252221.43,12.438
DY70 6TD,West Midlands,1,252155.56,12.438
EC3 2XY,Greater London,1,252134.73,24.875
S53 5YP,Yorkshire and the Humber,1,252048.01,24.875
BL6 6EF,North West,1,252046.74,24.875
BT29 1GX,Northern Ireland,1,252032.88,12.437
HD81 7UZ,Yorkshire and the Humber,1,251861.31,37.31
E41 8TW,Greater London,1,251829.49,37.31
DE13 2GJ,East Midlands,1,251823.08,12.436
WC26 1ZR,Greater London,1,251815.69,12.436
NW45 1DF,Greater London,1,251807.52,49.746
WN44 6UP,North West,1,251752.0,12.436
NR25 5EB,East of England,1,251718.54,24.872
G41 3YG,Scotland,1,251659.28,12.436
DH9 4CN,North East,1,251657.31,12.436
IV68 3JD,Scotland,1,251644.57,12.436
BN82 5GF,South East,1,251585.51,24.871
IV76 8WZ,Scotland,1,251578.96,12.436
HG5 3AE,Yorkshire and the Humber,1,251501.77,12.435
G14 4BP,Scotland,1,251462.42,37.305
BL69 2CE,North West,1,251461.71,24.87
BT56 2PB,Northern Ireland,1,251425.79,24.87
GL52 1BE,South West,1,251402.97,24.87
DN36 6DW,Yorkshire and the Humber,1,251400.62,24.87
RG63 3DX,South East,1,251371.84,24.869
CM30 8ZF,East of England,1,251253.53,37.303
LU17 4UB,East of England,1,251239.51,24.868
S56 4BR,Yorkshire and the Humber,1,251200.91,12.434
GU46 6JD,South East,1,251182.85,12.434
LE14 5BA,East Midlands,1,251103.09,24.867
NW9 4FT,Greater London,1,251030.14,37.3
WC23 5AW,Greater London,1,251030.09,37.3
ST60 6GP,West Midlands,1,250906.12,12.433
DH15 3JT,North East,1,250900.86,24.866
EC60 5VJ,Greater London,1,250860.61,37.298
WC8 6PA,Greater London,1,250859.78,12.433
CV63 2EZ,West Midlands,1,250855.49,12.433
EC2 6TP,Greater London,1,250836.7,37.298
CO12 1UB,East of England,1,250754.04,49.729
W6 6ZX,Greater London,1,250726.64,12.432
WN64 2FD,North West,1,250710.29,12.432
BN90 1CP,South East,1,250630.12,12.432
LU16 8TH,East of England,1,250624.26,24.863
AL50 3PE,East of England,1,250611.22,37.295
N14 2PA,Greater London,1,250486.93,12.431
SE35 7DU,Greater London,1,250469.15,37.293
BS96 2JM,South West,1,250466.04,37.293
CH19 3PY,North West,1,250454.53,16.16
PO80 5FZ,South East,1,250305.21,49.722
BD83 5DF,Yorkshire and the Humber,1,250084.89,37.289
DN84 6SG,Yorkshire and the Humber,1,249997.12,12.429
CM62 5ZF,East of England,1,249996.0,24.858
NG97 8PG,East Midlands,1,249916.51,12.429
BT98 8YJ,Northern Ireland,1,249865.84,12.429
GL52 2NZ,South West,1,249859.18,37.286
IV94 3BH,Scotland,1,249796.91,37.285
TS35 4NC,North East,1,249788.3,24.857
NE50 7XT,North East,1,249764.28,49.713
OX64 4ZY,South East,1,249738.12,12.428
OX69 6US,South East,1,249704.74,12.428
DE98 4PT,East Midlands,1,249641.79,12.428
NW13 3RJ,Greater London,1,249568.76,12.427
AL46 1VD,East of England,1,249496.64,49.709
WN25 2VU,North West,1,249420.82,12.427
GU5 1VJ,South East,1,249350.33,12.427
RG42 3NV,South East,1,248985.54,24.85
L46 3CU,North West,1,248779.65,24.849
WC97 4TG,Greater London,1,248750.82,24.848
NW23 8XB,Greater London,1,248728.88,12.424
E87 1SM,Greater London,1,248694.84,24.848
NE77 4MW,North East,1,248692.19,12.424
L38 7EG,North West,1,248661.27,37.272
B51 4JC,West Midlands,1,248636.17,12.424
EX81 2BT,South West,1,248625.62,12.424
OX23 7BT,South East,1,248604.56,49.694
BN33 2SJ,South East,1,248557.31,12.423
N3 2WH,Greater London,1,248461.45,49.692
NE51 1FM,North East,1,248392.83,12.423
W61 8EX,Greater London,1,248377.69,12.423
CO82 2YC,East of England,1,248362.6,12.423
SO55 6GE,South East,1,248361.13,24.845
BN25 3JB,South East,1,248293.39,24.845
E42 8TR,Greater London,1,248156.33,37.265
EC24 4RR,Greater London,1,248048.71,49.686
WV49 6HC,West Midlands,1,248032.64,37.264
SW43 6DA,Greater London,1,247998.2,12.421
LE54 8MZ,East Midlands,1,247967.99,37.263
SW68 6ED,Greater London,1,247945.48,29.81
PO38 5YS,South East,1,247941.09,24.842
LE78 6KT,East Midlands,1,247865.73,12.421
BB50 5VD,North West,1,247838.98,12.421
AB54 6XM,Scotland,1,247772.0,12.42
DE71 2UJ,East Midlands,1,247670.18,12.42
SW77 6VW,Greater London,1,247654.12,24.84
N93 6WB,Greater London,1,247643.43,37.259
NG59 4UG,East Midlands,1,247641.12,24.839
E35 7SR,Greater London,1,247546.36,24.839
BL92 6KD,North West,1,247408.07,24.838
BL10 4RB,North West,1,247355.54,24.837
SY43 1EZ,Wales,1,247315.56,12.418
DH90 2JG,North East,1,247304.95,12.418
EC59 5MS,Greater London,1,247263.26,24.836
RH79 5EH,South East,1,247222.57,12.418
CB72 1KH,East of England,1,247200.39,24.836
CB31 6MW,East of England,1,247150.5,24.836
WN51 5XX,North West,1,247128.62,24.835
SW18 2VS,Greater London,1,247123.19,24.835
CB97 2US,East of England,1,247098.54,37.253
EC29 7JK,Greater London,1,247094.83,12.418
EH72 2KY,Scotland,1,247040.48,12.417
W11 2AV,Greater London,1,247015.89,12.417
CF9 1PD,Wales,1,246982.45,24.834
NG5 8NS,East Midlands,1,246950.68,12.417
PO40 7TC,South East,1,246941.92,24.834
WA33 1DG,North West,1,246930.21,12.417
S78 1NV,Yorkshire and the Humber,1,246833.61,37.249
EH16 6VM,Scotland,1,246788.8,12.416
SO19 1VV,South East,1,246727.92,12.416
NW30 6VR,Greater London,1,246689.05,12.416
NW19 6TC,Greater London,1,246665.76,24.832
LU78 6YR,East of England,1,246658.78,24.832
N95 4UU,Greater London,1,246656.43,24.832
B41 1DM,West Midlands,1,246501.52,24.83
DL75 3YF,North East,1,246426.51,12.415
CV84 5XD,West Midlands,1,246290.62,37.243
WC89 2ZY,Greater London,1,246260.29,37.242
WN75 7PC,North West,1,246197.88,24.828
WC88 8UE,Greater London,1,246146.63,49.655
OX17 5ZS,South East,1,246132.51,49.655
LL72 6ZM,Wales,1,246040.69,12.413
BD87 6UR,Yorkshire and the Humber,1,246019.94,12.413
SW9 6GP,Greater London,1,246011.99,12.413
SE28 2VE,Greater London,1,246007.07,12.413
SW96 4DF,Greater London,1,245866.51,37.238
HG16 1DV,Yorkshire and the Humber,1,245852.29,24.825
GU21 2HW,South East,1,245842.24,37.237
B87 4PK,West Midlands,1,245816.89,12.412
DY58 1BT,West Midlands,1,245800.12,12.412
IP84 4MM,East of England,1,245782.3,12.412
WC92 1TM,Greater London,1,245780.92,24.824
NN50 7UE,East Midlands,1,245678.35,12.412
SA71 7YN,Wales,1,245638.44,24.823
GU35 4BC,South East,1,245622.2,24.823
EC9 7DN,Greater London,1,245615.67,24.823
IV23 2PC,Scotland,1,245591.21,12.411
S25 8ZW,Yorkshire and the Humber,1,245566.67,24.823
N31 2TE,Greater London,1,245564.19,24.823
G39 8XM,Scotland,1,245498.81,24.822
WA67 2TB,North West,1,245495.02,24.822
SE54 7US,Greater London,1,245461.97,12.411
NG45 7JT,East Midlands,1,245453.64,12.411
N92 7JH,Greater London,1,245386.12,12.411
DY69 7BR,West Midlands,1,245380.87,49.642
AB53 5NF,Scotland,1,245188.38,12.41
OX92 1YT,South East,1,245166.27,49.639
RG51 7MP,South East,1,245149.16,12.41
RG90 4EF,South East,1,245109.74,37.228
EC16 8AM,Greater London,1,245104.1,12.409
W23 5WZ,Greater London,1,245055.48,13.65
RH67 2FT,South East,1,244917.85,24.817
NP8 1JV,Wales,1,244906.96,49.635
PL57 8WK,South West,1,244849.67,12.408
CO47 7CM,East of England,1,244814.17,24.817
HD68 7JN,Yorkshire and the Humber,1,244796.48,37.225
BA48 5NA,South West,1,244659.66,24.815
NE53 7TB,North East,1,244574.16,12.407
BN65 4FZ,South East,1,244552.79,24.814
LS61 1AM,Yorkshire and the Humber,1,244477.19,37.221
NP75 5NB,Wales,1,244451.32,37.22
EH4 7MX,Scotland,1,244406.96,37.22
HD30 8FJ,Yorkshire and the Humber,1,244400.61,12.407
DE19 4EB,East Midlands,1,244398.35,24.813
WN54 1VY,North West,1,244388.33,24.813
TR22 5SY,South West,1,244381.52,13.647
EC37 2BW,Greater London,1,244351.7,24.813
E90 4KK,Greater London,1,244338.17,37.219
PR79 2UE,North West,1,244335.18,24.813
WC65 3YZ,Greater London,1,244295.15,37.218
NP63 8BE,Wales,1,244275.99,24.812
WS8 7BJ,West Midlands,1,244252.79,12.406
DL90 7KD,North East,1,244200.67,12.406
EX26 2UN,South West,1,244196.37,24.811
W76 4SG,Greater London,1,244137.49,12.405
CM31 2MV,East of England,1,243995.35,24.81
LL82 5KJ,Wales,1,243989.22,12.405
NG45 3TF,East Midlands,1,243928.04,24.809
TR76 2YG,South West,1,243826.3,37.213
BD40 3ZH,Yorkshire and the Humber,1,243776.69,24.808
EC34 2PY,Greater London,1,243776.1,12.404
HG87 2SN,Yorkshire and the Humber,1,243747.58,37.212
WN45 7SN,North West,1,243649.41,24.807
N93 6WU,Greater London,1,243524.32,16.124
SY61 2NT,Wales,1,243492.18,12.403
L21 4TT,North West,1,243484.37,37.208
DL80 2WG,North East,1,243447.67,12.403
NR19 4CG,East of England,1,243429.39,12.403
CV94 6YD,West Midlands,1,243404.46,24.805
SE30 2YA,Greater London,1,243142.1,37.204
CV42 7KC,West Midlands,1,243093.63,12.401
CV85 3NB,West Midlands,1,243078.12,24.802
BL30 4TA,North West,1,243057.02,24.802
AL71 4SK,East of England,1,242996.17,24.802
BD59 1MF,Yorkshire and the Humber,1,242872.42,24.801
SR45 2FB,North East,1,242856.12,24.8
CM39 3FD,East of England,1,242806.78,37.2
EC25 2TY,Greater London,1,242769.43,12.4
DN92 7ZW,Yorkshire and the Humber,1,242746.66,12.4
PO15 4CM,South East,1,242641.74,12.399
GL10 3FW,South West,1,242619.58,12.399
IP61 4CZ,East of England,1,242618.47,12.399
WA85 3AT,North West,1,242567.48,12.399
DL35 2PB,North East,1,242549.17,12.399
IV36 5WG,Scotland,1,242458.68,12.399
DY40 1XJ,West Midlands,1,242417.86,12.398
RG69 8YK,South East,1,242400.19,37.195
W49 1CP,Greater London,1,242271.12,12.398
GU5 2KU,South East,1,242195.29,37.193
DH59 7GC,North East,1,242148.3,32.233
CH15 6RA,North West,1,242124.34,24.794
PL53 8GC,South West,1,242077.6,24.794
GL30 2TZ,South West,1,242074.68,24.794
G82 1EV,Scotland,1,242057.98,12.397
BN37 6BB,South East,1,242004.19,12.397
SW36 7CR,Greater London,1,241988.0,12.397
EX79 2CD,South West,1,241981.18,49.586
NW83 4CV,Greater London,1,241966.67,12.397
BB36 5FJ,North West,1,241892.65,24.793
W96 7KN,Greater London,1,241876.36,24.792
SW36 1TJ,Greater London,1,241844.45,24.792
YO90 4DA,Yorkshire and the Humber,1,241818.57,12.396
NW88 4ED,Greater London,1,241795.14,24.792
CM38 3DR,East of England,1,241758.5,12.396
CO80 5MK,East of England,1,241757.59,24.791
DD22 8ZR,Scotland,1,241723.52,12.396
PO38 7DT,South East,1,241694.27,24.791
E1 7UV,Greater London,1,241459.84,24.789
OX78 7PR,South East,1,241413.62,12.394
EX81 5HH,South West,1,241370.56,12.394
HU95 3FU,Yorkshire and the Humber,1,241355.31,37.182
CO10 1PB,East of England,1,241354.36,12.394
SW48 1TK,Greater London,1,241329.24,24.788
BT94 2NK,Northern Ireland,1,241250.49,12.394
WA66 6KW,North West,1,241127.45,24.786
W87 1AC,Greater London,1,241121.32,37.179
BB34 2DZ,North West,1,241058.66,24.786
EX16 5WF,South West,1,241035.51,49.571
CM42 3WS,East of England,1,241011.06,24.785
HG3 1NC,Yorkshire and the Humber,1,240989.58,12.393
LD54 2XV,Wales,1,240809.0,12.392
SE27 5RU,Greater London,1,240793.92,12.392
CB81 8PN,East of England,1,240732.39,37.174
LL10 8UK,Wales,1,240697.89,24.783
EC44 8FP,Greater London,1,240586.89,24.782
BT89 4EV,Northern Ireland,1,240564.18,12.391
G57 1GM,Scotland,1,240559.69,37.172
E14 4PZ,Greater London,1,240537.79,12.391
SE94 6WM,Greater London,1,240424.07,12.39
OX33 6YD,South East,1,240419.05,24.78
CH70 3UC,North West,1,240411.31,24.78
OX49 5NC,South East,1,240411.3,37.17
L10 5PJ,North West,1,240379.21,12.39
WS85 8CG,West Midlands,1,240270.95,37.169
WS29 5YC,West Midlands,1,240270.49,12.39
SW98 5MB,Greater London,1,240266.36,24.779
WA13 3FF,North West,1,240246.12,12.389
ST9 3XW,West Midlands,1,240213.45,24.779
SE14 7HS,Greater London,1,240205.91,12.389
SE66 5PM,Greater London,1,240155.82,37.167
EC39 2WH,Greater London,1,240003.85,49.554
SE15 7GV,Greater London,1,239972.65,49.553
DE48 4DA,East Midlands,1,239922.49,37.164
TR28 1MB,South West,1,239864.24,24.776
NW75 8YV,Greater London,1,239816.09,12.388
BB54 7SE,North West,1,239797.48,24.775
WS75 6KU,West Midlands,1,239794.71,12.388
BA61 8TY,South West,1,239775.11,12.387
EC26 4UJ,Greater London,1,239749.21,24.775
EX71 1DM,South West,1,239724.78,37.162
BN95 2JT,South East,1,239703.72,12.387
W56 5UB,Greater London,1,239696.48,37.161
BB8 3RZ,North West,1,239588.73,24.773
E89 8EN,Greater London,1,239546.39,37.16
BT87 4SU,Northern Ireland,1,239536.99,12.386
NE40 6WE,North East,1,239510.87,37.159
PR96 2CC,North West,1,239510.6,24.773
S93 1BS,Yorkshire and the Humber,1,239443.57,37.158
CV51 6UX,West Midlands,1,239418.12,12.386
LU67 5EP,East of England,1,239382.46,24.772
BT7 7FC,Northern Ireland,1,239366.35,12.386
N54 5FG,Greater London,1,239319.77,24.771
PR19 6CD,North West,1,239247.02,12.385
SO52 4EF,South East,1,239176.01,24.77
DL72 7XT,North East,1,239138.49,37.154
LD11 4PA,Wales,1,239054.84,12.384
N3 6BF,Greater London,1,239037.05,49.538
ST41 6UB,West Midlands,1,239013.99,24.769
WA51 3RG,North West,1,238991.21,24.768
L92 6UR,North West,1,238985.31,24.768
DH18 2BU,North East,1,238879.49,12.384
SE35 5DG,Greater London,1,238818.78,24.767
CM28 6CN,East of England,1,238799.41,37.15
LL89 5WU,Wales,1,238739.84,24.766
WC9 1UN,Greater London,1,238663.18,12.383
DY51 4XN,West Midlands,1,238653.29,12.383
LL85 8VX,Wales,1,238640.46,24.765
W62 4FA,Greater London,1,238538.77,49.529
BA41 5GC,South West,1,238475.81,12.382
WC38 5UN,Greater London,1,238427.65,37.145
WA54 6BD,North West,1,238416.27,24.764
SW17 3SV,Greater London,1,238351.95,12.382
B59 2TR,West Midlands,1,238266.59,12.381
EC52 1JM,Greater London,1,238243.04,37.143
WC52 2RC,Greater London,1,238188.38,12.381
RH61 4YG,South East,1,238173.62,12.381
PO96 1KY,South East,1,238148.37,24.761
IP10 1WV,East of England,1,238131.63,24.761
NN65 6TR,East Midlands,1,238101.0,24.761
HD16 2DX,Yorkshire and the Humber,1,238024.63,12.38
N20 2JD,Greater London,1,238015.6,12.38
NP52 2PA,Wales,1,237959.7,12.38
RG3 4BG,South East,1,237861.65,37.138
N76 3GK,Greater London,1,237847.57,24.759
BL80 5BM,North West,1,237771.64,16.093
EH44 2TM,Scotland,1,237727.53,24.758
BT15 3HN,Northern Ireland,1,237663.15,12.379
E74 5GR,Greater London,1,237612.92,49.514
SW64 4TN,Greater London,1,237579.92,12.378
N28 8MP,Greater London,1,237573.75,24.756
NG19 5WC,East Midlands,1,237517.61,37.134
IV81 4GX,Scotland,1,237506.03,24.756
WC25 7CW,Greater London,1,237468.88,24.756
SO6 3YD,South East,1,237467.46,37.133
HU81 4WN,Yorkshire and the Humber,1,237366.67,12.377
DH61 8PF,North East,1,237361.83,12.377
SO11 7JY,South East,1,237328.42,12.377
LU86 2VG,East of England,1,237310.88,12.377
ST57 1JS,West Midlands,1,237288.53,24.754
OX67 5VD,South East,1,237276.73,12.377
SO35 6WS,South East,1,237259.1,24.754
GL33 8WX,South West,1,237251.16,24.754
GL94 6UG,South West,1,237249.97,49.507
RH79 3NR,South East,1,237237.23,24.754
NW13 7GR,Greater London,1,237223.01,24.754
BN68 2PA,South East,1,237193.56,24.753
BL78 4ZW,North West,1,237175.86,12.377
PA39 4EU,Scotland,1,237162.57,37.13
BN42 2TY,South East,1,237086.96,37.129
E38 1EB,Greater London,1,237021.82,24.752
SE20 4TY,Greater London,1,236917.09,37.126
PO55 2PS,South East,1,236906.01,24.751
E56 7JZ,Greater London,1,236844.55,24.75
RH11 7ZK,South East,1,236776.35,37.125
HD46 8ZM,Yorkshire and the Humber,1,236727.65,12.375
SW75 8BB,Greater London,1,236691.28,12.375
BN76 7RG,South East,1,236661.19,24.749
BT88 1MK,Northern Ireland,1,236581.62,12.374
EH22 3EU,Scotland,1,236537.01,12.374
BL3 7EK,North West,1,236503.75,24.747
EC35 8SX,Greater London,1,236392.61,12.373
NR27 4ZK,East of England,1,236325.78,24.746
EH36 5EK,Scotland,1,236236.99,12.373
WA52 4EF,North West,1,236227.4,24.745
TR3 6CW,South West,1,236137.08,24.744
DE64 8GN,East Midlands,1,236133.12,49.489
M22 8BF,North West,1,236051.22,12.372
CH61 8KR,North West,1,236008.08,37.115
BN49 8TD,South East,1,235990.7,24.743
L16 6BT,North West,1,235926.84,12.371
CB17 7BR,East of England,1,235703.28,12.37
DD65 1DJ,Scotland,1,235639.97,12.37
SY97 6KG,Wales,1,235520.36,24.739
L88 8DF,North West,1,235472.12,24.739
BH78 6KC,South West,1,235433.93,37.108
M19 6DV,North West,1,235330.46,37.106
DY95 3PC,West Midlands,1,235268.95,12.368
G73 2EA,Scotland,1,235218.13,37.105
NP59 6RH,Wales,1,235168.16,12.368
LL56 3JC,Wales,1,235123.12,37.104
PR93 8CM,North West,1,235108.36,37.103
PA54 8GV,Scotland,1,234994.5,12.367
CH84 2XW,North West,1,234954.23,12.367
WC24 7WZ,Greater London,1,234940.8,37.101
SE22 8MM,Greater London,1,234829.51,12.367
BL32 7TU,North West,1,234791.03,49.466
DY81 2ZP,West Midlands,1,234783.51,37.099
EC24 6EJ,Greater London,1,234767.85,37.099
B15 5TU,West Midlands,1,234764.46,12.366
SE4 5TW,Greater London,1,234663.89,12.366
L41 6SU,North West,1,234591.06,37.097
LN79 3JZ,East Midlands,1,234558.43,24.731
ST63 1AT,West Midlands,1,234493.43,12.365
DE8 6TT,East Midlands,1,234466.49,12.365
CH89 4VM,North West,1,234420.15,37.095
LN42 3BW,East Midlands,1,234417.73,12.365
NW18 7TJ,Greater London,1,234353.54,37.094
RG58 7RC,South East,1,234341.36,24.729
PA27 1UM,Scotland,1,234333.2,12.365
GU72 8JT,South East,1,234228.76,12.364
DL48 8VX,North East,1,234195.45,12.364
WC46 7GD,Greater London,1,234130.71,12.364
HD98 5UW,Yorkshire and the Humber,1,233896.55,37.088
BN32 5ZV,South East,1,233782.82,12.362
BN41 7BM,South East,1,233530.5,12.361
ST10 6YD,West Midlands,1,233488.9,37.083
SO49 2XD,South East,1,233383.73,24.721
N50 4AH,Greater London,1,233382.08,24.721
NP38 5RE,Wales,1,233350.76,24.721
CM48 2ND,East of England,1,233317.08,24.72
LN62 1KB,East Midlands,1,233305.98,12.36
B37 5JU,West Midlands,1,233241.46,12.36
HU1 8JN,Yorkshire and the Humber,1,233177.12,24.719
N54 8VP,Greater London,1,233109.82,12.359
EX58 7JH,South West,1,233084.57,12.359
WC52 5NT,Greater London,1,233073.67,24.718
N92 1UZ,Greater London,1,232971.74,12.359
HD71 5MV,Yorkshire and the Humber,1,232906.18,24.717
EC41 7CH,Greater London,1,232878.17,24.717
LS3 6RY,Yorkshire and the Humber,1,232862.7,12.358
N42 3MS,Greater London,1,232775.49,24.716
W67 1BG,Greater London,1,232716.43,24.715
IP18 1KX,East of England,1,232615.25,24.714
NR86 7PP,East of England,1,232614.23,12.357
NR94 6WE,East of England,1,232584.69,24.714
LU27 8NT,East of England,1,232577.83,12.357
GL13 2MY,South West,1,232549.7,12.357
B80 7ZS,West Midlands,1,232544.4,12.357
DY27 2FB,West Midlands,1,232524.52,12.357
CB28 8UJ,East of England,1,232439.25,49.426
OX10 6GM,South East,1,232384.27,12.356
WS46 3NZ,West Midlands,1,232372.2,12.356
PL22 2PX,South West,1,232309.95,12.356
HG57 5FX,Yorkshire and the Humber,1,232248.14,12.356
EC9 6EH,Greater London,1,232226.49,24.711
E42 2UJ,Greater London,1,232218.11,12.355
PL80 8AC,South West,1,232203.27,12.355
WC90 5UK,Greater London,1,232143.53,24.71
DL91 5KG,North East,1,232142.69,12.355
SR79 3XX,North East,1,232108.43,12.355
SW61 5MD,Greater London,1,232091.01,12.355
PR40 8UC,North West,1,232048.11,24.709
SE51 4JE,Greater London,1,231862.92,24.708
GL58 1PU,South West,1,231841.38,12.354
NP17 2SE,Wales,1,231819.09,27.178
N42 6GH,Greater London,1,231807.44,37.061
DN84 8UG,Yorkshire and the Humber,1,231788.98,24.707
NW32 7AH,Greater London,1,231732.46,37.06
HG64 8SN,Yorkshire and the Humber,1,231591.19,12.353
E54 5CH,Greater London,1,231550.25,12.353
WC21 7GK,Greater London,1,231457.61,12.352
PO22 3RD,South East,1,231427.27,12.352
WN76 8MR,North West,1,231328.73,12.352
AL57 8WK,East of England,1,231310.12,12.352
L88 2VU,North West,1,231298.83,24.703
CH64 3CA,North West,1,231295.85,24.703
WN3 4EZ,North West,1,231208.12,12.351
SO73 1WS,South East,1,231169.39,37.053
SW91 5MC,Greater London,1,231129.84,12.351
EX25 5GR,South West,1,231115.01,37.052
OX4 4AU,South East,1,231048.71,49.402
LU22 4NU,East of England,1,230959.81,49.4
NW3 2CM,Greater London,1,230936.41,37.05
B82 5WV,West Midlands,1,230904.78,29.639
HG36 6KH,Yorkshire and the Humber,1,230859.16,12.35
LU75 7DR,East of England,1,230819.93,12.349
NG47 7AR,East Midlands,1,230814.96,12.349
W46 3ZD,Greater London,1,230804.19,12.349
LL47 4VD,Wales,1,230727.62,12.349
EC91 1TE,Greater London,1,230689.59,24.698
IP26 3FX,East of England,1,230639.97,37.046
BT34 4MC,Northern Ireland,1,230623.34,12.349
SE19 5EK,Greater London,1,230555.01,24.696
RG35 6NW,South East,1,230518.15,37.044
E3 1ZU,Greater London,1,230509.89,24.696
ST30 8NP,West Midlands,1,230457.94,24.696
WV49 7KH,West Midlands,1,230358.02,24.695
B2 6BE,West Midlands,1,230356.96,24.695
PR67 2JG,North West,1,230225.95,49.387
DD56 7SF,Scotland,1,230212.17,12.347
GU67 5VR,South East,1,230181.3,37.04
E89 5UX,Greater London,1,230168.39,24.693
W47 2DT,Greater London,1,230061.92,12.346
CH38 6PK,North West,1,230046.99,24.692
W9 6ST,Greater London,1,230046.51,37.038
RH8 5PH,South East,1,230045.82,24.692
CF75 1DH,Wales,1,230022.4,24.692
NW96 8VY,Greater London,1,229888.99,24.691
SW77 7AE,Greater London,1,229872.77,12.345
N96 4VX,Greater London,1,229831.84,24.69
WV83 6HV,West Midlands,1,229756.21,12.345
NG30 2CF,East Midlands,1,229754.21,32.096
WC16 5FW,Greater London,1,229658.09,12.344
OX42 3GR,South East,1,229540.61,24.688
CV66 1JA,West Midlands,1,229484.37,12.344
IP71 2JW,East of England,1,229399.1,24.686
SA84 6XS,Wales,1,229352.73,24.686
CO40 8RJ,East of England,1,229228.77,14.811
NR95 7CV,East of England,1,229220.61,37.027
RG75 5SF,South East,1,229192.72,12.342
SW33 5NU,Greater London,1,229177.86,49.369
BH96 5HA,South West,1,229156.37,37.026
LS51 7RE,Yorkshire and the Humber,1,229074.96,12.342
S92 5XS,Yorkshire and the Humber,1,229048.24,37.025
W85 4ND,Greater London,1,229001.1,24.683
W72 2MW,Greater London,1,228986.95,12.341
G9 6VS,Scotland,1,228779.91,12.341
WN39 6AP,North West,1,228726.44,12.34
W62 1UC,Greater London,1,228682.51,37.02
NE64 7RG,North East,1,228641.83,12.34
CO73 5AY,East of England,1,228636.39,37.02
NG9 5VY,East Midlands,1,228596.61,37.019
EC2 4SK,Greater London,1,228500.62,37.018
NR26 8NC,East of England,1,228455.96,24.678
M80 7MD,North West,1,228295.74,12.338
LD35 4KR,Wales,1,228188.63,12.338
NR46 6DS,East of England,1,228178.03,12.338
G35 3AR,Scotland,1,228163.0,49.351
SE63 7ZR,Greater London,1,228106.01,12.338
NW76 1MB,Greater London,1,228050.66,12.337
SW98 4GB,Greater London,1,228006.23,12.337
BN63 6GX,South East,1,227984.31,37.011
BD79 1MD,Yorkshire and the Humber,1,227957.14,24.674
DY20 8PX,West Midlands,1,227883.72,24.673
EX33 6BR,South West,1,227829.62,37.009
SO8 7NB,South East,1,227803.89,24.672
YO67 3VS,Yorkshire and the Humber,1,227343.74,12.334
E29 4SR,Greater London,1,227225.23,12.334
RG88 1BN,South East,1,227212.12,12.334
HG42 1YZ,Yorkshire and the Humber,1,227210.83,37.001
PO22 1HY,South East,1,227201.19,37.001
B29 1WN,West Midlands,1,227197.96,37.001
NG36 7HS,East Midlands,1,227184.25,12.334
OX55 2BN,South East,1,227122.7,24.667
CB6 2MH,East of England,1,227116.36,12.333
BS38 4CH,South West,1,227115.04,12.333
NW39 4HJ,Greater London,1,227095.66,24.666
SO51 5KS,South East,1,227023.35,24.666
DL7 4PP,North East,1,226912.28,12.332
N88 6BE,Greater London,1,226710.56,12.331
WC68 2WS,Greater London,1,226665.89,24.662
LU34 2ZZ,East of England,1,226611.06,24.662
TR77 8RY,South West,1,226605.8,12.331
RH79 8ZC,South East,1,226533.45,24.661
WC87 3MM,Greater London,1,226500.29,24.661
WC88 8GD,Greater London,1,226285.55,24.659
SO76 4JU,South East,1,226217.5,12.329
DN95 3JY,Yorkshire and the Humber,1,226187.89,24.658
N57 4BZ,Greater London,1,226123.95,12.329
LN72 7PT,East Midlands,1,225982.55,12.328
OX27 5TW,South East,1,225929.01,36.984
E73 1MR,Greater London,1,225911.64,24.656
SE47 6KU,Greater London,1,225896.87,49.311
DH71 5UK,North East,1,225676.53,24.654
W16 4VT,Greater London,1,225665.62,24.654
PO13 1SC,South East,1,225655.42,24.654
WV9 4BH,West Midlands,1,225630.93,36.98
TR39 3MA,South West,1,225325.27,12.325
CV5 8FN,West Midlands,1,225300.38,24.65
S4 5KS,Yorkshire and the Humber,1,225294.48,12.325
IV2 7DT,Scotland,1,225181.73,12.325
BL68 2JK,North West,1,225167.68,49.298
DD83 7PK,Scotland,1,225050.5,24.648
BN7 4SV,South East,1,224806.97,36.969
EH48 1HJ,Scotland,1,224731.23,24.645
EC64 8SN,Greater London,1,224685.51,24.645
SA53 2ES,Wales,1,224670.92,36.967
RG3 3SY,South East,1,224631.42,24.644
SR38 5SC,North East,1,224589.01,12.322
CO29 6BD,East of England,1,224296.28,12.321
N64 2GG,Greater London,1,224293.66,24.641
RH69 5XN,South East,1,224260.38,12.321
BL16 6ZK,North West,1,224238.41,24.641
SE19 3FU,Greater London,1,224226.54,24.641
NN98 8ER,East Midlands,1,224180.5,12.32
W20 7TM,Greater London,1,224061.65,24.639
SE66 6MH,Greater London,1,224055.72,36.959
AB42 8ZV,Scotland,1,223992.97,12.319
BH46 5WP,South West,1,223988.34,24.639
SW81 4NU,Greater London,1,223970.56,49.277
CB91 2PX,East of England,1,223878.31,24.638
HU97 4GR,Yorkshire and the Humber,1,223825.31,12.319
SE54 1RZ,Greater London,1,223787.47,12.318
EC38 8ZA,Greater London,1,223730.0,24.636
SA11 2EN,Wales,1,223683.13,36.954
BD77 7BY,Yorkshire and the Humber,1,223548.45,12.317
CO94 7DT,East of England,1,223506.71,36.952
BT47 3FP,Northern Ireland,1,223428.64,24.634
WA32 2ZH,North West,1,223404.21,12.317
CO23 3FX,East of England,1,223270.28,12.316
AL29 1YP,East of England,1,223269.7,36.948
BL8 1ZV,North West,1,223262.59,24.632
G2 1NZ,Scotland,1,223227.87,24.632
CB70 2TD,East of England,1,223189.59,14.779
YO64 5JB,Yorkshire and the Humber,1,223083.84,24.631
E16 8US,Greater London,1,223082.83,36.946
NW94 8DX,Greater London,1,223068.96,49.261
LD21 5GA,Wales,1,222961.86,12.315
SY47 3CE,Wales,1,222855.88,12.314
HG86 3VD,Yorkshire and the Humber,1,222849.65,12.314
BL18 4UJ,North West,1,222825.85,24.628
E66 1MA,Greater London,1,222706.68,36.941
EH19 8BN,Scotland,1,222691.6,36.941
NW88 3XR,Greater London,1,222640.58,12.313
L9 3BT,North West,1,222620.95,36.94
NW61 7SM,Greater London,1,222602.82,12.313
WV52 6VX,West Midlands,1,222597.05,36.939
DD48 1CB,Scotland,1,222589.65,49.252
CM21 3NN,East of England,1,222421.81,12.312
DY66 6VS,West Midlands,1,222409.26,24.625
SO83 1BV,South East,1,222403.83,12.312
WA18 5KX,North West,1,222373.1,24.624
BH84 1JW,South West,1,222297.5,36.935
BT75 2AX,Northern Ireland,1,222293.53,12.312
NG96 3FD,East Midlands,1,222274.04,12.312
GL9 4DD,South West,1,222128.34,12.311
PR19 7DU,North West,1,222085.95,36.932
WC22 7TN,Greater London,1,222046.7,16.004
LE21 6XK,East Midlands,1,222020.56,24.621
L56 2WG,North West,1,221994.8,36.931
GU2 6KX,South East,1,221959.17,12.31
LS4 1RX,Yorkshire and the Humber,1,221919.12,12.31
WC35 7WS,Greater London,1,221844.48,12.31
WV22 7MN,West Midlands,1,221784.12,12.309
W61 4ZN,Greater London,1,221741.62,12.309
BB9 5PN,North West,1,221734.17,12.309
DL17 8SV,North East,1,221651.04,24.618
BN29 5KY,South East,1,221628.08,12.309
HU12 3UR,Yorkshire and the Humber,1,221621.63,12.309
CH18 3NP,North West,1,221609.22,36.926
NN9 1FH,East Midlands,1,221606.57,24.617
RH98 4MU,South East,1,221586.85,24.617
TR68 3CG,South West,1,221514.21,24.616
SW29 1WE,Greater London,1,221511.49,12.308
WN39 3YW,North West,1,221408.79,16.0
SE46 3HX,Greater London,1,221396.73,12.308
WS33 2SP,West Midlands,1,221375.62,24.615
BT64 8TS,Northern Ireland,1,220984.63,49.223
PL67 7FF,South West,1,220884.53,12.305
GU3 5PS,South East,1,220847.95,49.221
N2 2YV,Greater London,1,220835.42,24.61
LS93 5AP,Yorkshire and the Humber,1,220803.47,12.305
DL60 8VV,North East,1,220687.97,12.305
IV60 7TC,Scotland,1,220669.42,36.913
W7 4PH,Greater London,1,220644.0,24.609
EC49 7EY,Greater London,1,220627.55,12.304
G30 2PB,Scotland,1,220596.53,24.608
SE28 2FZ,Greater London,1,220565.91,36.912
NG5 5SY,East Midlands,1,220562.81,24.608
EC50 4YU,Greater London,1,220541.92,12.304
NR98 2TR,East of England,1,220535.03,24.608
AB64 4ZM,Scotland,1,220534.47,24.608
SW96 2FN,Greater London,1,220511.32,24.607
E59 6CU,Greater London,1,220501.94,12.304
SO32 6PY,South East,1,220388.56,12.303
LS84 6FT,Yorkshire and the Humber,1,220375.24,12.303
S68 1XR,Yorkshire and the Humber,1,220277.24,36.908
CB85 2BU,East of England,1,220247.79,24.605
NW73 8UN,Greater London,1,220241.76,12.302
LD77 4CW,Wales,1,220241.51,24.605
SR80 5PK,North East,1,220184.83,12.302
NE19 6GB,North East,1,220037.38,24.603
PL9 4CZ,South West,1,219993.29,12.301
DN37 8EV,Yorkshire and the Humber,1,219975.05,12.301
SE92 3CY,Greater London,1,219939.24,49.204
WC44 7KK,Greater London,1,219871.52,12.301
BT6 1ES,Northern Ireland,1,219812.8,36.902
OX28 5XS,South East,1,219810.36,36.902
LU33 7JH,East of England,1,219707.92,12.3
TS47 6TX,North East,1,219598.05,12.3
WS93 5SN,West Midlands,1,219584.69,24.599
E45 3ST,Greater London,1,219566.77,24.599
RH9 7BC,South East,1,219386.85,24.597
BA80 7UG,South West,1,219369.49,49.194
WN90 2MJ,North West,1,219367.06,24.597
SE26 2JW,Greater London,1,219344.47,24.597
B47 6MP,West Midlands,1,219261.42,12.298
GU89 2XG,South East,1,219203.44,12.298
WS96 1RM,West Midlands,1,219194.39,24.595
SE2 3FD,Greater London,1,219151.27,24.595
CB59 6FT,East of England,1,219146.58,36.893
AB96 3YB,Scotland,1,219117.71,24.595
B24 3GW,West Midlands,1,219113.94,12.297
LS13 3KR,Yorkshire and the Humber,1,218966.47,12.297
SW2 2ZJ,Greater London,1,218933.72,24.593
WV97 2GJ,West Midlands,1,218853.14,12.296
RG39 5MG,South East,1,218739.99,12.296
SE77 2RF,Greater London,1,218730.89,24.591
E14 6WN,Greater London,1,218715.16,49.182
LU23 7FH,East of England,1,218669.77,49.181
WS58 4SK,West Midlands,1,218641.76,14.754
EC28 6SB,Greater London,1,218620.21,24.59
E96 6VJ,Greater London,1,218553.83,24.59
RH43 6MP,South East,1,218450.88,12.294
GU20 1PZ,South East,1,218425.21,36.883
EH40 1UM,Scotland,1,218355.54,12.294
DY22 8AS,West Midlands,1,218269.01,12.293
WS87 1US,West Midlands,1,218232.33,12.293
E26 1NE,Greater London,1,218223.47,36.88
DY6 4AN,West Midlands,1,218066.66,24.585
IV1 6DB,Scotland,1,217934.64,24.584
E45 4PK,Greater London,1,217863.78,12.292
BH55 6XU,South West,1,217831.14,36.874
BB28 2ZX,North West,1,217809.2,36.874
CM91 1BJ,East of England,1,217751.22,24.582
LS13 1SZ,Yorkshire and the Humber,1,217747.37,24.582
PR53 6YC,North West,1,217689.52,24.582
GU38 8SZ,South East,1,217678.77,24.582
EC70 2NF,Greater London,1,217654.01,24.581
CV19 5VY,West Midlands,1,217637.35,24.581
BL42 5RF,North West,1,217632.13,49.162
B57 3NH,West Midlands,1,217628.48,12.291
WN67 6JE,North West,1,217573.41,12.29
W2 2BM,Greater London,1,217557.07,12.29
G70 4UT,Scotland,1,217504.85,49.16
CM79 8DW,East of England,1,217494.34,24.58
EX56 5HV,South West,1,217456.05,24.58
DY13 1DR,West Midlands,1,217432.89,12.29
CO20 5UD,East of England,1,217374.51,12.289
PR46 6XU,North West,1,217347.81,12.289
SR74 2DJ,North East,1,217329.27,12.289
TR27 2FB,South West,1,217276.3,24.578
CM49 8PG,East of England,1,217093.95,12.288
LU50 8TE,East of England,1,217089.71,24.576
RG19 6EF,South East,1,217036.15,36.863
BS27 4FK,South West,1,217016.48,24.575
PO64 7BZ,South East,1,217007.26,12.288
BB52 4TA,North West,1,216955.17,24.575
BT92 6JR,Northern Ireland,1,216874.21,12.287
DE76 7WJ,East Midlands,1,216863.05,12.287
SO78 2TV,South East,1,216808.68,12.287
IV27 7KA,Scotland,1,216802.18,49.147
CH12 1BB,North West,1,216779.87,36.86
LD61 7RX,Wales,1,216778.73,24.573
PA24 5JW,Scotland,1,216707.39,12.286
SA76 4VC,Wales,1,216675.01,12.286
IP33 8MB,East of England,1,216614.17,24.572
B58 1CF,West Midlands,1,216585.66,12.286
WV31 4HC,West Midlands,1,216561.24,36.857
WV89 3EE,West Midlands,1,216495.37,12.285
GU69 4ZJ,South East,1,216486.38,36.856
NW1 6XM,Greater London,1,216473.94,36.856
CO81 7ZA,East of England,1,216426.35,12.285
IP27 5ZN,East of England,1,216399.85,12.285
WN3 8XY,North West,1,216242.26,12.284
NW22 8RP,Greater London,1,216210.15,44.222
DH53 5MT,North East,1,216194.24,24.568
PO59 1CS,South East,1,216183.9,36.852
BT16 1NV,Northern Ireland,1,216130.86,12.284
LN16 7SC,East Midlands,1,215866.11,12.282
RH14 2NK,South East,1,215758.69,12.282
CH77 1CK,North West,1,215542.86,12.281
DL82 4DC,North East,1,215531.68,12.281
PO66 5BX,South East,1,215462.76,24.561
BT94 6EY,Northern Ireland,1,215457.77,12.281
BA97 7SF,South West,1,215395.15,12.28
E31 6CE,Greater London,1,215371.69,24.56
TR79 6SJ,South West,1,215338.88,12.28
PL23 4RR,South West,1,215306.13,12.28
BH54 5AU,South West,1,215304.42,12.28
NN71 3RW,East Midlands,1,215259.74,12.28
GL61 4MW,South West,1,215255.22,12.28
BT58 8UM,Northern Ireland,1,215199.51,12.279
G82 3CT,Scotland,1,215151.53,49.116
LL59 2MT,Wales,1,214911.36,24.556
SO75 5RH,South East,1,214909.28,24.556
LS20 6AD,Yorkshire and the Humber,1,214815.38,36.833
CF33 4CM,Wales,1,214703.4,36.831
SW76 5UU,Greater London,1,214679.43,12.277
N17 1WY,Greater London,1,214668.69,36.831
SE76 6TR,Greater London,1,214635.04,12.277
RH1 3KD,South East,1,214628.11,24.553
CM28 2SK,East of England,1,214596.64,24.553
HD22 7AA,Yorkshire and the Humber,1,214535.92,12.276
SE86 8HG,Greater London,1,214450.92,12.276
EC61 8NE,Greater London,1,214424.76,12.276
SE83 3EN,Greater London,1,214313.38,36.826
G43 3HY,Scotland,1,214239.31,36.825
IP39 6SY,East of England,1,214217.45,12.275
LE2 5SU,East Midlands,1,214205.37,12.275
BB53 2DH,North West,1,214045.98,12.274
PO92 2GE,South East,1,214034.3,12.274
RG44 4EB,South East,1,214026.99,12.274
M16 8YS,North West,1,213942.94,49.094
SW47 4BX,Greater London,1,213921.02,36.82
EC72 3RZ,Greater London,1,213891.73,24.546
LU71 2BH,East of England,1,213807.5,24.546
GU96 3UY,South East,1,213776.43,36.818
E56 7XX,Greater London,1,213767.68,18.409
S8 7TU,Yorkshire and the Humber,1,213656.41,24.544
SA79 6KA,Wales,1,213649.74,24.544
LE69 1NA,East Midlands,1,213627.57,24.544
DE48 1XU,East Midlands,1,213465.65,24.542
BS89 1NT,South West,1,213433.68,24.542
SO28 2FE,South East,1,213414.71,12.271
NW31 7GZ,Greater London,1,213398.02,24.542
W92 8GY,Greater London,1,213360.46,24.541
WC93 4SY,Greater London,1,213240.97,12.27
WC15 7EH,Greater London,1,213205.43,36.81
SE95 8YT,Greater London,1,213189.36,24.54
PR42 2AW,North West,1,213176.9,49.08
CF93 7DE,Wales,1,213168.19,12.27
WC37 3YE,Greater London,1,213133.45,12.27
CM44 8CF,East of England,1,213094.78,12.269
SW37 4DY,Greater London,1,212907.49,12.269
EX62 1DN,South West,1,212893.45,24.537
NW70 1YB,Greater London,1,212876.9,49.074
RH8 6HP,South East,1,212854.22,12.268
G11 7PN,Scotland,1,212822.73,12.268
BB59 2WU,North West,1,212800.31,12.268
HD40 5JH,Yorkshire and the Humber,1,212769.1,12.268
CB87 1FK,East of England,1,212750.93,12.268
L53 5YS,North West,1,212745.0,24.536
PL75 6GS,South West,1,212725.55,49.071
BS78 5DK,South West,1,212527.14,24.534
B56 2RX,West Midlands,1,212379.27,12.266
BN47 6GK,South East,1,212378.96,36.798
BT89 3KU,Northern Ireland,1,212378.48,24.532
CB25 3NR,East of England,1,212229.88,12.265
LS73 3YU,Yorkshire and the Humber,1,212205.92,36.796
W8 7UV,Greater London,1,212179.99,12.265
BB94 7FY,North West,1,212119.15,12.265
EX95 6EP,South West,1,212084.87,36.794
CF3 3RH,Wales,1,212033.43,12.265
TS25 7RP,North East,1,212016.36,24.529
LS61 7JZ,Yorkshire and the Humber,1,211944.94,24.528
PO36 7BW,South East,1,211923.0,24.528
WS14 2AZ,West Midlands,1,211763.63,36.79
GU34 4XH,South East,1,211730.83,12.263
AB45 8TE,Scotland,1,211682.17,12.263
BB19 1NX,North West,1,211649.84,24.525
AL98 4NG,East of England,1,211566.86,12.262
W17 8XJ,Greater London,1,211522.43,36.786
L14 4ZY,North West,1,211424.45,12.262
ST2 4MH,West Midlands,1,211337.35,12.261
RG57 7TF,South East,1,211273.25,24.522
BH96 6ST,South West,1,211269.96,24.522
CV7 1RE,West Midlands,1,211147.25,36.781
GL61 3XY,South West,1,211108.88,12.26
WN83 6WY,North West,1,211016.04,12.26
NW57 1DV,Greater London,1,211004.02,24.519
ST44 7TE,West Midlands,1,210819.69,24.518
DL69 4NX,North East,1,210759.44,36.775
AB17 3EN,Scotland,1,210758.54,24.517
SW17 1GW,Greater London,1,210533.34,12.257
HU60 1FJ,Yorkshire and the Humber,1,210519.37,12.257
CF21 5WZ,Wales,1,210497.62,12.257
SO48 2MV,South East,1,210465.74,12.257
L49 6EE,North West,1,210439.7,12.257
OX23 4EX,South East,1,210415.75,36.771
LU44 4RT,East of England,1,210383.69,12.257
WS5 6GM,West Midlands,1,210361.14,36.77
LE88 5SH,East Midlands,1,210290.82,24.513
BA55 1DS,South West,1,210286.1,12.256
BD40 2CY,Yorkshire and the Humber,1,210230.13,12.256
SW92 3KW,Greater London,1,210198.25,12.256
SW4 7ZS,Greater London,1,210155.52,36.767
W50 7NK,Greater London,1,210105.66,24.511
HD69 6YH,Yorkshire and the Humber,1,210099.06,12.255
LU58 8ZE,East of England,1,210046.5,14.706
AL35 8ZD,East of England,1,209947.48,24.509
SO10 7WC,South East,1,209870.87,12.254
DY30 8UK,West Midlands,1,209869.63,12.254
WA93 2TR,North West,1,209860.48,12.254
GU41 2YE,South East,1,209810.49,24.508
E57 5AH,Greater London,1,209722.6,36.761
ST63 5RE,West Midlands,1,209619.76,12.253
B19 6DN,West Midlands,1,209617.34,12.253
SE23 5GG,Greater London,1,209594.37,12.253
IV4 8EH,Scotland,1,209582.91,12.253
EX86 8FC,South West,1,209486.84,12.252
IV71 8YM,Scotland,1,209477.54,24.505
SO73 3UV,South East,1,209470.99,12.252
NW73 1SV,Greater London,1,209427.64,49.009
AL79 7WB,East of England,1,209197.17,24.502
AB81 6CC,Scotland,1,209064.2,12.25
EC30 7NF,Greater London,1,209061.7,49.002
CB33 6BC,East of England,1,209045.22,24.501
WV45 5EP,West Midlands,1,209036.38,12.25
EC48 6WG,Greater London,1,209019.66,49.001
WA51 7FB,North West,1,209019.4,36.751
E80 3HY,Greater London,1,208945.06,12.25
IV42 6YX,Scotland,1,208863.97,24.499
CV41 3FU,West Midlands,1,208834.84,12.249
GU16 5JV,South East,1,208824.54,36.748
CH69 2BZ,North West,1,208674.26,36.746
BB42 1DZ,North West,1,208651.7,12.248
NR68 5ZW,East of England,1,208564.65,36.744
BL81 2RB,North West,1,208510.76,24.496
E97 3GR,Greater London,1,208131.85,15.92
BB76 4EP,North West,1,208086.26,36.737
RH46 3EZ,South East,1,208046.85,24.491
BN16 5TC,South East,1,207853.53,36.734
E45 8CM,Greater London,1,207852.51,36.734
N84 7CJ,Greater London,1,207728.71,24.488
RG57 7JB,South East,1,207722.86,12.244
AB8 6RX,Scotland,1,207664.92,12.244
DN7 5YG,Yorkshire and the Humber,1,207596.44,36.73
BN77 2YG,South East,1,207587.5,48.973
IV97 6GF,Scotland,1,207569.9,12.243
NN36 4PK,East Midlands,1,207561.59,12.243
SY7 6HC,Wales,1,207450.48,12.243
CV52 2FD,West Midlands,1,207417.95,24.485
CH50 5YE,North West,1,207388.66,48.969
N25 7NE,Greater London,1,207210.04,24.483
EC88 4YV,Greater London,1,207141.62,36.723
PL75 5VD,South West,1,207136.88,48.965
NG82 5KA,East Midlands,1,207136.15,12.241
EH47 4BN,Scotland,1,207133.63,24.482
BB89 8BH,North West,1,207095.94,24.482
N70 6ZW,Greater London,1,207038.11,24.481
EH4 6KR,Scotland,1,206962.67,44.065
L53 6ZT,North West,1,206937.59,12.24
OX93 5FZ,South East,1,206887.98,12.24
RG18 2WR,South East,1,206868.19,24.48
HD54 5GM,Yorkshire and the Humber,1,206751.72,12.239
ST6 6TU,West Midlands,1,206686.81,12.239
DE35 7NT,East Midlands,1,206652.79,12.239
SY87 7CR,Wales,1,206640.21,12.239
LN66 8VA,East Midlands,1,206623.45,12.239
CV64 8JN,West Midlands,1,206543.09,12.238
WS46 4MU,West Midlands,1,206481.78,36.714
N82 5AS,Greater London,1,206428.88,24.475
HU42 5DM,Yorkshire and the Humber,1,206269.41,12.237
WA22 3PC,North West,1,206250.77,12.237
B55 2XW,West Midlands,1,206146.11,24.473
LU95 8BF,East of England,1,206136.42,24.473
HU88 6AP,Yorkshire and the Humber,1,206051.28,12.236
WA12 1TM,North West,1,205988.4,12.236
WN98 8KV,North West,1,205938.39,12.235
E27 2BX,Greater London,1,205841.9,36.705
GU86 7WS,South East,1,205743.96,12.234
SE55 7EH,Greater London,1,205742.51,24.469
EX68 4VJ,South West,1,205724.62,24.469
PO67 1KG,South East,1,205620.24,12.234
CB3 7YW,East of England,1,205616.18,12.234
DY44 7DD,West Midlands,1,205595.37,36.701
SO74 3CG,South East,1,205527.26,12.233
CV37 1PC,West Midlands,1,205525.97,24.467
E89 1DZ,Greater London,1,205456.61,24.466
IV25 5WE,Scotland,1,205288.21,12.232
SY53 4EM,Wales,1,205264.06,36.696
RH39 1MX,South East,1,205233.15,24.464
LD64 8AN,Wales,1,205171.58,24.463
NW51 6YU,Greater London,1,205165.94,13.455
G79 3AF,Scotland,1,205077.97,12.231
DN17 6WT,Yorkshire and the Humber,1,205000.32,24.462
SE51 1JE,Greater London,1,204863.84,24.46
N44 6BE,Greater London,1,204862.75,31.798
WS22 7UK,West Midlands,1,204667.56,24.458
NN3 8HW,East Midlands,1,204664.6,12.229
W8 8DB,Greater London,1,204616.88,24.458
NG11 3XW,East Midlands,1,204567.34,12.229
E83 8XK,Greater London,1,204543.21,36.686
WC91 7TG,Greater London,1,204474.38,12.228
YO55 8AB,Yorkshire and the Humber,1,204469.08,24.456
G33 1RT,Scotland,1,204465.82,12.228
SA16 4VF,Wales,1,204462.76,12.228
B84 4WW,West Midlands,1,204454.31,24.456
W43 5MJ,Greater London,1,204406.59,12.228
L37 1GA,North West,1,204388.72,12.228
WC22 1DY,Greater London,1,204184.01,12.227
NW9 5KN,Greater London,1,204105.67,36.679
BD34 4CR,Yorkshire and the Humber,1,204099.94,12.226
PO84 7YF,South East,1,204026.87,12.226
RG67 6ZP,South East,1,203932.4,24.451
BL97 6RD,North West,1,203929.01,12.226
NG59 2RM,East Midlands,1,203862.82,24.45
CH61 6HS,North West,1,203841.66,24.45
BT60 7ED,Northern Ireland,1,203810.49,24.45
BB26 5JD,North West,1,203689.35,48.897
HU39 2AY,Yorkshire and the Humber,1,203618.0,18.336
GU39 8SZ,South East,1,203561.43,12.224
N77 8XE,Greater London,1,203550.9,24.447
EX79 5YH,South West,1,203452.39,12.223
DN14 1ZY,Yorkshire and the Humber,1,203438.77,48.893
LD87 2FG,Wales,1,203436.71,12.223
BN70 2XW,South East,1,203310.72,24.445
EC84 7MT,Greater London,1,203282.23,24.445
SY33 2CR,Wales,1,203241.27,12.222
SW85 1SX,Greater London,1,203174.39,12.222
EC73 8ZP,Greater London,1,203131.27,36.665
BB13 7AW,North West,1,203087.23,36.664
AL28 8HF,East of England,1,203077.07,24.443
M72 4VW,North West,1,203053.01,48.885
CM62 5VM,East of England,1,202835.79,24.44
ST71 8YR,West Midlands,1,202742.56,36.659
EH89 3NE,Scotland,1,202655.4,12.219
PL90 1JV,South West,1,202523.68,12.219
IP26 1DZ,East of England,1,202484.72,24.437
LL82 7DV,Wales,1,202441.5,12.218
SE47 7DX,Greater London,1,202428.91,24.436
CH72 6ZG,North West,1,202418.75,24.436
N3 7TF,Greater London,1,202360.36,24.436
L51 3MK,North West,1,202292.62,12.217
N91 6MT,Greater London,1,202203.47,24.434
BB12 2GC,North West,1,202170.76,24.434
L83 1FF,North West,1,202134.61,12.217
RG56 2AS,South East,1,202129.21,12.217
SO20 3UP,South East,1,202001.32,12.216
NN54 1FY,East Midlands,1,201985.69,36.648
LS96 7VH,Yorkshire and the Humber,1,201937.6,12.216
N56 6EV,Greater London,1,201936.17,24.431
WC74 6DN,Greater London,1,201870.34,24.431
PR77 1EA,North West,1,201817.45,12.215
RG88 3PB,South East,1,201809.67,12.215
SW62 8ZA,Greater London,1,201759.78,12.215
WN70 3UU,North West,1,201677.65,24.429
L27 7MH,North West,1,201649.5,12.214
CO53 2HF,East of England,1,201592.35,36.642
RH44 8EV,South East,1,201547.13,36.641
SA63 2NG,Wales,1,201479.6,14.656
BS48 8UN,South West,1,201404.64,24.426
LS45 6DS,Yorkshire and the Humber,1,201396.19,36.639
ST94 4BA,West Midlands,1,201271.6,36.637
SO5 4JH,South East,1,201146.25,24.424
GU78 8RR,South East,1,201115.75,24.423
ST39 1PH,West Midlands,1,201018.74,12.211
B15 3ZC,West Midlands,1,200934.95,12.211
CB11 7HD,East of England,1,200899.27,12.211
CF15 6CX,Wales,1,200843.89,12.21
S51 6RS,Yorkshire and the Humber,1,200821.43,12.21
TS34 2FH,North East,1,200729.85,36.629
RH65 4BH,South East,1,200629.56,12.209
SO93 7WE,South East,1,200622.47,12.209
LU10 8UK,East of England,1,200544.86,12.209
SE46 3ZU,Greater London,1,200528.04,24.417
WA39 1WX,North West,1,200524.6,24.417
HG85 2BK,Yorkshire and the Humber,1,200517.48,36.626
ST49 2SR,West Midlands,1,200508.35,12.209
BH6 5YC,South West,1,200478.5,26.859
W48 7DW,Greater London,1,200409.71,12.208
DE44 8CZ,East Midlands,1,200382.11,24.416
YO42 2ZC,Yorkshire and the Humber,1,200361.28,24.416
PO5 6KM,South East,1,200336.01,24.416
N73 5AU,Greater London,1,200138.48,36.62
SY11 4SV,Wales,1,200135.87,12.207
RG58 3DR,South East,1,200091.07,36.62
BL12 7CW,North West,1,200080.03,47.605
G76 6BD,Scotland,1,200078.25,24.413
E10 8KZ,Greater London,1,200020.47,36.619
YO64 3RA,Yorkshire and the Humber,1,199996.58,12.206
BB86 6XS,North West,1,199888.52,24.411
HU1 5JP,Yorkshire and the Humber,1,199834.9,12.205
SW93 1XB,Greater London,1,199823.91,24.41
RG50 5WS,South East,1,199773.81,36.615
BT53 7KS,Northern Ireland,1,199649.98,12.204
W53 1ZG,Greater London,1,199487.26,12.204
IV21 6VU,Scotland,1,199487.11,24.407
SW32 3FK,Greater London,1,199470.24,12.203
WN45 7FA,North West,1,199410.4,36.609
W77 5NU,Greater London,1,199374.15,12.203
LS39 1AV,Yorkshire and the Humber,1,199286.32,24.405
ST66 8RY,West Midlands,1,199278.26,47.59
N6 4RD,Greater London,1,199256.56,14.643
E20 7RJ,Greater London,1,199237.61,24.405
BA19 3GC,South West,1,198939.06,24.402
M84 2VS,North West,1,198894.35,12.201
LE8 1KH,East Midlands,1,198887.48,24.401
ST93 1SK,West Midlands,1,198754.89,12.2
WC34 6RW,Greater London,1,198739.43,24.4
IP17 3RN,East of England,1,198488.31,12.198
LN28 4FA,East Midlands,1,198412.15,36.594
PA18 2DX,Scotland,1,198371.54,36.594
BT75 8WW,Northern Ireland,1,198341.24,12.198
DE85 1UD,East Midlands,1,198132.15,24.393
BL89 7YC,North West,1,197897.13,36.587
CH21 3CF,North West,1,197733.34,36.584
LL32 5FC,Wales,1,197519.26,12.194
BT73 4VW,Northern Ireland,1,197514.51,12.194
RH98 2WB,South East,1,197466.5,36.58
LU22 2MF,East of England,1,197260.49,12.192
IV47 8DS,Scotland,1,197256.22,48.769
SW4 2YW,Greater London,1,197159.15,36.575
YO79 7JA,Yorkshire and the Humber,1,197148.72,36.575
BT65 5DJ,Northern Ireland,1,197117.65,36.575
SE64 2YC,Greater London,1,197032.93,48.765
PR58 8VA,North West,1,196992.71,12.191
RH55 3TT,South East,1,196864.36,24.381
PR77 6DH,North West,1,196787.78,12.19
E91 4MP,Greater London,1,196720.24,24.379
EC36 5ME,Greater London,1,196547.3,24.377
BT45 2HP,Northern Ireland,1,196465.44,12.188
DY96 6XE,West Midlands,1,196341.76,24.375
SA16 5BA,Wales,1,196162.38,12.187
SE92 1HF,Greater London,1,196156.9,12.187
NE26 3SR,North East,1,196146.73,24.373
DD54 6NW,Scotland,1,196055.0,36.558
N43 7ZU,Greater London,1,196028.63,12.186
PR31 8TS,North West,1,195989.03,12.186
DD29 6UM,Scotland,1,195920.87,24.371
BL86 7RC,North West,1,195902.25,24.371
WS20 8PT,West Midlands,1,195888.3,24.371
LE49 7SP,East Midlands,1,195874.51,36.556
RG54 7KY,South East,1,195862.65,12.185
W57 3DD,Greater London,1,195787.36,48.739
SW49 8DH,Greater London,1,195700.28,12.184
WA84 1EN,North West,1,195687.65,12.184
M80 5MZ,North West,1,195537.2,12.184
BT58 3EX,Northern Ireland,1,195386.33,36.548
SY66 4RD,Wales,1,195237.41,12.182
WA16 3PP,North West,1,195138.46,24.363
HU65 5ZM,Yorkshire and the Humber,1,195090.72,12.181
ST5 6ZN,West Midlands,1,195041.15,12.181
BD30 6CS,Yorkshire and the Humber,1,195038.88,36.543
GU98 4RF,South East,1,194991.29,24.361
NW63 6NJ,Greater London,1,194964.92,24.361
PL93 4GT,South West,1,194963.01,48.722
LE98 4YK,East Midlands,1,194955.9,36.542
DE46 1CJ,East Midlands,1,194941.17,24.361
BA2 8FR,South West,1,194933.69,36.541
EC62 6SA,Greater London,1,194764.95,12.18
SW77 3KP,Greater London,1,194752.82,48.718
AB2 4DY,Scotland,1,194744.95,24.359
ST87 5RK,West Midlands,1,194679.26,12.179
W10 2SF,Greater London,1,194610.97,12.179
EC49 3JW,Greater London,1,194595.94,36.536
SW95 4VP,Greater London,1,194505.55,24.356
W83 6TY,Greater London,1,194476.73,24.356
EC19 7YF,Greater London,1,194453.77,24.356
N61 4VM,Greater London,1,194419.54,12.178
YO65 1EG,Yorkshire and the Humber,1,194345.46,24.355
WS35 3HS,West Midlands,1,194341.78,24.355
CV35 1AA,West Midlands,1,194308.06,12.177
CM29 4BM,East of England,1,194248.27,36.531
BT80 3FW,Northern Ireland,1,194221.15,24.354
CO18 6VY,East of England,1,194193.09,24.353
DD13 3YX,Scotland,1,194145.25,48.705
L69 2DE,North West,1,194068.49,48.704
IP54 7EU,East of England,1,194061.36,48.704
OX68 5BB,South East,1,194024.03,12.176
DN33 3JD,Yorkshire and the Humber,1,193981.37,36.527
DD20 5PX,Scotland,1,193952.01,12.175
NW95 1SS,Greater London,1,193919.7,48.701
DN54 7DV,Yorkshire and the Humber,1,193892.48,48.7
DN13 5ES,Yorkshire and the Humber,1,193832.32,12.175
SO77 3SA,South East,1,193759.54,12.174
PL22 6YJ,South West,1,193588.04,48.694
S8 7WX,Yorkshire and the Humber,1,193483.77,12.173
WV71 3BB,West Midlands,1,193457.54,36.518
BT53 3UB,Northern Ireland,1,193453.95,36.518
N32 7GB,Greater London,1,193367.55,24.345
CO17 4XN,East of England,1,193263.15,12.172
BD29 4RV,Yorkshire and the Humber,1,193233.23,12.172
BT5 4ZB,Northern Ireland,1,193207.16,12.172
PR65 4DM,North West,1,193204.1,12.172
BH65 6AG,South West,1,193125.95,12.171
OX80 2BS,South East,1,193123.8,24.342
GU53 1TC,South East,1,193095.43,24.342
SE72 6XB,Greater London,1,193088.52,48.684
CF78 4ZN,Wales,1,193042.25,12.171
PR54 8HU,North West,1,192911.64,36.51
NN23 5FM,East Midlands,1,192834.12,12.17
BN76 1EB,South East,1,192738.81,24.338
LN15 8VD,East Midlands,1,192651.78,12.169
WC77 5XW,Greater London,1,192637.2,24.337
HU24 2VK,Yorkshire and the Humber,1,192541.7,12.168
HD93 8ZN,Yorkshire and the Humber,1,192505.04,48.672
SW61 6AE,Greater London,1,192492.51,12.168
LD39 8SD,Wales,1,192489.45,12.168
HD53 5XT,Yorkshire and the Humber,1,192476.05,36.503
NR29 2MH,East of England,1,192403.53,36.502
LN5 1HW,East Midlands,1,192188.9,24.332
G56 6SD,Scotland,1,192148.51,12.166
BN62 1YD,South East,1,192086.64,24.331
M34 7GH,North West,1,192030.4,24.331
CV90 2YF,West Midlands,1,192014.36,12.165
RG43 7AE,South East,1,191972.94,12.165
DD41 7JJ,Scotland,1,191966.89,24.33
PO27 8PE,South East,1,191928.64,24.33
LN50 1KP,East Midlands,1,191884.54,24.329
RH15 4UN,South East,1,191871.65,48.658
IP98 3JN,East of England,1,191789.47,12.164
AL95 2RU,East of England,1,191666.07,24.327
WN91 3YU,North West,1,191586.36,36.489
W83 3VP,Greater London,1,191538.06,24.326
SE31 8VA,Greater London,1,191501.74,12.163
BA5 6BM,South West,1,191344.4,24.324
RG11 7ED,South East,1,191178.44,12.161
BB29 5TK,North West,1,191165.23,12.161
EC81 5ZJ,Greater London,1,191144.84,24.322
LL88 5VF,Wales,1,190948.09,12.16
SE43 2PN,Greater London,1,190917.05,12.16
PO69 4JC,South East,1,190915.78,12.16
PR18 8PU,North West,1,190836.09,36.478
PR78 8DB,North West,1,190833.8,36.477
SO66 6SF,South East,1,190780.3,24.318
NW85 1GZ,Greater London,1,190711.2,24.317
WN98 5ST,North West,1,190578.05,12.158
YO85 4FY,Yorkshire and the Humber,1,190537.59,48.63
SO56 5PP,South East,1,190495.03,24.315
SE49 2AX,Greater London,1,190486.72,24.315
N89 6WA,Greater London,1,190437.09,24.314
BB41 7TP,North West,1,190416.1,24.314
NP89 4AY,Wales,1,190412.0,24.314
RG9 2FV,South East,1,190395.91,12.157
YO61 8KA,Yorkshire and the Humber,1,190351.15,48.627
NW24 3JG,Greater London,1,190324.03,24.313
EX33 2MB,South West,1,190272.85,12.156
CV33 5FX,West Midlands,1,190206.5,12.156
L5 3NC,North West,1,190200.1,24.312
CV54 1EB,West Midlands,1,190027.13,48.62
BN58 2YV,South East,1,190007.85,36.464
LU25 6CG,East of England,1,189960.61,36.464
WV6 5WZ,West Midlands,1,189834.94,12.154
LE45 3ZH,East Midlands,1,189793.39,12.154
GL91 8NC,South West,1,189769.25,12.154
EH20 5PT,Scotland,1,189669.57,12.153
PO54 2TB,South East,1,189656.55,36.459
PL35 5GB,South West,1,189626.58,12.153
CO37 6MS,East of England,1,189600.88,12.153
BN60 5FH,South East,1,189588.29,47.395
B58 6DA,West Midlands,1,189553.69,12.152
CM16 5UN,East of England,1,189550.77,36.457
B46 4HZ,West Midlands,1,189533.64,24.305
WV55 3UK,West Midlands,1,189375.92,36.454
SW53 7DN,Greater London,1,189369.23,36.454
CV91 4AA,West Midlands,1,189346.69,36.454
BH28 8HS,South West,1,189304.51,36.453
LS40 6JN,Yorkshire and the Humber,1,189216.64,24.301
IP73 6GK,East of England,1,189133.61,24.3
WC97 3RM,Greater London,1,189087.3,24.3
LD72 1PY,Wales,1,189087.28,36.45
E37 4XF,Greater London,1,189037.96,36.449
OX87 2EF,South East,1,188877.94,36.447
N10 3XK,Greater London,1,188732.82,24.296
SR39 4YC,North East,1,188683.8,12.148
NN75 5ZY,East Midlands,1,188557.14,48.589
RG9 3TT,South East,1,188536.06,24.294
DH85 3NE,North East,1,188454.3,36.44
LL3 2VW,Wales,1,188400.1,24.293
LD56 8ZX,Wales,1,188339.01,12.146
E16 6ER,Greater London,1,188287.58,24.291
GU56 6MC,South East,1,188259.71,12.146
PL57 7FS,South West,1,188238.41,24.291
RH48 4ND,South East,1,188216.68,36.436
PO85 1RN,South East,1,188138.05,12.145
EC67 1XV,Greater London,1,187976.83,36.432
DD37 1TN,Scotland,1,187840.49,36.43
IP63 1TE,East of England,1,187769.0,24.286
GU46 6HK,South East,1,187725.33,12.143
DH97 3EX,North East,1,187672.19,12.142
HU93 7DE,Yorkshire and the Humber,1,187547.21,24.284
WC33 3SZ,Greater London,1,187531.56,48.567
SW53 5JN,Greater London,1,187483.43,36.424
AL97 1FW,East of England,1,187480.75,12.141
HG50 1KN,Yorkshire and the Humber,1,187444.83,24.282
N36 4DJ,Greater London,1,187342.54,36.422
EH81 2HX,Scotland,1,187304.51,12.14
OX89 7FM,South East,1,187267.54,24.281
PA6 1TY,Scotland,1,187238.03,36.42
BT48 5WR,Northern Ireland,1,187231.23,12.14
BH79 3CJ,South West,1,187204.08,24.28
M31 8RT,North West,1,187197.59,36.42
EC91 2CH,Greater London,1,187184.12,24.28
E56 5VF,Greater London,1,187149.24,12.14
WA77 2ZC,North West,1,187144.28,24.279
NN13 4KH,East Midlands,1,187136.86,36.419
OX98 4DV,South East,1,187097.74,24.279
SO98 6MA,South East,1,187043.52,12.139
PO97 1RF,South East,1,186994.75,12.139
SW28 1AN,Greater London,1,186975.21,24.277
RG22 5EJ,South East,1,186955.48,24.277
HD10 2DJ,Yorkshire and the Humber,1,186914.72,12.138
E94 2MY,Greater London,1,186750.65,12.138
LE79 8YB,East Midlands,1,186490.58,24.272
BT72 2BE,Northern Ireland,1,186381.16,12.136
SW78 7SK,Greater London,1,186286.41,12.135
EC96 6GK,Greater London,1,186272.76,48.54
NN87 7SC,East Midlands,1,186138.22,12.134
EC80 1MD,Greater London,1,186118.2,12.134
WC77 6AE,Greater London,1,186072.0,24.268
ST44 6XH,West Midlands,1,186035.64,24.267
LL63 3AY,Wales,1,186015.63,12.134
HD72 2CR,Yorkshire and the Humber,1,185987.71,12.133
WC84 8ZW,Greater London,1,185896.66,12.133
HD85 5ZZ,Yorkshire and the Humber,1,185862.04,36.398
AB58 6GZ,Scotland,1,185837.51,36.398
LS39 5GG,Yorkshire and the Humber,1,185764.54,36.397
AB31 2VM,Scotland,1,185743.64,12.132
WS49 8YH,West Midlands,1,185660.84,12.132
SW58 4AD,Greater London,1,185608.11,36.394
W53 5NE,Greater London,1,185526.23,24.262
LE69 1ZG,East Midlands,1,185482.19,36.392
OX12 1XF,South East,1,185465.24,24.261
IP3 4JX,East of England,1,185333.61,12.13
WA33 5GC,North West,1,185255.57,12.129
DD56 2KD,Scotland,1,184996.96,12.128
WN58 3MG,North West,1,184944.55,12.128
LN72 7TY,East Midlands,1,184900.3,24.255
CV18 1EH,West Midlands,1,184877.94,12.127
EX34 6PZ,South West,1,184762.81,48.507
LL6 4TA,Wales,1,184660.33,48.505
GU91 1VK,South East,1,184627.18,36.378
HG36 6FG,Yorkshire and the Humber,1,184532.88,36.377
HU24 6PC,Yorkshire and the Humber,1,184420.0,12.125
PO86 2TF,South East,1,184311.63,24.249
NW30 1HN,Greater London,1,184211.53,48.495
N11 1RU,Greater London,1,184130.09,36.37
RG5 4AH,South East,1,184100.39,12.123
BA75 3SF,South West,1,184046.12,12.123
BD52 1CP,Yorkshire and the Humber,1,184020.01,12.123
CH67 3RB,North West,1,183997.25,12.123
DY64 5JA,West Midlands,1,183994.26,24.245
EC56 8TY,Greater London,1,183932.43,24.245
N41 6SJ,Greater London,1,183904.93,24.244
EC96 2FD,Greater London,1,183887.73,36.366
NP45 3MA,Wales,1,183811.33,12.122
DN44 4NK,Yorkshire and the Humber,1,183661.26,12.121
LS15 8MH,Yorkshire and the Humber,1,183611.15,24.241
LE35 7RS,East Midlands,1,183481.42,12.12
DD16 4BZ,Scotland,1,183434.46,12.12
S20 3DN,Yorkshire and the Humber,1,183371.28,36.358
N20 6DH,Greater London,1,183343.66,12.119
SY34 8BU,Wales,1,183252.53,24.237
SE95 5RZ,Greater London,1,183171.54,24.236
SR6 1NT,North East,1,183167.91,12.118
PR96 2BX,North West,1,183160.14,24.236
LL32 4SZ,Wales,1,183053.31,24.235
W70 6KW,Greater London,1,183010.12,24.235
LN3 3XA,East Midlands,1,182916.35,24.234
NR52 6GB,East of England,1,182913.02,24.234
TR14 8HW,South West,1,182848.37,24.233
SW31 1RV,Greater London,1,182827.35,12.116
SW17 6CK,Greater London,1,182777.26,24.232
NW77 8ZY,Greater London,1,182676.44,12.115
EC12 1GV,Greater London,1,182529.92,12.115
WS11 7UC,West Midlands,1,182469.81,24.229
SW85 8AR,Greater London,1,182456.46,36.343
NW65 2WF,Greater London,1,182386.27,12.114
BB77 4EE,North West,1,182324.7,36.341
EX67 4EY,South West,1,182305.86,36.34
PO24 7MK,South East,1,182250.3,12.113
TR97 5EK,South West,1,182129.92,12.112
SW11 4DZ,Greater London,1,181965.17,12.112
SE76 8RA,Greater London,1,181884.6,36.333
E29 3HA,Greater London,1,181883.38,36.333
BH97 5ZY,South West,1,181871.19,24.222
WN60 5AH,North West,1,181649.32,12.11
LU76 4MY,East of England,1,181625.3,12.11
B92 4EH,West Midlands,1,181572.69,12.109
DD84 8JA,Scotland,1,181547.82,12.109
BL90 1RU,North West,1,181481.71,24.218
AL98 5FK,East of England,1,181413.47,24.217
E26 6VX,Greater London,1,181409.33,36.326
WA36 1SG,North West,1,181379.1,24.217
CH48 1BV,North West,1,181207.58,36.322
RG46 4RH,South East,1,181157.11,24.214
EX49 6NV,South West,1,181068.3,12.107
ST30 2TA,West Midlands,1,181060.26,36.32
S28 2RY,Yorkshire and the Humber,1,180659.12,12.104
RH62 5AF,South East,1,180602.31,24.208
BN72 3MB,South East,1,180585.0,48.416
PR39 8JJ,North West,1,180542.72,12.104
DD39 7EH,Scotland,1,180511.87,12.104
LE46 6FG,East Midlands,1,180474.49,24.207
RG31 2ZG,South East,1,180424.32,12.103
G56 4GH,Scotland,1,180385.98,24.206
LL56 5BM,Wales,1,180307.06,12.102
ST16 7ZZ,West Midlands,1,180267.49,24.204
BT64 4PN,Northern Ireland,1,180134.13,12.101
NR84 4MW,East of England,1,180038.41,12.101
CV46 8AX,West Midlands,1,179972.96,12.101
E89 4ZN,Greater London,1,179960.65,48.402
DY49 2CH,West Midlands,1,179951.77,12.1
ST90 7MB,West Midlands,1,179870.77,24.2
GU10 7JF,South East,1,179866.29,24.2
CV80 5FZ,West Midlands,1,179860.12,12.1
NW34 8CD,Greater London,1,179826.97,36.299
SW98 4EZ,Greater London,1,179785.12,36.299
SY47 5UX,Wales,1,179784.57,36.299
WC27 4MK,Greater London,1,179725.79,12.099
BA92 2DK,South West,1,179627.02,12.099
NW28 2DN,Greater London,1,179514.38,12.098
M76 6VA,North West,1,179356.32,12.097
NN92 8BU,East Midlands,1,179317.15,12.097
DD96 8NX,Scotland,1,179272.33,24.193
S96 3KS,Yorkshire and the Humber,1,179246.5,12.097
B41 5RU,West Midlands,1,179152.95,48.384
IP64 1JG,East of England,1,179033.23,48.381
RG11 7DS,South East,1,178903.59,12.095
WN25 4VT,North West,1,178881.9,12.094
CM54 2TM,East of England,1,178838.21,36.283
LU27 8PK,East of England,1,178798.17,24.188
EC29 6DM,Greater London,1,178731.96,24.187
EX78 5RA,South West,1,178707.91,12.094
NN54 2PF,East Midlands,1,178699.3,12.093
AL37 8RD,East of England,1,178671.15,36.28
AB91 2JW,Scotland,1,178645.21,36.279
OX18 6FW,South East,1,178605.88,24.186
LU59 7SY,East of England,1,178507.57,24.185
PR30 2MV,North West,1,178384.92,24.183
BH5 1NC,South West,1,178264.22,36.273
EC36 7YM,Greater London,1,178076.62,12.09
CM28 4WD,East of England,1,178067.03,12.09
CV23 8AA,West Midlands,1,178061.87,36.27
PR3 3WG,North West,1,178055.01,24.18
BS65 8AA,South West,1,178030.56,48.359
LU2 2BU,East of England,1,178007.39,36.269
RH1 6MD,South East,1,177990.16,12.089
BD97 4WR,Yorkshire and the Humber,1,177945.19,12.089
WS2 6BB,West Midlands,1,177863.13,12.089
NG8 3XB,East Midlands,1,177803.52,24.177
HD4 7AM,Yorkshire and the Humber,1,177715.13,48.352
HD64 7YK,Yorkshire and the Humber,1,177695.52,24.176
N88 4YT,Greater London,1,177643.28,24.175
AB47 6ZS,Scotland,1,177517.77,12.087
AL84 2KW,East of England,1,177388.87,12.086
BL53 1EM,North West,1,177339.33,12.086
RG44 3NE,South East,1,177334.0,12.086
SO35 8GZ,South East,1,177186.21,24.17
IP48 2WZ,East of England,1,177033.41,12.084
OX91 4UN,South East,1,177021.57,12.084
CO50 8HP,East of England,1,176969.49,24.167
NN88 3JC,East Midlands,1,176864.46,24.166
TS41 2GS,North East,1,176821.42,12.083
WS60 6DZ,West Midlands,1,176576.49,24.163
BD67 3CR,Yorkshire and the Humber,1,176513.76,12.081
BS30 5AD,South West,1,176491.39,12.081
NW34 7XD,Greater London,1,176452.26,12.081
EC16 3NH,Greater London,1,176376.2,12.08
WV20 1EY,West Midlands,1,176374.65,24.161
OX50 4TM,South East,1,176307.22,24.16
EC4 1GT,Greater London,1,176209.62,24.159
SE17 1BB,Greater London,1,176175.32,24.158
DY57 8XD,West Midlands,1,176173.93,12.079
LL60 7HE,Wales,1,176048.43,24.157
N46 2YU,Greater London,1,175956.27,12.078
SW53 3EY,Greater London,1,175925.75,12.078
CO75 8UA,East of England,1,175845.3,24.155
HD27 6EN,Yorkshire and the Humber,1,175751.32,36.23
IV17 7DV,Scotland,1,175732.08,24.153
W35 3TE,Greater London,1,175596.17,12.076
SW58 6AW,Greater London,1,175589.48,48.304
LU87 2UY,East of England,1,175556.39,12.076
CB28 5AY,East of England,1,175548.6,12.076
DL94 3BN,North East,1,175435.92,24.15
SO26 1KM,South East,1,175417.83,24.15
G13 5ES,Scotland,1,175369.79,24.149
NW87 6VE,Greater London,1,175338.32,12.074
L50 4AR,North West,1,175313.05,12.074
PL22 8ZT,South West,1,175310.64,12.074
AB72 3WX,Scotland,1,175305.04,12.074
NR36 1RW,East of England,1,175093.05,24.146
CV15 7VR,West Midlands,1,174959.31,24.145
RH69 8SV,South East,1,174950.36,36.217
BN76 7YB,South East,1,174933.77,48.289
NG21 7MX,East Midlands,1,174862.89,12.072
NG77 4KB,East Midlands,1,174831.28,12.072
WS3 1YJ,West Midlands,1,174732.65,24.142
PL54 4JU,South West,1,174701.39,12.071
RH78 6ZN,South East,1,174692.27,36.212
LD60 3GH,Wales,1,174662.86,24.141
BS65 3DA,South West,1,174633.35,36.211
SE10 3AA,Greater London,1,174478.89,24.139
W93 1ZX,Greater London,1,174403.55,36.207
LU82 2FR,East of England,1,174308.38,12.069
SO2 5VN,South East,1,174294.4,36.206
N36 3SY,Greater London,1,174165.02,12.068
EC78 8CP,Greater London,1,174156.08,24.135
W80 4UF,Greater London,1,174066.98,36.202
BH78 3WB,South West,1,174044.39,24.134
WC48 3BF,Greater London,1,173959.91,24.133
SO81 6AH,South East,1,173817.46,12.066
E36 5TU,Greater London,1,173738.0,24.131
EC70 3CN,Greater London,1,173728.14,12.065
RG37 1AG,South East,1,173502.52,36.192
BN48 1GX,South East,1,173487.99,36.192
DY98 6XV,West Midlands,1,173416.13,24.127
L79 1UZ,North West,1,173405.55,24.127
BH8 7NT,South West,1,173327.46,24.126
CB5 6RB,East of England,1,172794.38,24.12
IV54 5PD,Scotland,1,172744.65,36.179
PA35 1EZ,Scotland,1,172725.81,12.059
RH40 3EK,South East,1,172654.07,48.236
NG90 1JP,East Midlands,1,172611.35,24.118
GU37 7MJ,South East,1,172571.27,36.176
BB55 5CG,North West,1,172530.64,12.058
NP60 7RH,Wales,1,172492.72,24.116
NW89 3AS,Greater London,1,172420.52,36.173
LN83 3FC,East Midlands,1,172388.65,24.115
CB25 6XP,East of England,1,172379.52,36.172
GU82 4BN,South East,1,172356.86,48.229
NN58 3JR,East Midlands,1,172311.7,12.057
WV26 1JH,West Midlands,1,172219.31,12.057
N52 1TA,Greater London,1,172155.37,12.056
PA56 5DM,Scotland,1,172040.36,12.055
RH7 7DN,South East,1,171992.98,24.11
SY21 2KW,Wales,1,171983.72,24.11
OX25 6ZW,South East,1,171941.31,24.11
S39 1PY,Yorkshire and the Humber,1,171924.81,12.055
EX92 5HF,South West,1,171888.8,24.109
ST85 4TA,West Midlands,1,171805.19,12.054
S76 3WR,Yorkshire and the Humber,1,171803.5,36.162
CF55 3GN,Wales,1,171786.88,12.054
CM89 8FJ,East of England,1,171660.09,24.107
EC77 7UX,Greater London,1,171656.56,24.107
EC61 7UZ,Greater London,1,171606.55,48.212
EC14 2KH,Greater London,1,171497.76,12.052
HD25 1CN,Yorkshire and the Humber,1,171467.28,12.052
RG42 1EM,South East,1,171443.96,12.052
CF76 3NP,Wales,1,171387.04,24.103
CB9 7UC,East of England,1,171329.45,24.103
BD53 2KW,Yorkshire and the Humber,1,171275.96,12.051
IV67 4DU,Scotland,1,171251.36,12.051
WA48 8VC,North West,1,171251.24,12.051
WS5 7BH,West Midlands,1,171169.92,12.05
CF28 7DD,Wales,1,171035.29,36.149
EC1 2TR,Greater London,1,171009.9,12.049
W96 8PF,Greater London,1,170992.25,36.148
WV61 3WH,West Midlands,1,170911.95,24.098
DE65 8XD,East Midlands,1,170886.1,12.049
WC8 8SJ,Greater London,1,170850.23,24.097
HG70 7DW,Yorkshire and the Humber,1,170672.27,24.095
W35 7FZ,Greater London,1,170391.45,24.092
NE63 3BB,North East,1,170237.11,12.045
WN60 8UT,North West,1,170197.15,12.045
BL2 1YP,North West,1,170187.32,24.089
NG24 7WK,East Midlands,1,170182.33,12.045
BT30 6AS,Northern Ireland,1,170067.65,48.176
SW39 8HV,Greater London,1,170048.84,12.044
CB78 8PN,East of England,1,169920.38,48.172
PO34 2FN,South East,1,169872.08,24.086
WV43 3TF,West Midlands,1,169836.6,12.043
BN28 8SF,South East,1,169760.35,12.042
LD81 4FW,Wales,1,169757.53,12.042
AB45 7KM,Scotland,1,169725.49,24.084
BN88 8UJ,South East,1,169687.51,48.167
SO95 8GJ,South East,1,169623.59,12.041
SY90 6JN,Wales,1,169550.43,36.123
CH54 4BV,North West,1,169541.35,24.082
BB37 8HB,North West,1,169529.87,12.041
NN82 1EN,East Midlands,1,169511.81,12.041
BN22 7ZK,South East,1,169487.48,24.081
DN20 7BG,Yorkshire and the Humber,1,169402.72,24.08
HD18 5HA,Yorkshire and the Humber,1,169344.63,36.119
TR49 4WS,South West,1,169337.3,12.04
SE85 1BY,Greater London,1,169258.08,12.039
WN31 5CT,North West,1,169237.87,24.078
,East Midlands,1,169194.28,24.078
N28 8NK,Greater London,1,168538.98,12.035
BN69 7AP,South East,1,168535.64,24.07
SE46 7SY,Greater London,1,168476.91,36.104
EC18 8SS,Greater London,1,168425.32,24.069
RG29 5TX,South East,1,168415.08,24.068
WN4 7SP,North West,1,168355.86,12.034
HG35 7KP,Yorkshire and the Humber,1,168330.52,48.135
CB34 5JD,East of England,1,168142.19,12.033
NE9 4DC,North East,1,168108.61,36.097
DN3 6NF,Yorkshire and the Humber,1,168102.6,12.032
S4 2TH,Yorkshire and the Humber,1,167874.22,24.062
LS64 7NX,Yorkshire and the Humber,1,167717.81,12.03
CH5 8HU,North West,1,167577.3,24.058
AB68 7TT,Scotland,1,167562.51,36.087
SE91 4CN,Greater London,1,167461.61,12.029
NE12 5NW,North East,1,167435.37,12.028
SW18 7GD,Greater London,1,167429.13,12.028
NR24 2KD,East of England,1,167275.99,12.027
WV82 5RV,West Midlands,1,167243.18,12.027
W18 5GU,Greater London,1,167053.86,12.026
HD10 8TT,Yorkshire and the Humber,1,167023.45,24.052
OX55 6YU,South East,1,166929.87,36.076
NW93 4RD,Greater London,1,166912.28,15.633
NP51 8HW,Wales,1,166872.89,24.05
LS25 4WC,Yorkshire and the Humber,1,166857.38,12.025
OX34 7XJ,South East,1,166779.77,24.049
BN44 6CS,South East,1,166742.99,12.024
BB93 8MG,North West,1,166694.76,12.024
LD19 2MT,Wales,1,166683.39,24.048
NW10 7CK,Greater London,1,166660.94,12.024
SE1 2TD,Greater London,1,166649.91,12.024
N97 4VJ,Greater London,1,166543.25,24.046
E39 6VR,Greater London,1,166537.89,24.046
DN31 1HY,Yorkshire and the Humber,1,166534.34,36.069
BN11 1TS,South East,1,166422.66,12.022
SO33 2EG,South East,1,166331.4,12.022
SW26 2NH,Greater London,1,166330.03,24.043
BT63 3CA,Northern Ireland,1,166314.85,36.065
LE49 8PJ,East Midlands,1,166228.23,12.021
TR49 4UH,South West,1,166215.95,24.042
G55 8TM,Scotland,1,166113.25,36.061
HG42 1XV,Yorkshire and the Humber,1,165997.62,12.02
L73 7EC,North West,1,165981.17,36.059
SE16 7JX,Greater London,1,165949.64,12.019
SA28 8MR,Wales,1,165878.54,24.038
RG13 1RD,South East,1,165824.85,12.019
BH37 4BT,South West,1,165623.84,36.052
WN45 5HP,North West,1,165608.01,24.035
BT52 2VA,Northern Ireland,1,165601.69,12.017
LN65 3TP,East Midlands,1,165511.57,36.05
IP4 8RY,East of England,1,165453.23,24.033
EX35 4RT,South West,1,165399.72,24.032
WV91 4VY,West Midlands,1,165386.64,12.016
NN76 2UX,East Midlands,1,165333.35,12.016
HU75 8GF,Yorkshire and the Humber,1,165322.22,12.016
DD40 8XZ,Scotland,1,165256.1,48.061
E35 8PD,Greater London,1,165122.19,12.014
EC8 1KX,Greater London,1,165094.39,24.029
CB31 5EB,East of England,1,164967.07,12.014
EC48 1XY,Greater London,1,164890.52,24.026
TS21 5HA,North East,1,164781.27,12.012
TS77 5YM,North East,1,164718.58,24.024
BS26 3BJ,South West,1,164713.62,24.024
NW6 2MY,Greater London,1,164708.08,36.036
SR40 8VJ,North East,1,164678.11,12.012
LN13 3MB,East Midlands,1,164608.63,12.011
DY70 5SV,West Midlands,1,164539.66,36.033
N48 8UT,Greater London,1,164521.55,12.011
CF55 7TM,Wales,1,164462.5,12.01
B11 5MB,West Midlands,1,164381.04,24.02
LD15 1YV,Wales,1,164345.65,36.029
EC12 2CS,Greater London,1,164300.97,48.038
TR67 8KE,South West,1,164242.07,12.009
HU23 8KM,Yorkshire and the Humber,1,164203.55,12.009
OX69 1NN,South East,1,164108.15,36.025
SY45 7VT,Wales,1,163971.61,12.007
DD3 2UT,Scotland,1,163854.16,12.007
E77 6YP,Greater London,1,163817.22,24.013
EH40 4DC,Scotland,1,163802.17,24.013
NN25 7YS,East Midlands,1,163792.92,12.006
SO2 1TC,South East,1,163690.28,12.006
YO11 6SM,Yorkshire and the Humber,1,163651.48,12.006
DH3 3YN,North East,1,163462.45,12.004
NW26 8HH,Greater London,1,163452.09,36.013
HD60 1PM,Yorkshire and the Humber,1,163435.24,24.008
BA56 3SZ,South West,1,163394.96,12.004
SW8 5ZA,Greater London,1,163359.94,12.004
DY17 2DB,West Midlands,1,163358.6,15.605
LD41 2JE,Wales,1,163086.59,12.002
N82 5JR,Greater London,1,162857.59,24.001
SA74 1JS,Wales,1,162842.88,12.001
BB14 1XG,North West,1,162680.24,12.0
PA27 5GE,Scotland,1,162663.28,11.999
EX85 7XU,South West,1,162607.58,11.999
EX92 5XU,South West,1,162566.72,11.999
RH26 7TC,South East,1,162469.84,47.993
IP52 8HC,East of England,1,162313.83,11.997
HU48 6SS,Yorkshire and the Humber,1,162270.57,17.996
CO29 4PM,East of England,1,162163.13,23.993
HU97 7JD,Yorkshire and the Humber,1,162126.98,11.996
SE32 3TT,Greater London,1,162114.16,23.992
DH38 3SG,North East,1,162010.24,23.991
BA77 3DP,South West,1,161986.47,11.995
SO6 1TA,South East,1,161957.14,23.99
DL87 3HR,North East,1,161905.5,11.995
DY73 6FE,West Midlands,1,161905.35,11.995
NW77 1RH,Greater London,1,161890.79,35.984
SW14 3UY,Greater London,1,161879.92,23.989
OX98 5CS,South East,1,161781.95,35.982
NR42 6PA,East of England,1,161733.82,23.987
IV9 5HS,Scotland,1,161683.93,11.993
WV56 6FX,West Midlands,1,161676.49,23.987
EX5 5BM,South West,1,161639.82,11.993
RH89 7YT,South East,1,161323.35,23.982
ST87 1RJ,West Midlands,1,161146.74,23.98
SW65 2GC,Greater London,1,161137.84,23.98
WN44 4MT,North West,1,161043.4,35.968
CB83 3YW,East of England,1,160953.39,47.956
GL98 1BD,South West,1,160910.48,57.545
CV29 7VE,West Midlands,1,160725.54,11.987
PR67 1HR,North West,1,160538.38,11.986
DE47 5MA,East Midlands,1,160535.99,15.582
LU43 5JF,East of England,1,160410.7,23.971
GU83 4FG,South East,1,160174.22,23.968
EH81 6EW,Scotland,1,159847.56,11.982
WC45 4RX,Greater London,1,159837.08,11.982
HG14 1TZ,Yorkshire and the Humber,1,159798.83,23.963
W44 2HU,Greater London,1,159728.62,23.962
DH51 8HD,North East,1,159667.82,11.981
WV25 2MG,West Midlands,1,159617.54,11.981
WC77 5YJ,Greater London,1,159599.8,35.941
PA30 5ZV,Scotland,1,159359.95,11.979
LS98 4FB,Yorkshire and the Humber,1,159153.04,23.955
BB38 1YX,North West,1,159019.06,11.977
NW26 1JS,Greater London,1,158971.1,11.976
E66 4NM,Greater London,1,158962.87,35.929
E76 2SV,Greater London,1,158894.26,23.952
PR86 5HE,North West,1,158850.43,11.976
NW85 5UZ,Greater London,1,158724.19,35.925
WN78 3XF,North West,1,158585.47,11.974
S82 8GR,Yorkshire and the Humber,1,158470.36,11.973
CO39 1EM,East of England,1,158372.4,35.918
CH92 7AT,North West,1,158277.95,11.972
HD53 5JP,Yorkshire and the Humber,1,158259.89,35.916
EC46 4HM,Greater London,1,158194.29,11.972
NW65 2EW,Greater London,1,158181.48,23.943
W81 3VS,Greater London,1,158139.8,23.942
CH85 6NF,North West,1,158087.44,11.971
LL41 2JS,Wales,1,158087.44,11.971
DE61 1EH,East Midlands,1,158027.29,11.971
LN18 6JS,East Midlands,1,157971.7,11.97
LN58 7MT,East Midlands,1,157964.44,11.97
WC7 7DY,Greater London,1,157960.82,23.94
TS46 1YW,North East,1,157931.47,11.97
SE88 8SY,Greater London,1,157840.71,35.908
EC80 5NP,Greater London,1,157759.49,35.906
GU85 5UZ,South East,1,157615.72,11.968
AL38 7JT,East of England,1,157525.0,23.935
W3 3CW,Greater London,1,157510.69,23.935
AL94 7KH,East of England,1,157484.36,23.934
ST77 3TT,West Midlands,1,157474.39,23.934
W93 2XA,Greater London,1,157302.38,35.898
SE69 8XE,Greater London,1,157233.23,11.965
WV98 5SB,West Midlands,1,157197.15,23.931
E10 4UH,Greater London,1,157153.14,11.965
BN17 8SX,South East,1,157101.0,11.965
LU66 7RG,East of England,1,157036.4,23.928
CB81 4XH,East of England,1,156941.44,23.927
B37 4YY,West Midlands,1,156915.81,23.927
AL56 2WC,East of England,1,156910.31,35.89
ST85 3GH,West Midlands,1,156849.13,23.926
DL50 6XV,North East,1,156762.32,23.925
NP8 7YS,Wales,1,156613.66,11.962
BB26 7HE,North West,1,156603.08,11.961
TR43 7WE,South West,1,156565.57,35.884
EC22 7EJ,Greater London,1,156145.46,35.876
EC38 7CK,Greater London,1,156103.78,23.917
IP61 7CG,East of England,1,156103.25,23.917
PO17 8FV,South East,1,156095.93,23.916
SE53 1AY,Greater London,1,156034.67,11.958
EC15 8PA,Greater London,1,156018.22,35.873
E28 4BU,Greater London,1,155966.74,23.915
WC96 8AX,Greater London,1,155844.72,11.957
CH10 8RF,North West,1,155839.54,47.826
E41 1HX,Greater London,1,155805.38,23.913
DN48 1TD,Yorkshire and the Humber,1,155694.77,11.956
WN5 4MY,North West,1,155529.93,23.909
DY70 3BD,West Midlands,1,155449.04,11.954
BH47 6CG,South West,1,155366.07,11.954
L65 8AW,North West,1,155242.52,11.953
RH24 8AS,South East,1,155023.39,47.805
SW1 7JR,Greater London,1,154941.66,23.902
OX38 8MN,South East,1,154907.38,47.802
DE86 3XW,East Midlands,1,154842.81,35.851
L16 2EK,North West,1,154629.89,23.898
L88 5SZ,North West,1,154529.27,35.844
GU75 6UE,South East,1,154417.81,23.895
M64 1RC,North West,1,154243.42,11.946
LE30 1TW,East Midlands,1,154200.06,23.892
PO70 2NH,South East,1,154123.52,11.946
RG65 5HG,South East,1,154096.04,23.891
CV58 2RE,West Midlands,1,154086.88,23.891
ST20 7BW,West Midlands,1,153824.23,11.944
SE33 7FK,Greater London,1,153750.16,23.886
NW59 5XN,Greater London,1,153729.72,11.943
WV24 7YF,West Midlands,1,153598.15,11.942
IP93 6KU,East of England,1,153556.36,11.942
RH78 7SR,South East,1,153316.78,11.94
W8 4RC,Greater London,1,153308.15,23.88
IV87 5UP,Scotland,1,153171.47,23.879
CV65 2CE,West Midlands,1,153170.2,11.939
LE5 2ZB,East Midlands,1,153137.76,11.939
EH37 7GZ,Scotland,1,153077.73,11.939
L8 6WN,North West,1,152996.65,23.876
E24 6CA,Greater London,1,152887.3,35.812
WA6 3ZW,North West,1,152886.92,47.75
IP78 5BD,East of England,1,152694.06,35.809
W15 2BU,Greater London,1,152627.75,35.807
BT45 6FP,Northern Ireland,1,152601.05,23.871
RH61 4AB,South East,1,152510.56,23.87
SW40 6CF,Greater London,1,152488.04,11.935
OX38 1MD,South East,1,152292.88,11.934
LL42 8WA,Wales,1,152253.9,35.8
CB85 5MX,East of England,1,152080.3,11.932
CO71 8CK,East of England,1,152054.71,35.796
PL81 1MZ,South West,1,151983.07,47.726
AL84 4JW,East of England,1,151938.31,31.021
BD66 3FV,Yorkshire and the Humber,1,151907.26,11.931
NP58 1MK,Wales,1,151901.12,35.793
WC10 6HP,Greater London,1,151529.66,23.857
N23 3WF,Greater London,1,151411.76,35.783
TS66 7CX,North East,1,151357.97,11.927
EH70 1KW,Scotland,1,151210.13,11.926
CH91 6NP,North West,1,151135.45,23.852
S51 1UX,Yorkshire and the Humber,1,150949.72,23.849
ST33 6NA,West Midlands,1,150929.87,23.849
PA19 1CP,Scotland,1,150871.07,11.924
NW80 7AH,Greater London,1,150869.29,23.848
DE35 2AN,East Midlands,1,150839.91,23.848
CM63 5EM,East of England,1,150821.68,35.772
RG64 6DA,South East,1,150778.9,23.847
OX24 2ZN,South East,1,150657.78,35.768
M36 6UF,North West,1,150336.74,23.841
YO31 1DW,Yorkshire and the Humber,1,150231.75,23.84
ST98 2MN,West Midlands,1,150196.91,11.92
NW23 6ES,Greater London,1,150170.24,23.839
CF78 3DJ,Wales,1,149847.22,11.917
YO50 7RU,Yorkshire and the Humber,1,149755.17,23.834
CV88 1ZN,West Midlands,1,149680.35,35.749
CV87 1EZ,West Midlands,1,149628.49,11.916
W84 1KV,Greater London,1,149505.21,11.915
EH82 3WX,Scotland,1,149340.47,23.828
SW2 8TW,Greater London,1,149326.06,23.828
IV28 3YC,Scotland,1,149268.35,23.827
E69 3FN,Greater London,1,149014.26,11.912
BA60 4KK,South West,1,149001.11,47.647
CB49 7YK,East of England,1,148962.92,35.734
RG97 6AA,South East,1,148947.4,11.911
NN58 5HS,East Midlands,1,148854.54,23.821
NR34 8XE,East of England,1,148650.72,11.909
TS67 8FH,North East,1,148563.19,11.909
AL11 8UZ,East of England,1,148316.3,47.628
LU38 3WR,East of England,1,148310.12,23.814
NR77 1RV,East of England,1,148276.46,11.907
TR78 7NT,South West,1,148198.83,11.906
DN47 4HY,Yorkshire and the Humber,1,148085.81,11.906
WN13 4SE,North West,1,147992.42,11.905
GU27 4TZ,South East,1,147857.21,23.808
OX75 3WZ,South East,1,147818.44,11.904
BB66 5JJ,North West,1,147773.74,11.903
SO46 2BW,South East,1,147333.23,11.9
LS94 1PB,Yorkshire and the Humber,1,147291.63,11.9
CH10 5WR,North West,1,147280.79,11.9
PA73 7VX,Scotland,1,147280.04,35.7
WC87 6VA,Greater London,1,146904.11,11.898
N37 5CA,Greater London,1,146890.58,35.692
BT55 4TK,Northern Ireland,1,146882.42,35.692
N62 5EA,Greater London,1,146810.4,11.897
NW26 8UN,Greater London,1,146670.21,11.896
CO34 6BV,East of England,1,146631.74,11.896
WV78 3FT,West Midlands,1,146604.84,11.896
SR71 7KP,North East,1,146480.18,11.895
BA73 4HJ,South West,1,146359.17,23.788
CV55 7VU,West Midlands,1,146277.0,23.787
CO18 5DM,East of England,1,146261.34,11.893
DL42 7KW,North East,1,146244.29,23.786
LE73 5BT,East Midlands,1,146191.01,23.785
CO79 2TM,East of England,1,146169.81,23.785
WA53 3FD,North West,1,145871.64,11.89
DL64 5ST,North East,1,145662.7,23.778
WC90 3BV,Greater London,1,145524.41,35.664
LS81 4BK,Yorkshire and the Humber,1,145515.87,11.888
CO46 6PN,East of England,1,145411.76,23.775
E84 6BZ,Greater London,1,145264.67,11.886
ST4 3WD,West Midlands,1,145092.17,23.77
SA49 3WE,Wales,1,144961.75,11.884
BH79 7ZF,South West,1,144871.0,35.651
SW92 7PW,Greater London,1,144835.32,23.767
PO25 6VK,South East,1,144814.04,47.533
BA1 8JP,South West,1,144691.21,23.765
CM30 4BN,East of England,1,144397.15,23.761
DY64 8HU,West Midlands,1,144384.7,11.88
BD79 6BZ,Yorkshire and the Humber,1,144349.26,11.88
EC18 1PZ,Greater London,1,144281.35,11.88
BA78 6PE,South West,1,144240.08,47.517
DN67 5BP,Yorkshire and the Humber,1,144029.69,11.878
OX54 5RK,South East,1,144023.21,11.878
DE10 8VM,East Midlands,1,143997.24,11.878
PA47 2VF,Scotland,1,143978.76,35.632
HD94 4HT,Yorkshire and the Humber,1,143947.44,11.877
OX25 7UM,South East,1,143924.68,11.877
BB92 4GZ,North West,1,143870.71,11.877
DD88 8BR,Scotland,1,143868.66,23.753
DH56 8RG,North East,1,143866.76,23.753
WC60 5DE,Greater London,1,143304.39,11.873
PO13 4DE,South East,1,143087.72,11.871
B36 2BH,West Midlands,1,142830.47,11.869
NW36 1VP,Greater London,1,142710.12,35.606
WC9 3PE,Greater London,1,142598.04,35.603
GU66 7EX,South East,1,142571.15,23.735
WS91 8NV,West Midlands,1,142491.88,23.734
EC70 4AE,Greater London,1,142260.1,11.865
ST51 3VE,West Midlands,1,142095.41,11.864
DY23 8XA,West Midlands,1,142084.89,11.864
B36 5CR,West Midlands,1,142052.58,11.864
EX65 6NV,South West,1,141814.64,23.725
OX83 4RF,South East,1,141803.61,11.862
WC70 7BE,Greater London,1,141764.9,23.724
E5 5PZ,Greater London,1,141678.2,47.445
E77 4WJ,Greater London,1,141548.25,23.721
EX30 7SH,South West,1,141500.11,23.72
WA66 4RR,North West,1,141419.59,23.719
NP44 8NJ,Wales,1,141415.12,11.859
EC93 8BY,Greater London,1,141282.9,23.717
NN22 4EV,East Midlands,1,141272.88,23.717
WC98 6RX,Greater London,1,141068.84,23.714
OX11 2PZ,South East,1,140934.75,23.712
SE66 3DP,Greater London,1,140930.07,11.856
SE38 5JP,Greater London,1,140808.67,35.565
IP49 3ZF,East of England,1,140703.89,23.709
AB15 1RD,Scotland,1,140687.75,35.563
WC29 3BT,Greater London,1,140497.19,35.559
CV44 4VF,West Midlands,1,140422.73,23.705
OX80 4WR,South East,1,140388.33,35.557
W96 1ME,Greater London,1,140372.12,23.704
NG10 7CH,East Midlands,1,140233.6,23.702
PR80 1WG,North West,1,140096.76,23.7
IV47 6KN,Scotland,1,139982.37,11.849
LN58 8UC,East Midlands,1,139674.3,11.847
BT96 8KD,Northern Ireland,1,139625.24,35.54
LS3 6KG,Yorkshire and the Humber,1,139425.39,23.691
CH59 7FA,North West,1,139346.71,11.845
SW35 8YB,Greater London,1,139334.58,11.845
LS80 3HH,Yorkshire and the Humber,1,139325.82,35.534
BT97 2PR,Northern Ireland,1,139253.75,23.688
BN73 4UY,South East,1,139237.78,47.376
PO93 3HE,South East,1,139195.96,11.844
PO38 7TJ,South East,1,139061.73,11.843
PO60 4SV,South East,1,138908.79,35.525
HU63 2FD,Yorkshire and the Humber,1,138689.93,23.68
WS36 5RS,West Midlands,1,138543.2,11.839
BA65 8MS,South West,1,138541.82,11.839
CB97 6DN,East of England,1,138479.16,23.677
BD40 8EN,Yorkshire and the Humber,1,138133.16,23.672
TR48 6YE,South West,1,137974.32,11.835
DN11 2SX,Yorkshire and the Humber,1,137874.73,11.834
CV56 5HZ,West Midlands,1,137691.42,11.833
SE48 7GT,Greater London,1,137638.03,47.33
S23 1XW,Yorkshire and the Humber,1,137606.41,11.832
GU7 1AZ,South East,1,137309.4,23.66
M70 7ZV,North West,1,137299.7,23.66
G94 1XJ,Scotland,1,137184.14,11.829
N93 5GF,Greater London,1,137133.14,35.486
OX2 7ME,South East,1,137096.48,11.828
WN83 7RC,North West,1,136952.91,11.827
DD25 7AZ,Scotland,1,136926.96,11.827
NN6 1SJ,East Midlands,1,136876.91,23.654
CV36 1BA,West Midlands,1,136875.88,11.827
BL22 3EE,North West,1,136783.35,11.826
LE23 6JP,East Midlands,1,136610.74,23.65
SE6 5RA,Greater London,1,136595.69,23.65
CH26 3BV,North West,1,136587.81,23.649
PR3 8CC,North West,1,136534.82,23.649
ST69 6WB,West Midlands,1,136456.53,11.824
NW37 2CX,Greater London,1,136402.09,35.47
PR34 8ZX,North West,1,136260.4,11.822
PA84 3JM,Scotland,1,136209.95,35.466
N5 1PB,Greater London,1,136179.62,35.465
M90 1NX,North West,1,136120.32,23.643
E50 8CH,Greater London,1,136115.91,23.643
SE82 8KB,Greater London,1,135873.21,23.639
TR30 8TG,South West,1,135870.58,23.639
LS63 3ZF,Yorkshire and the Humber,1,135643.83,13.0
SR95 6ZD,North East,1,135555.71,35.451
RH28 8DC,South East,1,135482.51,11.817
CH97 3PH,North West,1,135392.49,35.448
WC23 8TD,Greater London,1,135364.26,23.631
PA33 5DY,Scotland,1,135237.73,23.63
SE80 3SA,Greater London,1,135117.87,11.814
G91 2GR,Scotland,1,135073.02,35.441
YO46 7AN,Yorkshire and the Humber,1,135033.59,11.813
PO62 5TG,South East,1,135021.54,23.626
N18 7PR,Greater London,1,134952.29,35.438
BD62 7FK,Yorkshire and the Humber,1,134769.46,11.811
EC14 4BN,Greater London,1,134466.92,11.809
N48 1FA,Greater London,1,134154.83,23.614
N79 6KN,Greater London,1,134033.18,11.806
WS73 7EC,West Midlands,1,133869.16,35.414
SW50 1KX,Greater London,1,133601.35,11.803
WS98 3BK,West Midlands,1,133442.18,23.603
BS57 5JJ,South West,1,133391.93,23.602
LU61 7UY,East of England,1,133294.11,11.8
S61 7DX,Yorkshire and the Humber,1,133286.35,23.601
W28 7TK,Greater London,1,133093.98,14.159
BL62 2BS,North West,1,133021.11,35.395
LS15 7DA,Yorkshire and the Humber,1,132924.88,23.595
LE46 2PN,East Midlands,1,132766.89,35.389
SY70 4RW,Wales,1,132749.96,11.796
SA4 3WV,Wales,1,132731.15,23.592
OX73 5ZK,South East,1,132675.88,23.591
BN20 6KA,South East,1,132583.17,23.59
NE40 2SG,North East,1,132341.81,23.586
B93 4ER,West Midlands,1,132335.03,11.793
WS66 4RG,West Midlands,1,132267.28,47.17
BB21 6KW,North West,1,132130.59,23.583
SR82 4JV,North East,1,131888.9,11.79
DD2 1XH,Scotland,1,131856.0,35.368
LD3 4TJ,Wales,1,131829.82,11.789
DY30 4RY,West Midlands,1,131327.81,11.785
N62 1TR,Greater London,1,131327.68,23.571
L91 1ZX,North West,1,131276.62,23.57
B67 5BP,West Midlands,1,131141.25,11.784
HG33 7JR,Yorkshire and the Humber,1,131136.97,11.784
LU24 2VT,East of England,1,130960.57,23.565
WA56 6PW,North West,1,130886.38,11.782
CB71 3CW,East of England,1,130797.72,47.126
WC50 3RB,Greater London,1,130764.37,47.125
NW98 2ZU,Greater London,1,130467.66,23.558
PR19 2XG,North West,1,130321.69,23.556
BA32 2MC,South West,1,130199.97,35.331
PA94 6CJ,Scotland,1,129886.59,23.549
BT78 6AV,Northern Ireland,1,129835.62,11.774
DN12 8GG,Yorkshire and the Humber,1,129821.51,23.548
NN20 8KJ,East Midlands,1,129638.26,35.318
NE72 1HY,North East,1,129631.49,23.545
SO7 4DX,South East,1,129605.21,35.317
DE52 3EU,East Midlands,1,129466.28,11.771
S69 2CZ,Yorkshire and the Humber,1,129267.1,11.77
BS21 1GM,South West,1,129035.34,23.536
PL81 1PP,South West,1,128703.92,11.765
BH75 7JA,South West,1,128685.66,35.295
TR22 5WK,South West,1,128463.38,35.29
TS65 6RX,North East,1,128444.79,11.763
PA60 2FG,Scotland,1,128441.22,35.29
WS58 7VN,West Midlands,1,128072.62,11.76
WS9 7GZ,West Midlands,1,127913.61,11.759
BA12 4SB,South West,1,127874.22,23.518
NE73 2CV,North East,1,127848.1,47.034
EC30 3ED,Greater London,1,127566.21,23.513
BB52 1MH,North West,1,127289.33,23.508
CV24 8JF,West Midlands,1,126818.57,35.252
BL12 8AK,North West,1,126811.28,11.75
B40 8SY,West Midlands,1,126799.46,23.501
TS94 7MR,North East,1,126505.63,23.496
SY43 3NW,Wales,1,126373.43,11.747
WC50 1JN,Greater London,1,126356.87,23.494
SE46 3ZE,Greater London,1,126240.54,23.492
AB85 3WE,Scotland,1,126190.99,11.746
E42 6EX,Greater London,1,126183.01,23.491
SE53 7DY,Greater London,1,125984.83,23.488
HG78 1PV,Yorkshire and the Humber,1,125865.18,11.743
RH53 7HG,South East,1,125435.92,23.479
BA46 2DK,South West,1,125272.03,23.477
SE11 6UD,Greater London,1,125175.54,11.737
LU23 4RH,East of England,1,125093.93,35.21
RH82 8JG,South East,1,124647.82,11.733
NW64 6RK,Greater London,1,124477.22,23.464
NG5 2AT,East Midlands,1,124282.67,11.73
G20 4TH,Scotland,1,124255.01,11.73
NR30 3BK,East of England,1,124185.28,35.189
WC62 6XG,Greater London,1,124098.8,11.729
EC25 7RP,Greater London,1,123974.15,11.728
NN64 6CR,East Midlands,1,123571.02,11.725
WC2 7AE,Greater London,1,123567.21,23.449
LN73 1KU,East Midlands,1,123361.53,23.446
SO89 3DP,South East,1,123229.79,11.722
EH23 1EY,Scotland,1,123206.58,11.722
LS23 4BY,Yorkshire and the Humber,1,123182.96,23.443
PA81 8EX,Scotland,1,123164.34,11.721
SY33 6ZX,Wales,1,122793.64,35.155
SW83 5YP,Greater London,1,122741.71,35.154
M45 8WZ,North West,1,122684.87,35.152
BA9 5AS,South West,1,122489.37,11.716
WC56 3ZU,Greater London,1,122367.6,35.144
HD69 4RE,Yorkshire and the Humber,1,122290.19,11.714
DY1 1ZN,West Midlands,1,122108.95,23.425
WA73 7ZS,North West,1,122086.91,11.712
G12 3UM,Scotland,1,122007.09,23.424
PR34 5KR,North West,1,121995.61,23.423
W23 1ET,Greater London,1,121761.94,11.71
GU87 8SB,South East,1,121303.53,23.412
NN61 3YM,East Midlands,1,121200.51,23.41
NW4 4AS,Greater London,1,121068.08,46.816
HU32 6PM,Yorkshire and the Humber,1,120969.93,11.703
DY97 4WZ,West Midlands,1,120797.85,11.702
WA38 2WU,North West,1,120213.81,23.394
B29 3NY,West Midlands,1,119932.28,23.389
PR3 4ZR,North West,1,119931.69,23.389
N49 3AY,Greater London,1,119885.66,23.389
L72 3AY,North West,1,119722.06,11.693
LE55 3JR,East Midlands,1,119466.75,11.691
BT84 8MV,Northern Ireland,1,119410.37,23.381
SA83 1XT,Wales,1,119261.02,11.689
IP84 7MV,East of England,1,119245.87,23.378
PR60 7FR,North West,1,119242.23,35.067
RH38 3KW,South East,1,119080.26,11.688
M10 2KR,North West,1,119017.62,11.687
W27 1UZ,Greater London,1,118747.69,11.685
BN46 4DA,South East,1,118515.14,35.048
N86 3EX,Greater London,1,118431.43,23.364
HG46 6FY,Yorkshire and the Humber,1,118317.35,23.362
TR30 8YN,South West,1,118172.36,11.68
SW24 3DS,Greater London,1,117876.04,11.677
B23 4VB,West Midlands,1,117743.38,11.676
AB79 6BH,Scotland,1,117546.56,46.698
RH54 7HP,South East,1,117436.75,23.347
BB88 2VG,North West,1,117412.07,23.347
PA62 2WF,Scotland,1,117256.73,11.672
EH16 4UJ,Scotland,1,116991.05,23.34
BB64 8DR,North West,1,116961.49,11.67
E19 5WA,Greater London,1,116911.55,23.338
NP76 4JC,Wales,1,116891.21,11.669
IP97 6JP,East of England,1,116729.0,46.67
WN83 6GW,North West,1,116723.59,11.668
G1 4EW,Scotland,1,116716.06,11.668
CH44 3TA,North West,1,116529.21,11.666
DL6 1YH,North East,1,116506.99,11.666
AB45 5AC,Scotland,1,116492.44,11.666
BN80 2HP,South East,1,116383.14,34.994
BD79 7PM,Yorkshire and the Humber,1,115913.86,23.321
IV51 3ZG,Scotland,1,115897.4,23.321
NE9 5WS,North East,1,115831.68,23.32
N22 8PG,Greater London,1,115789.95,34.979
W89 6YS,Greater London,1,115755.96,11.659
W5 3NW,Greater London,1,115678.23,23.317
AB20 1TW,Scotland,1,115656.87,23.317
SE77 6BB,Greater London,1,115614.71,34.974
HU4 1YM,Yorkshire and the Humber,1,115378.5,34.968
BB28 1NW,North West,1,115029.63,11.653
EH43 7EU,Scotland,1,114660.94,11.65
LD40 5XH,Wales,1,113775.51,11.642
PR88 5DJ,North West,1,113714.05,23.283
WC13 5JW,Greater London,1,113661.95,34.923
EC46 4XA,Greater London,1,113536.3,34.92
N84 8GT,Greater London,1,113490.94,34.918
BA60 6EA,South West,1,113015.36,34.906
DE23 5CP,East Midlands,1,112929.14,11.635
LD33 1HH,Wales,1,112632.15,23.264
WC66 1WC,Greater London,1,112481.26,11.631
BB45 6AA,North West,1,112053.98,23.253
PO82 6SM,South East,1,111716.9,11.624
BT6 2BP,Northern Ireland,1,110557.58,11.613
BT15 4ZA,Northern Ireland,1,110250.41,11.611
CV40 5NM,West Midlands,1,109721.03,34.817
DY77 8WC,West Midlands,1,109673.89,23.211
N21 7RM,Greater London,1,109639.72,23.21
NW24 1KA,Greater London,1,109621.04,11.605
WA65 4SV,North West,1,109455.4,34.81
IV78 5JV,Scotland,1,109443.46,23.206
DY8 6TN,West Midlands,1,109341.89,34.807
CO40 1AS,East of England,1,109035.62,11.599
GU91 8ZK,South East,1,108778.64,34.791
OX69 4KC,South East,1,108634.73,11.596
LN86 6MC,East Midlands,1,108372.96,11.593
BT34 4FF,Northern Ireland,1,108293.88,23.185
BB97 3XA,North West,1,108263.58,11.592
N72 6JW,Greater London,1,108230.98,11.592
EC7 8WU,Greater London,1,108191.57,11.592
LD28 5PN,Wales,1,107709.35,27.809
SE35 2XD,Greater London,1,107699.59,23.174
DY13 8EX,West Midlands,1,107541.7,23.171
SO24 7CV,South East,1,107233.55,23.166
BN84 4BV,South East,1,106984.46,23.161
SE56 3FR,Greater London,1,106793.17,46.315
LE75 7SV,East Midlands,1,106603.95,11.577
SW70 7FA,Greater London,1,106530.71,23.152
WN40 4BC,North West,1,106378.8,34.724
NW58 7MM,Greater London,1,106175.16,34.719
E48 7MV,Greater London,1,105878.02,11.57
RH37 2KS,South East,1,105836.36,23.139
BT3 1SY,Northern Ireland,1,105730.33,11.569
DE88 8HK,East Midlands,1,104815.04,11.56
DH7 7HE,North East,1,104669.69,11.559
WC85 5PH,Greater London,1,104515.94,11.557
B58 5AH,West Midlands,1,104432.02,23.113
LU76 5ZD,East of England,1,104424.56,11.556
N95 8NY,Greater London,1,104348.89,34.667
NR66 6DA,East of England,1,104116.11,11.553
DY67 6GZ,West Midlands,1,104103.77,11.553
IV91 4FT,Scotland,1,103632.49,11.549
EC22 7AK,Greater London,1,103252.8,11.545
PA90 2KV,Scotland,1,103232.79,11.545
SO71 2AX,South East,1,103094.09,34.63
EH24 6DU,Scotland,1,102985.57,23.085
IV53 2CD,Scotland,1,102973.18,23.084
BT57 2TU,Northern Ireland,1,102966.05,11.542
LU37 5GS,East of England,1,102725.46,34.619
HD83 1RY,Yorkshire and the Humber,1,102644.8,11.539
CF68 7KK,Wales,1,102317.03,11.536
ST54 6GB,West Midlands,1,102219.67,11.535
RH45 3RZ,South East,1,101987.96,23.065
B73 1DD,West Midlands,1,101961.8,11.532
RH8 8RB,South East,1,101953.8,11.532
E57 8MF,Greater London,1,101822.03,46.124
W58 5RR,Greater London,1,101685.43,46.119
TR63 3BV,South West,1,101384.97,11.527
WC28 4TY,Greater London,1,101308.02,11.526
PO43 2KR,South East,1,101223.42,11.525
RG56 8KJ,South East,1,100962.95,11.523
AB92 4KX,Scotland,1,100323.29,34.548
SY66 7EZ,Wales,1,100111.93,23.028
HD69 7NT,Yorkshire and the Humber,1,100077.0,11.514
NW68 4JR,Greater London,1,99407.47,46.028
SY10 1DX,Wales,1,98968.24,46.01
RG39 8XD,South East,1,98955.79,46.01
WC14 4DK,Greater London,1,98195.89,22.989
LL87 2MC,Wales,1,97861.9,22.983
SE92 1GS,Greater London,1,97771.03,22.981
S71 4FE,Yorkshire and the Humber,1,97542.14,45.952
LS93 4MC,Yorkshire and the Humber,1,97238.32,11.485
RH98 1KD,South East,1,97115.64,22.967
CO58 4AX,East of England,1,97007.17,34.448
EC71 2YC,Greater London,1,96991.59,22.965
CB10 1UH,East of England,1,96770.09,22.96
CO67 8JR,East of England,1,96388.84,34.428
WA63 3SV,North West,1,96201.09,11.474
WV73 1BG,West Midlands,1,96155.78,34.421
BL55 3TU,North West,1,96004.93,34.416
AL81 6KY,East of England,1,95848.32,34.412
W32 1FW,Greater London,1,95591.17,45.871
PL46 6VA,South West,1,95438.78,11.466
NW59 1GM,Greater London,1,95369.54,11.466
LE29 2AW,East Midlands,1,94907.63,11.461
IP77 6HW,East of England,1,94518.32,34.37
NG56 7SV,East Midlands,1,94392.41,22.91
BB92 5TB,North West,1,94392.21,11.455
E81 4GN,Greater London,1,93922.75,34.351
RG80 5NE,South East,1,93917.22,22.9
SW81 1PP,Greater London,1,93837.83,11.449
SE58 7SW,Greater London,1,93528.01,11.446
M20 4CN,North West,1,93132.96,22.884
B62 5DT,West Midlands,1,93062.57,11.441
BB23 8WE,North West,1,92724.73,11.437
PR40 2KK,North West,1,92313.52,11.433
N2 4PY,Greater London,1,90952.53,45.672
N62 8UE,Greater London,1,90931.98,11.418
WN23 2US,North West,1,90534.02,22.827
LD83 3ZE,Wales,1,90170.32,11.409
AB9 5KG,Scotland,1,90109.96,22.818
NR21 7WU,East of England,1,90011.88,11.408
E86 3CG,Greater London,1,89363.35,22.801
EC73 8GR,Greater London,1,89323.56,11.4
G56 1XF,Scotland,1,88418.24,11.39
SW51 2EE,Greater London,1,86831.7,11.372
S82 7ME,Yorkshire and the Humber,1,86534.48,11.368
PO25 5GZ,South East,1,86215.51,11.365
OX26 3EP,South East,1,86089.88,11.363
HU49 6FM,Yorkshire and the Humber,1,86063.19,34.089
AL83 1WU,East of England,1,85186.19,22.705
WS43 4CC,West Midlands,1,85158.56,34.057
M15 3EJ,North West,1,84883.49,22.698
NW90 4YM,Greater London,1,84814.56,22.696
NR31 2HA,East of England,1,84735.42,22.695
PO80 3BX,South East,1,84732.25,11.347
NN5 4DJ,East Midlands,1,83756.15,22.671
NW7 1TR,Greater London,1,83421.99,11.332
DN12 1BZ,Yorkshire and the Humber,1,83387.78,33.994
BL42 7BD,North West,1,83065.16,22.655
HU69 6GC,Yorkshire and the Humber,1,82512.16,22.641
SY88 7JB,Wales,1,82426.05,11.32
GU88 7RK,South East,1,81441.24,11.308
RG40 8PW,South East,1,80931.33,22.603
W48 3JP,Greater London,1,80358.31,22.589
PA62 8MV,Scotland,1,79497.52,11.283
E57 1MY,Greater London,1,78831.6,11.275
EH92 3CX,Scotland,1,78310.54,22.537
BT73 8SS,Northern Ireland,1,78295.3,11.268
RH91 4XD,South East,1,78194.38,22.534
NE33 7JT,North East,1,77343.96,22.512
N46 8DD,Greater London,1,76683.95,22.495
EC73 7UK,Greater London,1,75485.31,11.232
RG71 8JW,South East,1,75382.3,22.461
YO36 6MM,Yorkshire and the Humber,1,74981.41,33.675
W85 4DB,Greater London,1,74803.12,11.223
GU36 3JN,South East,1,74631.12,22.441
W21 2JW,Greater London,1,74485.43,11.218
SE14 1ST,Greater London,1,73725.1,44.832
AB9 2CG,Scotland,1,73109.92,22.399
BS19 2UR,South West,1,71758.62,22.362
AL44 1TV,East of England,1,71282.37,22.349
SA59 3VU,Wales,1,70766.01,22.334
NW13 2BJ,Greater London,1,70746.0,11.167
G76 3AY,Scotland,1,70228.66,44.638
IV69 6YM,Scotland,1,69540.9,11.15
PL81 2YR,South West,1,68766.35,22.277
CH72 7BK,North West,1,68093.35,11.129
NG72 6TD,East Midlands,1,66556.18,11.106
NW63 8UX,Greater London,1,66225.48,33.303
LU76 2AS,East of England,1,66092.83,22.198
IV4 7CV,Scotland,1,66028.74,22.196
W85 2NR,Greater London,1,65730.99,33.28
DN28 2RA,Yorkshire and the Humber,1,64421.38,11.073
GU21 8EN,South East,1,63560.43,33.179
BT59 8JX,Northern Ireland,1,63452.75,22.116
ST96 3JS,West Midlands,1,63222.57,33.163
BN51 3WX,South East,1,63041.43,22.103
SO82 2VB,South East,1,61952.01,11.034
SW19 3FN,Greater London,1,60221.67,11.006
PL29 6HV,South West,1,59963.72,11.002
BT21 4BG,Northern Ireland,1,58607.85,21.957
CO89 5TC,East of England,1,58474.27,32.929
EC78 2EF,Greater London,1,57165.97,32.861
AB6 8ZS,Scotland,1,56345.38,21.879
HD41 2HC,Yorkshire and the Humber,1,55734.03,10.928
EH80 2DG,Scotland,1,54249.89,21.803
BL54 8PH,North West,1,53065.29,21.759
GL55 6GW,South West,1,44022.42,32.077
EX24 4XE,South West,1,43627.58,10.683
SW89 1TP,Greater London,1,40162.85,21.201
WA4 7AH,North West,1,38578.78,21.121
WV34 4MF,West Midlands,1,33915.25,10.432
DD75 7NN,Scotland,1,31132.05,10.346
BN66 4EH,South East,1,29869.99,41.219
LN73 1MS,East Midlands,1,28488.04,30.772
S40 7GT,Yorkshire and the Humber,1,28217.51,10.248
DY85 2CM,West Midlands,1,27683.32,10.229
HG75 2NW,Yorkshire and the Humber,1,25898.06,30.486
EX23 1MV,South West,1,17678.64,9.78
WN55 6HE,North West,1,13825.44,9.534
